mode,listener_id,boundary_index,freq_hz,signed_bias_db
isophon,1,1,250.0,-9.297087847764658
isophon,1,1,500.0,-3.390768683246371
isophon,1,1,750.0,-4.196053132097681
isophon,1,1,1000.0,1.7847488002461223
isophon,1,1,1500.0,1.024423995177834
isophon,1,1,2000.0,-10.517363982105657
isophon,1,1,3000.0,-9.698248092589182
isophon,1,1,4000.0,-22.69924807072799
isophon,1,1,6000.0,1.3119988366348565
isophon,1,1,8000.0,10.237687614852263
isophon,1,2,250.0,-5.804012892464208
isophon,1,2,500.0,7.853689567284306
isophon,1,2,750.0,4.70733055496364
isophon,1,2,1000.0,2.7180947084482483
isophon,1,2,1500.0,16.397025929645668
isophon,1,2,2000.0,-0.6944161250365966
isophon,1,2,3000.0,2.25413382066143
isophon,1,2,4000.0,-3.1297917822588914
isophon,1,2,6000.0,3.2934488959620154
isophon,1,2,8000.0,18.916644569054277
isophon,1,3,250.0,-1.5230897878149676
isophon,1,3,500.0,4.880553846855371
isophon,1,3,750.0,8.566869819199631
isophon,1,3,1000.0,2.1595229256077673
isophon,1,3,1500.0,9.31242874161017
isophon,1,3,2000.0,-1.2527356136327583
isophon,1,3,3000.0,-0.10479027471340885
isophon,1,3,4000.0,-9.599399608131307
isophon,1,3,6000.0,7.804170279697303
isophon,1,3,8000.0,19.491917724908014
isophon,1,4,250.0,-7.48067234228904
isophon,1,4,500.0,-0.9082269041147555
isophon,1,4,750.0,2.642253923331623
isophon,1,4,1000.0,-1.9570321997954636
isophon,1,4,1500.0,7.810826379495381
isophon,1,4,2000.0,-11.177199581394262
isophon,1,4,3000.0,-2.2982040519584217
isophon,1,4,4000.0,-4.5355399353966845
isophon,1,4,6000.0,10.853842291353274
isophon,1,4,8000.0,16.31978965206614
isophon,1,5,250.0,-2.8622646473650093
isophon,1,5,500.0,10.907632299664996
isophon,1,5,750.0,9.513122762459588
isophon,1,5,1000.0,2.7832262698127295
isophon,1,5,1500.0,8.891405805276534
isophon,1,5,2000.0,-10.854748496203669
isophon,1,5,3000.0,-3.4261908220473174
isophon,1,5,4000.0,-5.9866404811772895
isophon,1,5,6000.0,-1.9550305102799257
isophon,1,5,8000.0,1.4253128698222497
isophon,1,6,250.0,0.45733803885237023
isophon,1,6,500.0,1.21158909431945
isophon,1,6,750.0,-3.4682722433385464
isophon,1,6,1000.0,3.499715156110156
isophon,1,6,1500.0,2.4599394877663343
isophon,1,6,2000.0,-4.7619956550728375
isophon,1,6,3000.0,3.269969347551907
isophon,1,6,4000.0,-3.4069003987187045
isophon,1,6,6000.0,6.024994273456841
isophon,1,6,8000.0,10.041101505949229
isophon,1,7,250.0,5.208170977760048
isophon,1,7,500.0,-7.03388827980865
isophon,1,7,750.0,-3.8349622922432047
isophon,1,7,1000.0,0.2800197459391285
isophon,1,7,1500.0,-2.15677680892793
isophon,1,7,2000.0,-6.996911281704641
isophon,1,7,3000.0,5.279280721431633
isophon,1,7,4000.0,1.0911806709549978
isophon,1,7,6000.0,8.58931363902208
isophon,1,7,8000.0,3.8441039462554443
isophon,1,8,250.0,-0.1870879937992811
isophon,1,8,500.0,-3.985473697416566
isophon,1,8,750.0,-2.4260199330327907
isophon,1,8,1000.0,0.9750884184396966
isophon,1,8,1500.0,-0.17262211833377705
isophon,1,8,2000.0,-4.610399129667854
isophon,1,8,3000.0,7.177895414741442
isophon,1,8,4000.0,-2.261004301731532
isophon,1,8,6000.0,5.666578889823441
isophon,1,8,8000.0,4.6157793023945715
isophon,1,9,250.0,0.9719966348512656
isophon,1,9,500.0,-2.1508743061252744
isophon,1,9,750.0,-0.4545761262898935
isophon,1,9,1000.0,0.954571202201123
isophon,1,9,1500.0,2.04394734936011
isophon,1,9,2000.0,-2.0383911960519896
isophon,1,9,3000.0,9.053033516004504
isophon,1,9,4000.0,-3.421600633347424
isophon,1,9,6000.0,2.1499136687143334
isophon,1,9,8000.0,4.39668369358175
isophon,1,10,250.0,2.7889573427854515
isophon,1,10,500.0,-0.8913463896901277
isophon,1,10,750.0,-1.2101978326786167
isophon,1,10,1000.0,-0.04036034785869447
isophon,1,10,1500.0,1.553824542445028
isophon,1,10,2000.0,-4.165692751617442
isophon,1,10,3000.0,8.5866785724739
isophon,1,10,4000.0,-2.4088063995691016
isophon,1,10,6000.0,4.008945121930182
isophon,1,10,8000.0,3.6189103130400184
isophon,2,1,250.0,6.487833423684801
isophon,2,1,500.0,6.032510854305386
isophon,2,1,750.0,-3.3159308839527206
isophon,2,1,1000.0,6.1613575767063935
isophon,2,1,1500.0,-1.1853779953219554
isophon,2,1,2000.0,-2.2667719669070365
isophon,2,1,3000.0,8.215331902009655
isophon,2,1,4000.0,4.957360792275555
isophon,2,1,6000.0,11.18803741775579
isophon,2,1,8000.0,32.55413683491559
isophon,2,2,250.0,6.684836091164243
isophon,2,2,500.0,9.742008582010314
isophon,2,2,750.0,-3.79848883545111
isophon,2,2,1000.0,-2.664370776340064
isophon,2,2,1500.0,-3.9609500644878466
isophon,2,2,2000.0,4.954665623160757
isophon,2,2,3000.0,11.053593409060515
isophon,2,2,4000.0,8.55101181645766
isophon,2,2,6000.0,15.820543873753905
isophon,2,2,8000.0,20.127325915276458
isophon,2,3,250.0,9.737649249581565
isophon,2,3,500.0,7.138637487113613
isophon,2,3,750.0,-6.34091573801922
isophon,2,3,1000.0,3.2670771215894376
isophon,2,3,1500.0,-5.356161423661632
isophon,2,3,2000.0,-15.500084717411681
isophon,2,3,3000.0,5.381910957511174
isophon,2,3,4000.0,-1.913825707409103
isophon,2,3,6000.0,7.754335441047516
isophon,2,3,8000.0,22.14616840603386
isophon,2,4,250.0,14.26455339217
isophon,2,4,500.0,0.12926340691575433
isophon,2,4,750.0,0.5317692675942425
isophon,2,4,1000.0,1.009950705721252
isophon,2,4,1500.0,-1.141677380237084
isophon,2,4,2000.0,-8.35736813055098
isophon,2,4,3000.0,2.783595922666251
isophon,2,4,4000.0,-1.7856198949643556
isophon,2,4,6000.0,-1.8547399304208483
isophon,2,4,8000.0,5.893867517033186
isophon,2,5,250.0,1.0006548584853618
isophon,2,5,500.0,2.8781946510619605
isophon,2,5,750.0,0.7354841905309968
isophon,2,5,1000.0,5.810614447030105
isophon,2,5,1500.0,0.32849696299705045
isophon,2,5,2000.0,-7.892704253296017
isophon,2,5,3000.0,-1.7023419676743714
isophon,2,5,4000.0,-3.814473262306464
isophon,2,5,6000.0,-3.3120114773799543
isophon,2,5,8000.0,7.546870970577601
isophon,2,6,250.0,9.1019706665018
isophon,2,6,500.0,2.8675167954682337
isophon,2,6,750.0,-0.9156314695441523
isophon,2,6,1000.0,-0.21177353125897014
isophon,2,6,1500.0,1.0529154996587522
isophon,2,6,2000.0,-6.194491785388436
isophon,2,6,3000.0,-0.27949029034184036
isophon,2,6,4000.0,-2.5294871431012496
isophon,2,6,6000.0,0.5259239601275851
isophon,2,6,8000.0,0.020745258430494573
isophon,2,7,250.0,13.567377013656952
isophon,2,7,500.0,7.2993371512327485
isophon,2,7,750.0,0.529710929325816
isophon,2,7,1000.0,0.4399628870995258
isophon,2,7,1500.0,5.343752795784468
isophon,2,7,2000.0,0.2624298209263145
isophon,2,7,3000.0,2.385171963588803
isophon,2,7,4000.0,2.3016340958506873
isophon,2,7,6000.0,2.018132792546666
isophon,2,7,8000.0,3.108256615965189
isophon,2,8,250.0,10.420358968067333
isophon,2,8,500.0,8.64227258748437
isophon,2,8,750.0,3.6341066429561124
isophon,2,8,1000.0,2.611720540785143
isophon,2,8,1500.0,5.816572109698427
isophon,2,8,2000.0,1.5614235723335952
isophon,2,8,3000.0,3.26690432072472
isophon,2,8,4000.0,0.710024439589489
isophon,2,8,6000.0,4.680762177059023
isophon,2,8,8000.0,6.439839194657935
isophon,2,9,250.0,7.421065686322251
isophon,2,9,500.0,9.352764340147672
isophon,2,9,750.0,6.078393561734842
isophon,2,9,1000.0,3.9353817648971585
isophon,2,9,1500.0,2.3737463108553385
isophon,2,9,2000.0,1.8901953094941462
isophon,2,9,3000.0,6.161220114344047
isophon,2,9,4000.0,0.9888934876029367
isophon,2,9,6000.0,5.506529601443432
isophon,2,9,8000.0,8.687191027137587
isophon,2,10,250.0,3.441249214274592
isophon,2,10,500.0,10.652797424695109
isophon,2,10,750.0,6.830136279743357
isophon,2,10,1000.0,3.4600409617147108
isophon,2,10,1500.0,2.2405061145726535
isophon,2,10,2000.0,2.9761430851063864
isophon,2,10,3000.0,6.446083892309986
isophon,2,10,4000.0,1.4890399151390596
isophon,2,10,6000.0,4.608370273791365
isophon,2,10,8000.0,10.580902298612514
isophon,3,1,250.0,28.609951168474524
isophon,3,1,500.0,9.34988786427508
isophon,3,1,750.0,1.1315289704695441
isophon,3,1,1000.0,5.392864097026511
isophon,3,1,1500.0,-2.648735328317162
isophon,3,1,2000.0,-3.1338378543391556
isophon,3,1,3000.0,-11.084539341802277
isophon,3,1,4000.0,-6.504566833600915
isophon,3,1,6000.0,4.460402349309497
isophon,3,1,8000.0,-11.65625418625137
isophon,3,2,250.0,11.041346652418312
isophon,3,2,500.0,-3.705892404860883
isophon,3,2,750.0,12.853830408366296
isophon,3,2,1000.0,6.054872166652551
isophon,3,2,1500.0,-2.679856053476442
isophon,3,2,2000.0,-8.818447175841982
isophon,3,2,3000.0,-0.18694177551940783
isophon,3,2,4000.0,0.23040078573705003
isophon,3,2,6000.0,2.4468361002558296
isophon,3,2,8000.0,-1.4294950890461458
isophon,3,3,250.0,5.660062525060837
isophon,3,3,500.0,4.392941236158649
isophon,3,3,750.0,11.984277161617541
isophon,3,3,1000.0,3.1389716519760142
isophon,3,3,1500.0,-4.4456407548304995
isophon,3,3,2000.0,-7.425068006102741
isophon,3,3,3000.0,4.933009465523227
isophon,3,3,4000.0,8.430172456745865
isophon,3,3,6000.0,5.821276963058729
isophon,3,3,8000.0,0.7082637718232547
isophon,3,4,250.0,-0.7877706204174046
isophon,3,4,500.0,3.247416521592072
isophon,3,4,750.0,8.733643862813828
isophon,3,4,1000.0,-0.3585937323450139
isophon,3,4,1500.0,-2.7414479770342552
isophon,3,4,2000.0,-2.7420788114389154
isophon,3,4,3000.0,-2.0173998847734254
isophon,3,4,4000.0,0.31068052128539136
isophon,3,4,6000.0,-0.40651771323555863
isophon,3,4,8000.0,-6.131457118867878
isophon,3,5,250.0,1.5897953791956638
isophon,3,5,500.0,0.38509817761965337
isophon,3,5,750.0,-5.642384505651137
isophon,3,5,1000.0,-3.88457717415082
isophon,3,5,1500.0,-6.169730946794118
isophon,3,5,2000.0,-2.242250557521757
isophon,3,5,3000.0,2.392363525792277
isophon,3,5,4000.0,3.5254783610135263
isophon,3,5,6000.0,-4.089951869764832
isophon,3,5,8000.0,-8.950873809673752
isophon,3,6,250.0,-4.77030907171121
isophon,3,6,500.0,1.313691846141026
isophon,3,6,750.0,-5.995794551826137
isophon,3,6,1000.0,1.2343048528707072
isophon,3,6,1500.0,-0.006863047626978869
isophon,3,6,2000.0,-1.4465189463205235
isophon,3,6,3000.0,4.034025612432941
isophon,3,6,4000.0,-0.2813091031176782
isophon,3,6,6000.0,-7.19184413757641
isophon,3,6,8000.0,-2.000699478111869
isophon,3,7,250.0,-2.8503511136975277
isophon,3,7,500.0,-3.7409519727372356
isophon,3,7,750.0,-6.868314373910948
isophon,3,7,1000.0,2.5422515365508502
isophon,3,7,1500.0,1.2741521085481935
isophon,3,7,2000.0,-0.009825334006094977
isophon,3,7,3000.0,1.4265784722931016
isophon,3,7,4000.0,-1.9857940176953264
isophon,3,7,6000.0,-7.256745235334492
isophon,3,7,8000.0,-1.491618760573317
isophon,3,8,250.0,-2.9575077570113137
isophon,3,8,500.0,-1.1833394290848247
isophon,3,8,750.0,-4.22889970686154
isophon,3,8,1000.0,4.524200281356983
isophon,3,8,1500.0,2.5411155789215485
isophon,3,8,2000.0,1.895517168554477
isophon,3,8,3000.0,4.6251072098122705
isophon,3,8,4000.0,1.933949433859965
isophon,3,8,6000.0,-4.779211059583872
isophon,3,8,8000.0,-0.5865856162409244
isophon,3,9,250.0,-2.60019544914762
isophon,3,9,500.0,-0.09074572406056802
isophon,3,9,750.0,-1.600285917626934
isophon,3,9,1000.0,5.497093773985171
isophon,3,9,1500.0,3.699997401088382
isophon,3,9,2000.0,1.1400262359715754
isophon,3,9,3000.0,7.534714259231976
isophon,3,9,4000.0,3.5992339080922306
isophon,3,9,6000.0,-1.439590662574048
isophon,3,9,8000.0,0.26887515395748096
isophon,3,10,250.0,-3.4679371510631682
isophon,3,10,500.0,2.521048258899654
isophon,3,10,750.0,-2.9401051348452683
isophon,3,10,1000.0,8.718385333531884
isophon,3,10,1500.0,5.759612123075911
isophon,3,10,2000.0,4.479435882727401
isophon,3,10,3000.0,4.356908584343259
isophon,3,10,4000.0,2.4399444906801477
isophon,3,10,6000.0,-4.8678068004958845
isophon,3,10,8000.0,-6.508106074441912
isophon,4,1,250.0,-9.567183112812984
isophon,4,1,500.0,13.03624475179349
isophon,4,1,750.0,0.44065083151048334
isophon,4,1,1000.0,4.505238717652258
isophon,4,1,1500.0,8.414833436591884
isophon,4,1,2000.0,14.45074131519307
isophon,4,1,3000.0,-0.9228546754809699
isophon,4,1,4000.0,-7.206668679501448
isophon,4,1,6000.0,-11.610925444065217
isophon,4,1,8000.0,-14.307881026679816
isophon,4,2,250.0,-6.686819792445718
isophon,4,2,500.0,9.389070096360584
isophon,4,2,750.0,3.7155688505381015
isophon,4,2,1000.0,-1.4493862860076376
isophon,4,2,1500.0,1.4787366887004154
isophon,4,2,2000.0,-3.0748448876715457
isophon,4,2,3000.0,3.2985518645184655
isophon,4,2,4000.0,-1.4128444193106802
isophon,4,2,6000.0,-13.012360179163942
isophon,4,2,8000.0,-7.888641936814359
isophon,4,3,250.0,0.19043123867957945
isophon,4,3,500.0,-0.23779823471041084
isophon,4,3,750.0,5.640688028507611
isophon,4,3,1000.0,-4.130056762840553
isophon,4,3,1500.0,1.9885720456654425
isophon,4,3,2000.0,4.279390797438758
isophon,4,3,3000.0,0.22710409556389521
isophon,4,3,4000.0,-3.384659491570744
isophon,4,3,6000.0,-9.179711113895927
isophon,4,3,8000.0,-11.139744087071023
isophon,4,4,250.0,-5.80992303032383
isophon,4,4,500.0,1.5782832671986924
isophon,4,4,750.0,4.6661759726920735
isophon,4,4,1000.0,0.3756011333631264
isophon,4,4,1500.0,5.812992150506496
isophon,4,4,2000.0,1.7692860180009902
isophon,4,4,3000.0,0.4247793144132572
isophon,4,4,4000.0,-2.871225562785618
isophon,4,4,6000.0,-7.520774055284178
isophon,4,4,8000.0,-8.454892384056734
isophon,4,5,250.0,-13.656886450621215
isophon,4,5,500.0,-0.93141817935944
isophon,4,5,750.0,-1.0295258066744282
isophon,4,5,1000.0,2.40671618986201
isophon,4,5,1500.0,1.6529527076479553
isophon,4,5,2000.0,-7.826730555184042
isophon,4,5,3000.0,-12.387452155596193
isophon,4,5,4000.0,-6.609383300533693
isophon,4,5,6000.0,-5.995872570140989
isophon,4,5,8000.0,-5.352923928473615
isophon,4,6,250.0,-4.564527273389103
isophon,4,6,500.0,1.473622094642451
isophon,4,6,750.0,-3.9720350669411317
isophon,4,6,1000.0,0.9483790732255102
isophon,4,6,1500.0,2.790626782308891
isophon,4,6,2000.0,-7.048707201270304
isophon,4,6,3000.0,-4.143911566028422
isophon,4,6,4000.0,0.0789673746475188
isophon,4,6,6000.0,-0.47786800931358187
isophon,4,6,8000.0,-15.549963759469165
isophon,4,7,250.0,-2.341260453721901
isophon,4,7,500.0,4.092436729746225
isophon,4,7,750.0,0.29324611009622004
isophon,4,7,1000.0,3.483606946787404
isophon,4,7,1500.0,5.519588780837026
isophon,4,7,2000.0,-7.197059700070227
isophon,4,7,3000.0,-0.026602618748540863
isophon,4,7,4000.0,4.948638147410392
isophon,4,7,6000.0,-2.340527284513996
isophon,4,7,8000.0,-16.797634900695712
isophon,4,8,250.0,-1.9051982425478116
isophon,4,8,500.0,4.1415795117423215
isophon,4,8,750.0,1.2996695159983176
isophon,4,8,1000.0,2.16595641262613
isophon,4,8,1500.0,7.027892622977404
isophon,4,8,2000.0,-3.3428176827124503
isophon,4,8,3000.0,2.9508202326272794
isophon,4,8,4000.0,2.897346932392338
isophon,4,8,6000.0,0.6402627738500541
isophon,4,8,8000.0,-12.083068771486353
isophon,4,9,250.0,-2.3584175260979805
isophon,4,9,500.0,4.374331409859963
isophon,4,9,750.0,-1.4039350161459794
isophon,4,9,1000.0,3.465400803058756
isophon,4,9,1500.0,7.055418501149347
isophon,4,9,2000.0,-1.0866871918276786
isophon,4,9,3000.0,4.493834858307267
isophon,4,9,4000.0,0.07058802036723932
isophon,4,9,6000.0,5.232906873043561
isophon,4,9,8000.0,-7.745310803485353
isophon,4,10,250.0,0.3043440027841626
isophon,4,10,500.0,2.527099220711847
isophon,4,10,750.0,-4.405757603957909
isophon,4,10,1000.0,2.5496268410935414
isophon,4,10,1500.0,6.44635706018515
isophon,4,10,2000.0,0.9523321098711932
isophon,4,10,3000.0,5.969856035214306
isophon,4,10,4000.0,-2.773233180008731
isophon,4,10,6000.0,9.024544154363213
isophon,4,10,8000.0,-5.028818864187059
isophon,5,1,250.0,-5.200477797474072
isophon,5,1,500.0,0.2922428995158697
isophon,5,1,750.0,3.2881766885959944
isophon,5,1,1000.0,1.3568724837744774
isophon,5,1,1500.0,10.614678688049317
isophon,5,1,2000.0,13.587648523031476
isophon,5,1,3000.0,7.1361492242395705
isophon,5,1,4000.0,-5.662886288518582
isophon,5,1,6000.0,-18.381456410411715
isophon,5,1,8000.0,-32.75302862501955
isophon,5,2,250.0,-1.5522714798728927
isophon,5,2,500.0,-0.987896120132369
isophon,5,2,750.0,-3.7153912766352803
isophon,5,2,1000.0,12.27417454882156
isophon,5,2,1500.0,7.774632811767635
isophon,5,2,2000.0,9.239850047752576
isophon,5,2,3000.0,0.23659175644169395
isophon,5,2,4000.0,-8.938328191233225
isophon,5,2,6000.0,-10.677494441174346
isophon,5,2,8000.0,-16.60326542178651
isophon,5,3,250.0,-6.5948310873558285
isophon,5,3,500.0,0.1544835197402108
isophon,5,3,750.0,0.452900658901612
isophon,5,3,1000.0,-3.6545338746636844
isophon,5,3,1500.0,-0.26115699163854345
isophon,5,3,2000.0,2.82836879634543
isophon,5,3,3000.0,-2.0001093327938406
isophon,5,3,4000.0,-3.6068193409281406
isophon,5,3,6000.0,-11.38987166720652
isophon,5,3,8000.0,-11.11079440511817
isophon,5,4,250.0,-2.3585406626927607
isophon,5,4,500.0,6.337689385709837
isophon,5,4,750.0,1.5321279434494102
isophon,5,4,1000.0,-4.652451488131646
isophon,5,4,1500.0,-2.1824744044023134
isophon,5,4,2000.0,-2.911423466297933
isophon,5,4,3000.0,0.0963315934704454
isophon,5,4,4000.0,-1.315953164405144
isophon,5,4,6000.0,-0.3994076174270589
isophon,5,4,8000.0,-0.5577880853634412
isophon,5,5,250.0,-5.2010548128928775
isophon,5,5,500.0,3.3806544313394937
isophon,5,5,750.0,8.370326709863406
isophon,5,5,1000.0,1.1656443339888654
isophon,5,5,1500.0,-0.2992469158494657
isophon,5,5,2000.0,-0.45737784576104445
isophon,5,5,3000.0,-0.05213110598938897
isophon,5,5,4000.0,5.068819509481656
isophon,5,5,6000.0,7.758559753988692
isophon,5,5,8000.0,5.3398031745291945
isophon,5,6,250.0,1.9759603548459665
isophon,5,6,500.0,6.898382420820141
isophon,5,6,750.0,5.812899924009145
isophon,5,6,1000.0,0.4565637184542908
isophon,5,6,1500.0,2.7797078281738266
isophon,5,6,2000.0,1.2529335886953277
isophon,5,6,3000.0,0.5691686738728663
isophon,5,6,4000.0,1.1196503744925508
isophon,5,6,6000.0,5.21394783741421
isophon,5,6,8000.0,-1.9753780553820377
isophon,5,7,250.0,2.88734956202714
isophon,5,7,500.0,10.398018325797523
isophon,5,7,750.0,5.910071842641415
isophon,5,7,1000.0,0.5923787645935903
isophon,5,7,1500.0,0.4632033115787948
isophon,5,7,2000.0,-5.774058936711867
isophon,5,7,3000.0,-3.8234028407621423
isophon,5,7,4000.0,0.9166708376053805
isophon,5,7,6000.0,4.0781585380869245
isophon,5,7,8000.0,-4.843072594567957
isophon,5,8,250.0,2.101945392358644
isophon,5,8,500.0,9.37488702902425
isophon,5,8,750.0,4.815946302376389
isophon,5,8,1000.0,-1.7127644414364198
isophon,5,8,1500.0,-2.0107535970556114
isophon,5,8,2000.0,-3.3233603231936115
isophon,5,8,3000.0,-4.1996327866394125
isophon,5,8,4000.0,-3.8835708930492387
isophon,5,8,6000.0,-1.193180659638088
isophon,5,8,8000.0,-11.856477903483366
isophon,5,9,250.0,1.2501497441112548
isophon,5,9,500.0,8.017393178804767
isophon,5,9,750.0,2.757719154637627
isophon,5,9,1000.0,-1.796512045720064
isophon,5,9,1500.0,-4.1735902358641255
isophon,5,9,2000.0,-4.306735761200812
isophon,5,9,3000.0,-4.970763455746592
isophon,5,9,4000.0,-9.774303006134645
isophon,5,9,6000.0,-3.28224373228187
isophon,5,9,8000.0,-14.366620526784871
isophon,5,10,250.0,-0.7421760327526528
isophon,5,10,500.0,-2.0360006531788883
isophon,5,10,750.0,-3.4543167114257756
isophon,5,10,1000.0,-5.948483749820184
isophon,5,10,1500.0,-5.459397888183588
isophon,5,10,2000.0,-3.562583104877092
isophon,5,10,3000.0,-6.342093295135697
isophon,5,10,4000.0,-7.8756799592482025
isophon,5,10,6000.0,-3.595572309397511
isophon,5,10,8000.0,-10.298788500854172
isophon,6,1,250.0,-10.451874221437734
isophon,6,1,500.0,-13.410515801003584
isophon,6,1,750.0,6.766902635001634
isophon,6,1,1000.0,5.744311637878418
isophon,6,1,1500.0,1.1817286728258303
isophon,6,1,2000.0,-12.644082918959967
isophon,6,1,3000.0,-7.967612541501801
isophon,6,1,4000.0,-12.8465902625226
isophon,6,1,6000.0,6.450549366781825
isophon,6,1,8000.0,9.560814208984375
isophon,6,2,250.0,-7.933546655020734
isophon,6,2,500.0,-12.034228368101978
isophon,6,2,750.0,-2.5946247965636857
isophon,6,2,1000.0,-5.219152902459719
isophon,6,2,1500.0,-3.5468829713501258
isophon,6,2,2000.0,0.4833304591383012
isophon,6,2,3000.0,5.4737914046694165
isophon,6,2,4000.0,0.07544480804778075
isophon,6,2,6000.0,10.105134171612274
isophon,6,2,8000.0,8.276742903603356
isophon,6,3,250.0,-5.054297918293656
isophon,6,3,500.0,-8.099709181935864
isophon,6,3,750.0,1.6600988679302802
isophon,6,3,1000.0,1.40336595533266
isophon,6,3,1500.0,-3.1197114841198754
isophon,6,3,2000.0,2.8766256783408295
isophon,6,3,3000.0,6.812574936371362
isophon,6,3,4000.0,-1.4934943755710037
isophon,6,3,6000.0,4.449648131871697
isophon,6,3,8000.0,-4.407974307360874
isophon,6,4,250.0,-5.523900553158796
isophon,6,4,500.0,-3.005635088641256
isophon,6,4,750.0,3.1255370418936366
isophon,6,4,1000.0,5.521306209140562
isophon,6,4,1500.0,-2.0601899629985496
isophon,6,4,2000.0,1.127297016922597
isophon,6,4,3000.0,4.8696512277097455
isophon,6,4,4000.0,-0.4693762585871326
isophon,6,4,6000.0,-6.746612749009074
isophon,6,4,8000.0,-11.376716949301738
isophon,6,5,250.0,6.57207797854069
isophon,6,5,500.0,5.755159664707591
isophon,6,5,750.0,1.9387309961472
isophon,6,5,1000.0,-0.015451410615980876
isophon,6,5,1500.0,-3.5027730615560415
isophon,6,5,2000.0,3.099756662212968
isophon,6,5,3000.0,2.36540765233687
isophon,6,5,4000.0,-11.470372805157254
isophon,6,5,6000.0,-6.874625058897706
isophon,6,5,8000.0,-21.929909089705546
isophon,6,6,250.0,-0.5006068203062171
isophon,6,6,500.0,8.107547698074114
isophon,6,6,750.0,5.098290675299381
isophon,6,6,1000.0,-4.860945067287119
isophon,6,6,1500.0,-1.7854139929904704
isophon,6,6,2000.0,1.001554755668593
isophon,6,6,3000.0,-0.9748776844801483
isophon,6,6,4000.0,-8.568154003133415
isophon,6,6,6000.0,-0.14405478485083734
isophon,6,6,8000.0,-10.86256686558444
isophon,6,7,250.0,-3.82796490473919
isophon,6,7,500.0,8.758113409403933
isophon,6,7,750.0,8.285556392336161
isophon,6,7,1000.0,-0.07476129043165258
isophon,6,7,1500.0,1.3684231176925579
isophon,6,7,2000.0,3.7801054289971887
isophon,6,7,3000.0,3.0393556305054403
isophon,6,7,4000.0,-6.8334556617129465
isophon,6,7,6000.0,1.7013417916225677
isophon,6,7,8000.0,-9.055661886818399
isophon,6,8,250.0,-2.1126977007845227
isophon,6,8,500.0,6.520799223999163
isophon,6,8,750.0,7.662089634869162
isophon,6,8,1000.0,-4.792011487846835
isophon,6,8,1500.0,-1.2170802388339155
isophon,6,8,2000.0,-0.37579130366178504
isophon,6,8,3000.0,2.569820644204256
isophon,6,8,4000.0,-6.2792957356995345
isophon,6,8,6000.0,0.9065123981601886
isophon,6,8,8000.0,-8.401124254232187
isophon,6,9,250.0,-1.5076469116096405
isophon,6,9,500.0,2.502442191396142
isophon,6,9,750.0,0.95160012152418
isophon,6,9,1000.0,-7.542166748046881
isophon,6,9,1500.0,1.2150981368569376
isophon,6,9,2000.0,-3.887190780681337
isophon,6,9,3000.0,-0.07810505733023376
isophon,6,9,4000.0,-7.648157540422503
isophon,6,9,6000.0,-2.3932281609617974
isophon,6,9,8000.0,-7.635964808834913
isophon,6,10,250.0,0.29384360373671825
isophon,6,10,500.0,3.9245335476717855
isophon,6,10,750.0,1.8800465946714695
isophon,6,10,1000.0,-4.719731903076166
isophon,6,10,1500.0,2.6338425653291893
isophon,6,10,2000.0,-4.748195540805526
isophon,6,10,3000.0,-4.394632500185409
isophon,6,10,4000.0,-6.047659236628533
isophon,6,10,6000.0,-2.292900934503635
isophon,6,10,8000.0,-6.747541046142572
isophon,7,1,250.0,-4.38323261324409
isophon,7,1,500.0,-8.846701522855298
isophon,7,1,750.0,6.459642141740236
isophon,7,1,1000.0,0.032087491810919744
isophon,7,1,1500.0,-7.408601251073531
isophon,7,1,2000.0,16.90390299371349
isophon,7,1,3000.0,-17.601728041726677
isophon,7,1,4000.0,-6.208327953822668
isophon,7,1,6000.0,-12.363137907563853
isophon,7,1,8000.0,-8.435272290567422
isophon,7,2,250.0,-6.038518355753453
isophon,7,2,500.0,0.7137775539856932
isophon,7,2,750.0,9.154997699355523
isophon,7,2,1000.0,1.4833656620375564
isophon,7,2,1500.0,0.679830499793141
isophon,7,2,2000.0,-2.342592658220312
isophon,7,2,3000.0,2.0136459036170677
isophon,7,2,4000.0,-4.978833130613346
isophon,7,2,6000.0,-10.71769571187427
isophon,7,2,8000.0,-17.111274981379566
isophon,7,3,250.0,-9.864124244827607
isophon,7,3,500.0,-4.970646562829003
isophon,7,3,750.0,1.2597595306652778
isophon,7,3,1000.0,0.8666160024902183
isophon,7,3,1500.0,1.8128239031020996
isophon,7,3,2000.0,-9.20127049272596
isophon,7,3,3000.0,5.683937538764191
isophon,7,3,4000.0,-6.438873453461554
isophon,7,3,6000.0,-15.440408948638478
isophon,7,3,8000.0,-18.478743968990713
isophon,7,4,250.0,-6.441656085486443
isophon,7,4,500.0,-3.430073698326396
isophon,7,4,750.0,-1.4854166444008712
isophon,7,4,1000.0,-1.4150793889851059
isophon,7,4,1500.0,3.1041860995457
isophon,7,4,2000.0,-6.461149366408193
isophon,7,4,3000.0,0.5213494315139116
isophon,7,4,4000.0,-4.697489691129206
isophon,7,4,6000.0,-10.365581459117323
isophon,7,4,8000.0,-13.296886729750753
isophon,7,5,250.0,-3.59421154176151
isophon,7,5,500.0,6.193145312104548
isophon,7,5,750.0,-0.49988046841514233
isophon,7,5,1000.0,0.3408577258365426
isophon,7,5,1500.0,10.800175945841602
isophon,7,5,2000.0,2.869420932432874
isophon,7,5,3000.0,9.455320745624618
isophon,7,5,4000.0,3.930163661529832
isophon,7,5,6000.0,-2.9102552903685392
isophon,7,5,8000.0,-3.769924983534935
isophon,7,6,250.0,-6.4576492214655445
isophon,7,6,500.0,-4.215964602005229
isophon,7,6,750.0,0.13934679723497823
isophon,7,6,1000.0,0.8678410787091337
isophon,7,6,1500.0,5.636715644378327
isophon,7,6,2000.0,1.2183816551590496
isophon,7,6,3000.0,-5.512113637429678
isophon,7,6,4000.0,-3.0895562684998907
isophon,7,6,6000.0,-7.185236985191537
isophon,7,6,8000.0,2.3878446387891756
isophon,7,7,250.0,-1.4694504253442773
isophon,7,7,500.0,-2.6650727845115796
isophon,7,7,750.0,1.112695609654125
isophon,7,7,1000.0,-0.8469062407173311
isophon,7,7,1500.0,0.7522998929466951
isophon,7,7,2000.0,-3.3969295271934783
isophon,7,7,3000.0,-5.88526468313016
isophon,7,7,4000.0,-6.973214563769062
isophon,7,7,6000.0,-7.339426523663562
isophon,7,7,8000.0,2.1855455604027156
isophon,7,8,250.0,0.9421516476414524
isophon,7,8,500.0,0.33522891633212737
isophon,7,8,750.0,-2.8817593982750367
isophon,7,8,1000.0,-2.329394337506031
isophon,7,8,1500.0,-1.3432828061084905
isophon,7,8,2000.0,-6.124661292388268
isophon,7,8,3000.0,-5.344640953850217
isophon,7,8,4000.0,-4.288694422092121
isophon,7,8,6000.0,-4.885236443992966
isophon,7,8,8000.0,0.9599130006080259
isophon,7,9,250.0,2.2365301924742056
isophon,7,9,500.0,0.7423523954422819
isophon,7,9,750.0,-3.614739881945326
isophon,7,9,1000.0,-3.297409980838083
isophon,7,9,1500.0,0.8547873827208434
isophon,7,9,2000.0,-7.50289488886952
isophon,7,9,3000.0,-2.6061094352702128
isophon,7,9,4000.0,-2.2200715725902
isophon,7,9,6000.0,-3.524863802250252
isophon,7,9,8000.0,-0.2352337087069003
isophon,7,10,250.0,-1.9467916626681472
isophon,7,10,500.0,1.3745572849004901
isophon,7,10,750.0,-2.112363875891333
isophon,7,10,1000.0,-2.8727863527457203
isophon,7,10,1500.0,2.4214358119949964
isophon,7,10,2000.0,-4.667813673850219
isophon,7,10,3000.0,-1.6378354076822603
isophon,7,10,4000.0,-1.0618671214690778
isophon,7,10,6000.0,-3.4809242732263073
isophon,7,10,8000.0,2.9028711496915207
isophon,8,1,250.0,11.150684389777041
isophon,8,1,500.0,6.699379312464522
isophon,8,1,750.0,9.9053238545152
isophon,8,1,1000.0,10.051042130288977
isophon,8,1,1500.0,3.1357348558733804
isophon,8,1,2000.0,-1.4423893627165256
isophon,8,1,3000.0,4.210656107854735
isophon,8,1,4000.0,6.7678967113953235
isophon,8,1,6000.0,-4.882451196229063
isophon,8,1,8000.0,48.471466190206634
isophon,8,2,250.0,-2.423986914299121
isophon,8,2,500.0,5.527210363322446
isophon,8,2,750.0,7.873906907919917
isophon,8,2,1000.0,3.9335342708150165
isophon,8,2,1500.0,6.091119777497433
isophon,8,2,2000.0,-5.251342987833354
isophon,8,2,3000.0,1.7183823470490793
isophon,8,2,4000.0,3.1927362959427796
isophon,8,2,6000.0,0.8467871756907357
isophon,8,2,8000.0,30.876993632515514
isophon,8,3,250.0,-0.48428247668259417
isophon,8,3,500.0,5.648906263999493
isophon,8,3,750.0,7.586086772485885
isophon,8,3,1000.0,-4.744372074967131
isophon,8,3,1500.0,0.6822864111782962
isophon,8,3,2000.0,2.8018533070384137
isophon,8,3,3000.0,12.748481517955874
isophon,8,3,4000.0,2.9090810493891865
isophon,8,3,6000.0,-0.45787601675078804
isophon,8,3,8000.0,25.16786597474848
isophon,8,4,250.0,2.825131911591086
isophon,8,4,500.0,0.44550038137867887
isophon,8,4,750.0,3.8815088070649466
isophon,8,4,1000.0,-5.5553669210072485
isophon,8,4,1500.0,-0.2127586969431121
isophon,8,4,2000.0,-1.043962464526217
isophon,8,4,3000.0,0.3974530032638768
isophon,8,4,4000.0,1.7484914255786919
isophon,8,4,6000.0,5.324135850540827
isophon,8,4,8000.0,24.274919816649017
isophon,8,5,250.0,-6.825278402802837
isophon,8,5,500.0,-4.119694464036286
isophon,8,5,750.0,-1.8668353206211066
isophon,8,5,1000.0,-3.389887045960762
isophon,8,5,1500.0,-2.1252544123050257
isophon,8,5,2000.0,-0.25956175182884067
isophon,8,5,3000.0,2.6549614700192308
isophon,8,5,4000.0,4.34444842362376
isophon,8,5,6000.0,1.5471296179495795
isophon,8,5,8000.0,13.568036895166316
isophon,8,6,250.0,-0.12565457276136272
isophon,8,6,500.0,1.9928417251028918
isophon,8,6,750.0,4.279654242367172
isophon,8,6,1000.0,1.2847244957412016
isophon,8,6,1500.0,1.2691540671754353
isophon,8,6,2000.0,-4.556067168855989
isophon,8,6,3000.0,2.504032938288546
isophon,8,6,4000.0,4.996610494908907
isophon,8,6,6000.0,0.8191646627262941
isophon,8,6,8000.0,14.057873369581657
isophon,8,7,250.0,2.2115015986467768
isophon,8,7,500.0,-0.7863027066509432
isophon,8,7,750.0,2.971771724472063
isophon,8,7,1000.0,2.219185482692936
isophon,8,7,1500.0,-1.8368421490307867
isophon,8,7,2000.0,-3.6045235376247433
isophon,8,7,3000.0,-3.7673820864222023
isophon,8,7,4000.0,0.7487010573645136
isophon,8,7,6000.0,-0.8189372253417986
isophon,8,7,8000.0,14.108752386874883
isophon,8,8,250.0,3.585832503388815
isophon,8,8,500.0,-1.1730545026453
isophon,8,8,750.0,1.8583793521166427
isophon,8,8,1000.0,0.807034940453363
isophon,8,8,1500.0,-3.2403418782912894
isophon,8,8,2000.0,-4.718100197738082
isophon,8,8,3000.0,-0.9839476405832386
isophon,8,8,4000.0,2.6624833857707273
isophon,8,8,6000.0,-0.05366180419922273
isophon,8,8,8000.0,14.542618056966589
isophon,8,9,250.0,3.6820477660836985
isophon,8,9,500.0,-0.7072805204307429
isophon,8,9,750.0,0.20328620063372682
isophon,8,9,1000.0,-0.37531752622597025
isophon,8,9,1500.0,-5.122958566718594
isophon,8,9,2000.0,-5.731144647408101
isophon,8,9,3000.0,-5.887625372342754
isophon,8,9,4000.0,3.9257219965842722
isophon,8,9,6000.0,0.9502381896972594
isophon,8,9,8000.0,13.446181136826695
isophon,8,10,250.0,4.88319278690507
isophon,8,10,500.0,1.2234487420855658
isophon,8,10,750.0,-0.5248237609863224
isophon,8,10,1000.0,-0.5045528335424763
isophon,8,10,1500.0,-5.915971374511713
isophon,8,10,2000.0,-3.8446802078192377
isophon,8,10,3000.0,-3.1045035960785725
isophon,8,10,4000.0,4.610159405756818
isophon,8,10,6000.0,1.317873382568365
isophon,8,10,8000.0,11.810109831095843
isophon,9,1,250.0,9.1521231986506
isophon,9,1,500.0,24.408230126016655
isophon,9,1,750.0,12.46469991438395
isophon,9,1,1000.0,-3.157021939388386
isophon,9,1,1500.0,3.976180595818917
isophon,9,1,2000.0,20.744063854630838
isophon,9,1,3000.0,7.473388104607217
isophon,9,1,4000.0,4.207833298433144
isophon,9,1,6000.0,10.483367337424717
isophon,9,1,8000.0,6.03804616981499
isophon,9,2,250.0,-0.4771928842799227
isophon,9,2,500.0,3.5092000407260073
isophon,9,2,750.0,2.1470142711096543
isophon,9,2,1000.0,-1.3372761769458634
isophon,9,2,1500.0,0.9240239011063949
isophon,9,2,2000.0,-0.877337841244227
isophon,9,2,3000.0,-3.1207133688660065
isophon,9,2,4000.0,-9.077378525853803
isophon,9,2,6000.0,2.2614218944475724
isophon,9,2,8000.0,3.5655286196341933
isophon,9,3,250.0,0.3672953761107465
isophon,9,3,500.0,8.460588612817247
isophon,9,3,750.0,5.588371217893027
isophon,9,3,1000.0,2.842933071171757
isophon,9,3,1500.0,-2.777863320468768
isophon,9,3,2000.0,0.6262232264926979
isophon,9,3,3000.0,0.4293080865210044
isophon,9,3,4000.0,-4.149536667732775
isophon,9,3,6000.0,-3.9603656884647904
isophon,9,3,8000.0,0.03574457942104914
isophon,9,4,250.0,0.16061574346719
isophon,9,4,500.0,-5.242136500508636
isophon,9,4,750.0,-0.826744953413197
isophon,9,4,1000.0,0.15000948629787558
isophon,9,4,1500.0,-3.3281429200784487
isophon,9,4,2000.0,5.606318938810986
isophon,9,4,3000.0,2.9479553622444854
isophon,9,4,4000.0,-0.6364162169437577
isophon,9,4,6000.0,3.3387431874552504
isophon,9,4,8000.0,5.389124233260077
isophon,9,5,250.0,1.8446096902444253
isophon,9,5,500.0,-2.9361485951277615
isophon,9,5,750.0,-2.336210169167316
isophon,9,5,1000.0,-1.7822812337493161
isophon,9,5,1500.0,-4.242089484659985
isophon,9,5,2000.0,0.13531333837158854
isophon,9,5,3000.0,-5.371044404288369
isophon,9,5,4000.0,-9.290093766943983
isophon,9,5,6000.0,1.734085840587909
isophon,9,5,8000.0,-3.1531161919848074
isophon,9,6,250.0,1.6071111576008832
isophon,9,6,500.0,-2.2142482230294576
isophon,9,6,750.0,-4.166523035379953
isophon,9,6,1000.0,-3.7866294287133258
isophon,9,6,1500.0,-2.597115038592591
isophon,9,6,2000.0,-1.0864261352653983
isophon,9,6,3000.0,-6.146214327728259
isophon,9,6,4000.0,-6.159657385703824
isophon,9,6,6000.0,1.2802403080188327
isophon,9,6,8000.0,-11.758484281873734
isophon,9,7,250.0,-1.8476448676059078
isophon,9,7,500.0,-5.101165228659838
isophon,9,7,750.0,-7.933256072998049
isophon,9,7,1000.0,-5.972468641143749
isophon,9,7,1500.0,-2.824143045137859
isophon,9,7,2000.0,-0.7983874016210137
isophon,9,7,3000.0,-6.64019856140537
isophon,9,7,4000.0,-5.48889593999948
isophon,9,7,6000.0,-2.542986134047723
isophon,9,7,8000.0,-10.240206693983112
isophon,9,8,250.0,-4.390319150641517
isophon,9,8,500.0,-3.9052177319289285
isophon,9,8,750.0,-6.1259503173828165
isophon,9,8,1000.0,-3.2971270882722763
isophon,9,8,1500.0,-1.4042712381510967
isophon,9,8,2000.0,0.012334218124692597
isophon,9,8,3000.0,-4.7044365940883495
isophon,9,8,4000.0,-4.328099092894405
isophon,9,8,6000.0,-1.8017123781871618
isophon,9,8,8000.0,-12.089428405761723
isophon,9,9,250.0,-5.912919827708649
isophon,9,9,500.0,-3.0090387810783596
isophon,9,9,750.0,-4.867148437500006
isophon,9,9,1000.0,-2.584973293630185
isophon,9,9,1500.0,-0.35251662626278346
isophon,9,9,2000.0,0.7175482259321058
isophon,9,9,3000.0,-3.3461753883208445
isophon,9,9,4000.0,-3.337289950395089
isophon,9,9,6000.0,-2.7605485576711715
isophon,9,9,8000.0,-11.217490234375006
isophon,9,10,250.0,-5.508560380735304
isophon,9,10,500.0,-3.042383666744996
isophon,9,10,750.0,-4.072927093505854
isophon,9,10,1000.0,-3.2327716186879485
isophon,9,10,1500.0,0.4547843208094662
isophon,9,10,2000.0,2.079950561469161
isophon,9,10,3000.0,-5.5533644759085234
isophon,9,10,4000.0,-3.0287381483612705
isophon,9,10,6000.0,-2.0570594844716226
isophon,9,10,8000.0,-8.505097961425776
isophon,10,1,250.0,26.526719398498535
isophon,10,1,500.0,-20.396589780764764
isophon,10,1,750.0,-0.4337174703108919
isophon,10,1,1000.0,-2.6475484767330784
isophon,10,1,1500.0,-15.860453977701443
isophon,10,1,2000.0,-26.764286058148507
isophon,10,1,3000.0,-19.851547590884028
isophon,10,1,4000.0,9.728799055863089
isophon,10,1,6000.0,-0.8441075387959316
isophon,10,1,8000.0,32.66622383117676
isophon,10,2,250.0,11.401554794311522
isophon,10,2,500.0,-5.5047666946083496
isophon,10,2,750.0,4.750239962728958
isophon,10,2,1000.0,7.8877338575246085
isophon,10,2,1500.0,-9.633921191609815
isophon,10,2,2000.0,-15.888725216156594
isophon,10,2,3000.0,-15.644215341912556
isophon,10,2,4000.0,-0.681094232848821
isophon,10,2,6000.0,1.29786710654745
isophon,10,2,8000.0,28.952494974181413
isophon,10,3,250.0,6.896443354773055
isophon,10,3,500.0,-0.06239010196404138
isophon,10,3,750.0,5.164935789893363
isophon,10,3,1000.0,7.206856638354829
isophon,10,3,1500.0,-3.976877686777371
isophon,10,3,2000.0,-10.153718520457986
isophon,10,3,3000.0,-6.975762621267577
isophon,10,3,4000.0,-1.5793454124453277
isophon,10,3,6000.0,-7.055107993496563
isophon,10,3,8000.0,24.452267834819885
isophon,10,4,250.0,4.041134869131682
isophon,10,4,500.0,-0.014763792157651778
isophon,10,4,750.0,4.862599256972928
isophon,10,4,1000.0,12.972911748631986
isophon,10,4,1500.0,2.902126222237598
isophon,10,4,2000.0,-3.015294278109536
isophon,10,4,3000.0,-1.0242421594702193
isophon,10,4,4000.0,-2.521507546765406
isophon,10,4,6000.0,-0.10467651838800407
isophon,10,4,8000.0,21.064660805098555
isophon,10,5,250.0,1.938199046239248
isophon,10,5,500.0,-5.479222887459414
isophon,10,5,750.0,-6.6097359110719225
isophon,10,5,1000.0,-3.5590368491478586
isophon,10,5,1500.0,0.8020241674231556
isophon,10,5,2000.0,-0.2327140816389459
isophon,10,5,3000.0,4.376461189204278
isophon,10,5,4000.0,2.6838785312562266
isophon,10,5,6000.0,3.0567627625107434
isophon,10,5,8000.0,14.915259291314612
isophon,10,6,250.0,2.365706333906644
isophon,10,6,500.0,3.558152518584322
isophon,10,6,750.0,1.3370122933690425
isophon,10,6,1000.0,1.2959580139784492
isophon,10,6,1500.0,-0.8982843465787198
isophon,10,6,2000.0,1.4618146943074635
isophon,10,6,3000.0,0.9826032862992093
isophon,10,6,4000.0,3.070660605839521
isophon,10,6,6000.0,6.3208388894286855
isophon,10,6,8000.0,22.07383073142516
isophon,10,7,250.0,4.092236332971808
isophon,10,7,500.0,3.493619120266459
isophon,10,7,750.0,3.0455605161497488
isophon,10,7,1000.0,6.042910629126268
isophon,10,7,1500.0,3.2439939559643847
isophon,10,7,2000.0,4.921768119304673
isophon,10,7,3000.0,-5.023130437900022
isophon,10,7,4000.0,-2.6702216180316185
isophon,10,7,6000.0,4.374426392995204
isophon,10,7,8000.0,22.933780833239155
isophon,10,8,250.0,5.21511319684231
isophon,10,8,500.0,1.6561343470904006
isophon,10,8,750.0,3.3143574275887033
isophon,10,8,1000.0,2.782744230465852
isophon,10,8,1500.0,1.1411955966014347
isophon,10,8,2000.0,7.0046701584318924
isophon,10,8,3000.0,-0.6626791298544532
isophon,10,8,4000.0,-0.5756990002774245
isophon,10,8,6000.0,5.177854378599378
isophon,10,8,8000.0,22.898961312786753
isophon,10,9,250.0,5.373382544986839
isophon,10,9,500.0,2.2115850767894614
isophon,10,9,750.0,1.910848360739493
isophon,10,9,1000.0,2.660712971741958
isophon,10,9,1500.0,-2.5120615496291236
isophon,10,9,2000.0,6.759873320916782
isophon,10,9,3000.0,4.2163641326620365
isophon,10,9,4000.0,1.1793493576743401
isophon,10,9,6000.0,5.918301031503631
isophon,10,9,8000.0,22.547841160980028
isophon,10,10,250.0,6.29835645245754
isophon,10,10,500.0,4.203723686167677
isophon,10,10,750.0,2.6784953572623635
isophon,10,10,1000.0,1.1928467129772002
isophon,10,10,1500.0,-5.237038067880192
isophon,10,10,2000.0,3.036064246304619
isophon,10,10,3000.0,4.010079903270267
isophon,10,10,4000.0,-1.9766096236606217
isophon,10,10,6000.0,2.060009741883235
isophon,10,10,8000.0,12.661418291589044
isophon,11,1,250.0,-8.662044331048762
isophon,11,1,500.0,-18.67297750703151
isophon,11,1,750.0,-16.298263047182587
isophon,11,1,1000.0,-5.532895383354205
isophon,11,1,1500.0,1.4197613567053917
isophon,11,1,2000.0,-10.052883271361027
isophon,11,1,3000.0,-0.36295860290527315
isophon,11,1,4000.0,2.1288783182564543
isophon,11,1,6000.0,-2.2786466993723735
isophon,11,1,8000.0,25.917907066780224
isophon,11,2,250.0,3.7496261680136698
isophon,11,2,500.0,6.226154959819404
isophon,11,2,750.0,2.076261014819721
isophon,11,2,1000.0,1.6099561772518953
isophon,11,2,1500.0,-0.4202188644019742
isophon,11,2,2000.0,-2.271765635599877
isophon,11,2,3000.0,-0.6050198364257824
isophon,11,2,4000.0,0.9607958804515135
isophon,11,2,6000.0,-6.582116530792291
isophon,11,2,8000.0,29.886801506344426
isophon,11,3,250.0,-3.065076177288674
isophon,11,3,500.0,3.4104951911465946
isophon,11,3,750.0,-1.2267151088805406
isophon,11,3,1000.0,-8.576174269238066
isophon,11,3,1500.0,4.867717969259033
isophon,11,3,2000.0,-3.4977286868987676
isophon,11,3,3000.0,-4.543762949607583
isophon,11,3,4000.0,-0.8851479448507007
isophon,11,3,6000.0,0.8281392824758456
isophon,11,3,8000.0,24.622444296202602
isophon,11,4,250.0,-1.3126992759171685
isophon,11,4,500.0,3.6564506273275583
isophon,11,4,750.0,1.768212029593201
isophon,11,4,1000.0,-6.143205264987287
isophon,11,4,1500.0,7.827154258539167
isophon,11,4,2000.0,4.621825904613985
isophon,11,4,3000.0,0.8420750048098711
isophon,11,4,4000.0,-2.3366329047510277
isophon,11,4,6000.0,12.655553307237824
isophon,11,4,8000.0,28.57134672670732
isophon,11,5,250.0,-0.6187581672709968
isophon,11,5,500.0,7.241029577300651
isophon,11,5,750.0,0.9251859247370646
isophon,11,5,1000.0,-5.823708745791137
isophon,11,5,1500.0,3.440541102568517
isophon,11,5,2000.0,-1.5023295158437122
isophon,11,5,3000.0,-0.6170316679504282
isophon,11,5,4000.0,-0.5230420528487656
isophon,11,5,6000.0,14.480677557093657
isophon,11,5,8000.0,28.64776079184172
isophon,11,6,250.0,-3.422145361578032
isophon,11,6,500.0,9.226447740882406
isophon,11,6,750.0,4.111581744703102
isophon,11,6,1000.0,-2.00793340829361
isophon,11,6,1500.0,1.3896532486349429
isophon,11,6,2000.0,1.0148247679398708
isophon,11,6,3000.0,-1.9703423432839031
isophon,11,6,4000.0,0.7448873111784167
isophon,11,6,6000.0,12.726451631185157
isophon,11,6,8000.0,20.58675327395447
isophon,11,7,250.0,-1.410667292004021
isophon,11,7,500.0,9.10629457825695
isophon,11,7,750.0,4.020146768011571
isophon,11,7,1000.0,0.6264196974161251
isophon,11,7,1500.0,0.8795806507031472
isophon,11,7,2000.0,1.123934106272813
isophon,11,7,3000.0,-3.801304532199836
isophon,11,7,4000.0,0.5860522959345218
isophon,11,7,6000.0,9.639051016285947
isophon,11,7,8000.0,14.84036415800442
isophon,11,8,250.0,-0.9937227658378589
isophon,11,8,500.0,3.7751179519629545
isophon,11,8,750.0,0.9238063744779055
isophon,11,8,1000.0,-1.9588643018630307
isophon,11,8,1500.0,-2.0938097692521893
isophon,11,8,2000.0,0.6391103152908926
isophon,11,8,3000.0,-1.8847126363618116
isophon,11,8,4000.0,-3.1714350823715165
isophon,11,8,6000.0,9.396728130655873
isophon,11,8,8000.0,14.018669945408845
isophon,11,9,250.0,-0.6584563869257352
isophon,11,9,500.0,0.7244286120138668
isophon,11,9,750.0,1.51857050824961
isophon,11,9,1000.0,-1.3572273866541025
isophon,11,9,1500.0,-1.6672789909903543
isophon,11,9,2000.0,-0.771909017613595
isophon,11,9,3000.0,-2.4421359025652833
isophon,11,9,4000.0,-3.4240428456519254
isophon,11,9,6000.0,6.489854698413993
isophon,11,9,8000.0,11.729112668793334
isophon,11,10,250.0,-4.461444796867227
isophon,11,10,500.0,-0.5431778498871296
isophon,11,10,750.0,1.3287289800512383
isophon,11,10,1000.0,-1.3822983950197028
isophon,11,10,1500.0,-2.732156732527102
isophon,11,10,2000.0,0.09532659131178889
isophon,11,10,3000.0,-4.21996773291302
isophon,11,10,4000.0,-3.097385313516213
isophon,11,10,6000.0,5.826471533470112
isophon,11,10,8000.0,7.667543440863483
isophon,12,1,250.0,25.044364813316832
isophon,12,1,500.0,3.606424448455151
isophon,12,1,750.0,2.9588683800773836
isophon,12,1,1000.0,1.3374516803059642
isophon,12,1,1500.0,16.40256475324479
isophon,12,1,2000.0,11.490165097674547
isophon,12,1,3000.0,4.262590595577272
isophon,12,1,4000.0,12.449213470300805
isophon,12,1,6000.0,35.639488525390625
isophon,12,1,8000.0,21.67844372786979
isophon,12,2,250.0,4.394871977125263
isophon,12,2,500.0,2.9546228418303784
isophon,12,2,750.0,8.841987706588895
isophon,12,2,1000.0,0.13656111792722925
isophon,12,2,1500.0,-1.2406643403576965
isophon,12,2,2000.0,-10.628955000553695
isophon,12,2,3000.0,-0.8482253337345682
isophon,12,2,4000.0,-4.852073795098235
isophon,12,2,6000.0,13.63659927368164
isophon,12,2,8000.0,17.950616768841357
isophon,12,3,250.0,-4.123225781745234
isophon,12,3,500.0,6.592319474350077
isophon,12,3,750.0,3.2338995734910014
isophon,12,3,1000.0,-1.2202347621572756
isophon,12,3,1500.0,5.487490522996893
isophon,12,3,2000.0,-1.9021294175799497
isophon,12,3,3000.0,9.063156625027432
isophon,12,3,4000.0,0.20830273686418366
isophon,12,3,6000.0,13.865841617829226
isophon,12,3,8000.0,6.77723201907957
isophon,12,4,250.0,0.7977962677569934
isophon,12,4,500.0,12.02342390084938
isophon,12,4,750.0,-1.6601402398601408
isophon,12,4,1000.0,-0.5116771130293358
isophon,12,4,1500.0,-3.1310147103801853
isophon,12,4,2000.0,-1.114846194673973
isophon,12,4,3000.0,8.521939489598388
isophon,12,4,4000.0,0.5016256545141999
isophon,12,4,6000.0,7.176641911394228
isophon,12,4,8000.0,5.170230618446965
isophon,12,5,250.0,5.404405510441222
isophon,12,5,500.0,6.379434232401337
isophon,12,5,750.0,-8.249765447305947
isophon,12,5,1000.0,-8.669724445002288
isophon,12,5,1500.0,-5.180441803561806
isophon,12,5,2000.0,-6.000208191971396
isophon,12,5,3000.0,8.839759145015137
isophon,12,5,4000.0,2.8593350732121507
isophon,12,5,6000.0,-2.4614885972059
isophon,12,5,8000.0,0.9136072825478294
isophon,12,6,250.0,-0.1430002447902865
isophon,12,6,500.0,2.104656507229805
isophon,12,6,750.0,-8.211682877554637
isophon,12,6,1000.0,-2.140077051862093
isophon,12,6,1500.0,-0.2576106716780231
isophon,12,6,2000.0,-2.519999888896976
isophon,12,6,3000.0,2.680444037578255
isophon,12,6,4000.0,0.7441025801082191
isophon,12,6,6000.0,-2.3738329511604235
isophon,12,6,8000.0,8.448890025527717
isophon,12,7,250.0,-0.9265789957767225
isophon,12,7,500.0,-0.5779734583776843
isophon,12,7,750.0,-7.79205804091184
isophon,12,7,1000.0,1.1063853835424453
isophon,12,7,1500.0,1.6292230080432688
isophon,12,7,2000.0,-2.3522706810356766
isophon,12,7,3000.0,-2.7049424834244604
isophon,12,7,4000.0,-5.629103413049592
isophon,12,7,6000.0,-5.0831019567256135
isophon,12,7,8000.0,8.801352852434107
isophon,12,8,250.0,1.4188086658532058
isophon,12,8,500.0,2.2458176881313534
isophon,12,8,750.0,-5.3051516755707695
isophon,12,8,1000.0,0.11547263508472838
isophon,12,8,1500.0,3.380101265568072
isophon,12,8,2000.0,-0.8652981042671968
isophon,12,8,3000.0,0.8278244730654052
isophon,12,8,4000.0,-1.8368559612068083
isophon,12,8,6000.0,-6.312246119154935
isophon,12,8,8000.0,7.271232184611151
isophon,12,9,250.0,4.3569863640764765
isophon,12,9,500.0,4.248819280262765
isophon,12,9,750.0,-3.091857251598441
isophon,12,9,1000.0,-0.054589694923237175
isophon,12,9,1500.0,2.4772243447127664
isophon,12,9,2000.0,0.20410373933482617
isophon,12,9,3000.0,2.0867869091193256
isophon,12,9,4000.0,-0.10614546896422894
isophon,12,9,6000.0,-5.329530656893439
isophon,12,9,8000.0,5.254522255444442
isophon,12,10,250.0,6.1152918862000405
isophon,12,10,500.0,7.253297804491268
isophon,12,10,750.0,0.7110633110794424
isophon,12,10,1000.0,-0.05033893353771646
isophon,12,10,1500.0,3.614346469532194
isophon,12,10,2000.0,0.3999620222266742
isophon,12,10,3000.0,0.906144924599559
isophon,12,10,4000.0,-3.9009081016153004
isophon,12,10,6000.0,-2.678894517977426
isophon,12,10,8000.0,8.023222217219399
isophon,13,1,250.0,-11.638859946149907
isophon,13,1,500.0,9.402976586684543
isophon,13,1,750.0,4.941212143198028
isophon,13,1,1000.0,5.526579382654797
isophon,13,1,1500.0,6.135566230825475
isophon,13,1,2000.0,6.145528474575755
isophon,13,1,3000.0,4.273704833984375
isophon,13,1,4000.0,10.003237631795939
isophon,13,1,6000.0,20.437622249240096
isophon,13,1,8000.0,5.346439793684439
isophon,13,2,250.0,-2.542518125168918
isophon,13,2,500.0,-0.6611707435330914
isophon,13,2,750.0,-1.1092446535856197
isophon,13,2,1000.0,2.3637341577351734
isophon,13,2,1500.0,6.856329027941911
isophon,13,2,2000.0,-0.9954468834330754
isophon,13,2,3000.0,-8.448976783752443
isophon,13,2,4000.0,-4.291302023792781
isophon,13,2,6000.0,8.666005940978067
isophon,13,2,8000.0,0.45469884927992155
isophon,13,3,250.0,-6.871350828852243
isophon,13,3,500.0,-3.8842497880634426
isophon,13,3,750.0,3.4930311266773018
isophon,13,3,1000.0,9.838028456859192
isophon,13,3,1500.0,8.821384543599791
isophon,13,3,2000.0,-3.3681339975919684
isophon,13,3,3000.0,-7.276236694422856
isophon,13,3,4000.0,-1.9724482244395745
isophon,13,3,6000.0,7.384814737973755
isophon,13,3,8000.0,4.079796748763954
isophon,13,4,250.0,-7.738722864189555
isophon,13,4,500.0,2.3490103176542476
isophon,13,4,750.0,-0.8575381235755515
isophon,13,4,1000.0,5.2933163189287455
isophon,13,4,1500.0,-2.5418688785178745
isophon,13,4,2000.0,-1.4686270261852314
isophon,13,4,3000.0,-8.635463718907062
isophon,13,4,4000.0,-4.514334603267741
isophon,13,4,6000.0,3.677696366227167
isophon,13,4,8000.0,9.109324543593985
isophon,13,5,250.0,-5.559619936504745
isophon,13,5,500.0,1.3679977283663902
isophon,13,5,750.0,-7.699068073456857
isophon,13,5,1000.0,-2.3893773379770096
isophon,13,5,1500.0,-5.769642131041124
isophon,13,5,2000.0,0.7504627304971621
isophon,13,5,3000.0,-4.028431451262136
isophon,13,5,4000.0,2.271853926345358
isophon,13,5,6000.0,1.139790924644359
isophon,13,5,8000.0,9.383377347794436
isophon,13,6,250.0,0.6078126945234459
isophon,13,6,500.0,0.33376662111854216
isophon,13,6,750.0,-0.5424315545833878
isophon,13,6,1000.0,6.503795072785408
isophon,13,6,1500.0,1.4789825519057018
isophon,13,6,2000.0,7.591660699553927
isophon,13,6,3000.0,0.027610269082543937
isophon,13,6,4000.0,-0.21575840665614976
isophon,13,6,6000.0,4.429642744185273
isophon,13,6,8000.0,11.314947651353464
isophon,13,7,250.0,-0.5490436768001388
isophon,13,7,500.0,3.021213166358976
isophon,13,7,750.0,2.949360623192078
isophon,13,7,1000.0,3.92197374037994
isophon,13,7,1500.0,1.1626615631993502
isophon,13,7,2000.0,6.340619540229213
isophon,13,7,3000.0,-3.4834681740446456
isophon,13,7,4000.0,-0.5270226182234268
isophon,13,7,6000.0,4.9487231070064865
isophon,13,7,8000.0,14.166958329811408
isophon,13,8,250.0,1.065290857877912
isophon,13,8,500.0,-0.7198151521905345
isophon,13,8,750.0,0.5913652976898618
isophon,13,8,1000.0,1.704805996344362
isophon,13,8,1500.0,0.29168517668658467
isophon,13,8,2000.0,8.21295396409974
isophon,13,8,3000.0,0.5075190696076959
isophon,13,8,4000.0,0.6287147742670527
isophon,13,8,6000.0,4.342167917746735
isophon,13,8,8000.0,12.815627372747286
isophon,13,9,250.0,1.6159594023460215
isophon,13,9,500.0,-2.8220887554580685
isophon,13,9,750.0,-2.082556707621592
isophon,13,9,1000.0,2.5651597108312956
isophon,13,9,1500.0,-1.23710256909564
isophon,13,9,2000.0,6.312654423512143
isophon,13,9,3000.0,5.071069484646742
isophon,13,9,4000.0,1.134515033911839
isophon,13,9,6000.0,3.4433074748430386
isophon,13,9,8000.0,10.592543015358231
isophon,13,10,250.0,2.908556643660347
isophon,13,10,500.0,-0.5506565223473956
isophon,13,10,750.0,-1.0760207502530932
isophon,13,10,1000.0,0.16191871047161044
isophon,13,10,1500.0,-4.965993214578731
isophon,13,10,2000.0,2.399350875194429
isophon,13,10,3000.0,1.6908854185211766
isophon,13,10,4000.0,-3.6769273566735876
isophon,13,10,6000.0,-1.0150117286119098
isophon,13,10,8000.0,-1.0608829357765188
isophon,14,1,250.0,5.886109245162842
isophon,14,1,500.0,-6.223351292081631
isophon,14,1,750.0,-19.040229564797805
isophon,14,1,1000.0,-26.81947277646509
isophon,14,1,1500.0,-14.180505469428628
isophon,14,1,2000.0,-14.704360716384674
isophon,14,1,3000.0,-20.46551502320066
isophon,14,1,4000.0,-9.78145683753995
isophon,14,1,6000.0,-17.464890437599124
isophon,14,1,8000.0,12.773031902244611
isophon,14,2,250.0,-7.233536428704902
isophon,14,2,500.0,3.6854379771076005
isophon,14,2,750.0,-6.565416003356496
isophon,14,2,1000.0,-9.75901963157505
isophon,14,2,1500.0,-15.462413517571292
isophon,14,2,2000.0,-3.4202163948236723
isophon,14,2,3000.0,-3.8042286743915383
isophon,14,2,4000.0,8.493754049464467
isophon,14,2,6000.0,-6.9292142868603435
isophon,14,2,8000.0,19.86830088773251
isophon,14,3,250.0,-2.7530652448358595
isophon,14,3,500.0,0.8686313033561888
isophon,14,3,750.0,-2.20164831454192
isophon,14,3,1000.0,-7.016190261418473
isophon,14,3,1500.0,-9.973961205428239
isophon,14,3,2000.0,4.411461041402674
isophon,14,3,3000.0,7.149207372345941
isophon,14,3,4000.0,2.052013496117354
isophon,14,3,6000.0,1.5738034259976672
isophon,14,3,8000.0,18.226854033644024
isophon,14,4,250.0,0.34759114102087096
isophon,14,4,500.0,2.989697759841931
isophon,14,4,750.0,-1.2111642220738332
isophon,14,4,1000.0,2.2774521728891557
isophon,14,4,1500.0,-0.18666533258083007
isophon,14,4,2000.0,2.150385403756303
isophon,14,4,3000.0,0.04485303144929276
isophon,14,4,4000.0,-3.5853748412060042
isophon,14,4,6000.0,-1.0786668288128283
isophon,14,4,8000.0,16.19989244588053
isophon,14,5,250.0,-1.3869968433915574
isophon,14,5,500.0,-3.219251691139746
isophon,14,5,750.0,1.0412578082760007
isophon,14,5,1000.0,-0.13462353992360931
isophon,14,5,1500.0,2.7748351555779323
isophon,14,5,2000.0,8.591142720625072
isophon,14,5,3000.0,0.9603923073867406
isophon,14,5,4000.0,2.857542262180914
isophon,14,5,6000.0,6.442086760302786
isophon,14,5,8000.0,25.534809412570652
isophon,14,6,250.0,3.6141165965164106
isophon,14,6,500.0,1.4641887736142394
isophon,14,6,750.0,-0.23143628947822492
isophon,14,6,1000.0,-0.8549217506886606
isophon,14,6,1500.0,-2.200556292230914
isophon,14,6,2000.0,-5.380936068958988
isophon,14,6,3000.0,-3.8819220732187887
isophon,14,6,4000.0,1.9771693720042123
isophon,14,6,6000.0,-3.7570145604468053
isophon,14,6,8000.0,18.855959437969645
isophon,14,7,250.0,1.9971921143139184
isophon,14,7,500.0,4.434566270211931
isophon,14,7,750.0,4.3414918754344995
isophon,14,7,1000.0,4.60390640161944
isophon,14,7,1500.0,1.12138840072285
isophon,14,7,2000.0,-1.059120220719862
isophon,14,7,3000.0,0.24532610593487902
isophon,14,7,4000.0,4.878430479288781
isophon,14,7,6000.0,-2.4146177479957203
isophon,14,7,8000.0,18.140548958214183
isophon,14,8,250.0,2.4807305429820303
isophon,14,8,500.0,-1.381400136848569
isophon,14,8,750.0,2.1008049171103096
isophon,14,8,1000.0,5.493045936825908
isophon,14,8,1500.0,1.8812119967460177
isophon,14,8,2000.0,-1.7825877787520312
isophon,14,8,3000.0,-0.14488719648956305
isophon,14,8,4000.0,2.3809339484961782
isophon,14,8,6000.0,-2.4909082633633375
isophon,14,8,8000.0,14.02351163698738
isophon,14,9,250.0,3.0858823124488026
isophon,14,9,500.0,0.409630583034442
isophon,14,9,750.0,-0.8317703252170787
isophon,14,9,1000.0,5.887333493452957
isophon,14,9,1500.0,4.066670544449778
isophon,14,9,2000.0,-1.7597159347778302
isophon,14,9,3000.0,2.406621246312554
isophon,14,9,4000.0,0.15973896253485975
isophon,14,9,6000.0,-3.3239952282433336
isophon,14,9,8000.0,9.52030169971755
isophon,14,10,250.0,-2.672350995344317
isophon,14,10,500.0,-1.3792193123250343
isophon,14,10,750.0,-1.2532914480200361
isophon,14,10,1000.0,-1.3276860897425848
isophon,14,10,1500.0,3.5032928348090877
isophon,14,10,2000.0,-3.2203682704110435
isophon,14,10,3000.0,4.561351320626557
isophon,14,10,4000.0,-4.218710017780424
isophon,14,10,6000.0,-1.97304519786438
isophon,14,10,8000.0,11.304185713575933
isophon,15,1,250.0,-12.65068059178256
isophon,15,1,500.0,-6.446609942940825
isophon,15,1,750.0,-1.7810511144273313
isophon,15,1,1000.0,4.535020461185461
isophon,15,1,1500.0,-17.682190747030063
isophon,15,1,2000.0,-8.63848775921385
isophon,15,1,3000.0,7.145815600927552
isophon,15,1,4000.0,-3.7637658437882178
isophon,15,1,6000.0,-6.66116055612965
isophon,15,1,8000.0,-6.911203919606958
isophon,15,2,250.0,5.329591520312846
isophon,15,2,500.0,-3.585622826508221
isophon,15,2,750.0,0.3829991771848782
isophon,15,2,1000.0,-7.344102427525918
isophon,15,2,1500.0,-11.31363558143455
isophon,15,2,2000.0,-7.699402801778476
isophon,15,2,3000.0,-10.589469168225687
isophon,15,2,4000.0,7.726404744646375
isophon,15,2,6000.0,5.343662250267826
isophon,15,2,8000.0,-0.6327635541591441
isophon,15,3,250.0,9.338442425992383
isophon,15,3,500.0,1.1547865643154296
isophon,15,3,750.0,-1.9424284311843323
isophon,15,3,1000.0,-2.7510482054128857
isophon,15,3,1500.0,-0.3565018356767169
isophon,15,3,2000.0,2.238331924687685
isophon,15,3,3000.0,-7.743830415355006
isophon,15,3,4000.0,8.44379468628162
isophon,15,3,6000.0,6.129150855145809
isophon,15,3,8000.0,3.0894911328120784
isophon,15,4,250.0,4.65227872080942
isophon,15,4,500.0,-4.432947934364776
isophon,15,4,750.0,-3.350380947280158
isophon,15,4,1000.0,-4.077887910774727
isophon,15,4,1500.0,4.223217304003683
isophon,15,4,2000.0,11.739514895574402
isophon,15,4,3000.0,-2.9063791934645806
isophon,15,4,4000.0,1.4376485881523422
isophon,15,4,6000.0,3.8449026913712885
isophon,15,4,8000.0,-1.0866001714066016
isophon,15,5,250.0,3.7756249665949326
isophon,15,5,500.0,-1.8280305077832963
isophon,15,5,750.0,-2.2098651644795098
isophon,15,5,1000.0,-0.24474980510051836
isophon,15,5,1500.0,9.240175021628616
isophon,15,5,2000.0,7.398502024093837
isophon,15,5,3000.0,-1.9026567849094391
isophon,15,5,4000.0,-1.1862141880653851
isophon,15,5,6000.0,-1.6112330066330856
isophon,15,5,8000.0,8.811151153511432
isophon,15,6,250.0,4.126791321452686
isophon,15,6,500.0,-4.080487593759756
isophon,15,6,750.0,-4.278381919780998
isophon,15,6,1000.0,-2.8037238590730027
isophon,15,6,1500.0,-2.667560940724954
isophon,15,6,2000.0,-10.50258258353358
isophon,15,6,3000.0,-9.646250749736993
isophon,15,6,4000.0,0.11459746913578783
isophon,15,6,6000.0,-6.963726176444538
isophon,15,6,8000.0,8.857800026465412
isophon,15,7,250.0,6.398230220580743
isophon,15,7,500.0,0.6280695316908265
isophon,15,7,750.0,-2.844494353778103
isophon,15,7,1000.0,-1.3348477613215266
isophon,15,7,1500.0,1.630386552776514
isophon,15,7,2000.0,-7.7826062027613006
isophon,15,7,3000.0,-3.8236686873704144
isophon,15,7,4000.0,4.207915686880867
isophon,15,7,6000.0,-6.435537657565106
isophon,15,7,8000.0,6.7473853583893515
isophon,15,8,250.0,2.4401637447484603
isophon,15,8,500.0,-2.1430811042298643
isophon,15,8,750.0,-6.535914252643323
isophon,15,8,1000.0,-0.13741052284720467
isophon,15,8,1500.0,1.8833530168694494
isophon,15,8,2000.0,-3.6235164346621076
isophon,15,8,3000.0,1.8001038137439878
isophon,15,8,4000.0,5.457967444488503
isophon,15,8,6000.0,-2.860498905795467
isophon,15,8,8000.0,7.678053429533776
isophon,15,9,250.0,1.740896298975315
isophon,15,9,500.0,-3.2391690894234415
isophon,15,9,750.0,-4.375877192557681
isophon,15,9,1000.0,-0.11898639028130731
isophon,15,9,1500.0,5.78098384980936
isophon,15,9,2000.0,1.6047532823499893
isophon,15,9,3000.0,10.003499143833821
isophon,15,9,4000.0,5.934836581731943
isophon,15,9,6000.0,0.22678700190120082
isophon,15,9,8000.0,9.27126138258113
isophon,15,10,250.0,1.8781770401257205
isophon,15,10,500.0,-4.226576628129095
isophon,15,10,750.0,-0.054430851756222864
isophon,15,10,1000.0,-1.8213122633066234
isophon,15,10,1500.0,1.541949661696293
isophon,15,10,2000.0,-4.03736669304385
isophon,15,10,3000.0,3.0483059448182104
isophon,15,10,4000.0,0.4202208213005889
isophon,15,10,6000.0,2.5118597952683928
isophon,15,10,8000.0,6.66595882223902
isophon,16,1,250.0,4.387724562867383
isophon,16,1,500.0,-4.427671337514198
isophon,16,1,750.0,-3.3740420093625367
isophon,16,1,1000.0,-4.75423046877731
isophon,16,1,1500.0,-4.528410340850474
isophon,16,1,2000.0,1.072029310431141
isophon,16,1,3000.0,3.243467589224551
isophon,16,1,4000.0,3.963391963706492
isophon,16,1,6000.0,11.492590255737305
isophon,16,1,8000.0,-7.466349691589741
isophon,16,2,250.0,1.3138701814839067
isophon,16,2,500.0,2.8297376195897783
isophon,16,2,750.0,5.434717887011455
isophon,16,2,1000.0,4.304483933505349
isophon,16,2,1500.0,1.5399436490808363
isophon,16,2,2000.0,-3.4122742976520826
isophon,16,2,3000.0,-7.199943497588393
isophon,16,2,4000.0,-0.2586226031843424
isophon,16,2,6000.0,-2.6903965759277355
isophon,16,2,8000.0,-1.1443831518195822
isophon,16,3,250.0,1.6409531709046945
isophon,16,3,500.0,3.8684557373743047
isophon,16,3,750.0,-2.428980752448716
isophon,16,3,1000.0,3.7911437931017744
isophon,16,3,1500.0,-2.3635868342631596
isophon,16,3,2000.0,-6.685919550865641
isophon,16,3,3000.0,-4.311711301516738
isophon,16,3,4000.0,1.717013071883521
isophon,16,3,6000.0,-2.39721246685302
isophon,16,3,8000.0,-2.708521413227615
isophon,16,4,250.0,-0.8436370835887743
isophon,16,4,500.0,-0.8335222185840507
isophon,16,4,750.0,-8.948635025830015
isophon,16,4,1000.0,-4.302052782757613
isophon,16,4,1500.0,0.25561271161092236
isophon,16,4,2000.0,-6.129863281288905
isophon,16,4,3000.0,2.967028767078922
isophon,16,4,4000.0,5.978975186290491
isophon,16,4,6000.0,0.5283164289923263
isophon,16,4,8000.0,-1.6388153300977137
isophon,16,5,250.0,-1.490783041678526
isophon,16,5,500.0,-3.0802212159390194
isophon,16,5,750.0,-3.119712112708882
isophon,16,5,1000.0,-2.460347202856127
isophon,16,5,1500.0,-2.819824031372306
isophon,16,5,2000.0,-10.23823376174039
isophon,16,5,3000.0,1.6796335895088532
isophon,16,5,4000.0,6.924518630989297
isophon,16,5,6000.0,2.4927848773871517
isophon,16,5,8000.0,6.330993553600024
isophon,16,6,250.0,-4.293845150789707
isophon,16,6,500.0,1.243880627332203
isophon,16,6,750.0,5.64550758177478
isophon,16,6,1000.0,4.589781952100111
isophon,16,6,1500.0,2.2679935432377647
isophon,16,6,2000.0,-1.9580485936418341
isophon,16,6,3000.0,1.0710316024026838
isophon,16,6,4000.0,2.339028296322411
isophon,16,6,6000.0,-3.6220719790649554
isophon,16,6,8000.0,3.120422356703557
isophon,16,7,250.0,0.4002796060416216
isophon,16,7,500.0,3.532504973546395
isophon,16,7,750.0,6.064671415202085
isophon,16,7,1000.0,1.0818566345540717
isophon,16,7,1500.0,-0.841785497992916
isophon,16,7,2000.0,-2.5651774096835425
isophon,16,7,3000.0,-0.40894208866068027
isophon,16,7,4000.0,0.013825607962786535
isophon,16,7,6000.0,-6.509472188898997
isophon,16,7,8000.0,-1.3996874479058903
isophon,16,8,250.0,2.6131243473847974
isophon,16,8,500.0,2.4714470319528914
isophon,16,8,750.0,5.201404289361477
isophon,16,8,1000.0,-2.552208656758893
isophon,16,8,1500.0,-3.1460407405961774
isophon,16,8,2000.0,-3.7693898228327924
isophon,16,8,3000.0,-1.7124631928738552
isophon,16,8,4000.0,-1.2276958704516971
isophon,16,8,6000.0,-10.770588378906254
isophon,16,8,8000.0,-7.900785566897966
isophon,16,9,250.0,2.717429931134575
isophon,16,9,500.0,3.0494530158912028
isophon,16,9,750.0,1.6819218450796285
isophon,16,9,1000.0,-5.4336212624525615
isophon,16,9,1500.0,-3.761573127858398
isophon,16,9,2000.0,-3.5830573534251755
isophon,16,9,3000.0,-4.098727605143878
isophon,16,9,4000.0,-2.984995300954637
isophon,16,9,6000.0,-7.480113067626959
isophon,16,9,8000.0,-4.845534387426142
isophon,16,10,250.0,1.3819085670928501
isophon,16,10,500.0,-1.0148569499954476
isophon,16,10,750.0,-1.9765335083007756
isophon,16,10,1000.0,-4.309243774414057
isophon,16,10,1500.0,-2.1122283415773637
isophon,16,10,2000.0,-5.543666326782059
isophon,16,10,3000.0,-1.7248308843827118
isophon,16,10,4000.0,-1.6240172571649794
isophon,16,10,6000.0,-5.519425964355463
isophon,16,10,8000.0,-1.4478753530923711
isophon,17,1,250.0,-12.726371572795948
isophon,17,1,500.0,-13.033082896409695
isophon,17,1,750.0,6.877897088292052
isophon,17,1,1000.0,4.196063962264499
isophon,17,1,1500.0,11.88777925765707
isophon,17,1,2000.0,1.016286648687064
isophon,17,1,3000.0,2.848806246729291
isophon,17,1,4000.0,8.956215575831024
isophon,17,1,6000.0,21.737379695299715
isophon,17,1,8000.0,19.31163690689995
isophon,17,2,250.0,-3.607874008439623
isophon,17,2,500.0,-6.893930274251481
isophon,17,2,750.0,-5.221382989194673
isophon,17,2,1000.0,-3.747328716778746
isophon,17,2,1500.0,11.63088452026669
isophon,17,2,2000.0,0.6620357063206583
isophon,17,2,3000.0,10.085566429436291
isophon,17,2,4000.0,4.926085316448038
isophon,17,2,6000.0,16.8016427201596
isophon,17,2,8000.0,18.18348869664321
isophon,17,3,250.0,-2.459043974003933
isophon,17,3,500.0,-4.107471763680273
isophon,17,3,750.0,0.4653986980181699
isophon,17,3,1000.0,-4.452480804588426
isophon,17,3,1500.0,4.711069350573133
isophon,17,3,2000.0,3.9257392657485823
isophon,17,3,3000.0,1.4540044563336068
isophon,17,3,4000.0,-1.0926139622635702
isophon,17,3,6000.0,10.383933755583847
isophon,17,3,8000.0,17.75265227193173
isophon,17,4,250.0,-0.19209001217430455
isophon,17,4,500.0,-2.663608266212748
isophon,17,4,750.0,2.2531144162596775
isophon,17,4,1000.0,-1.729734939893575
isophon,17,4,1500.0,5.714446593387599
isophon,17,4,2000.0,-0.2674844824117031
isophon,17,4,3000.0,0.39173493159455575
isophon,17,4,4000.0,0.18080325828333343
isophon,17,4,6000.0,2.6186246166677876
isophon,17,4,8000.0,15.88513931482386
isophon,17,5,250.0,3.8433598819075456
isophon,17,5,500.0,-6.8314316564507465
isophon,17,5,750.0,1.5982499647723785
isophon,17,5,1000.0,-4.612380346599338
isophon,17,5,1500.0,6.378934591693991
isophon,17,5,2000.0,3.8260669200232797
isophon,17,5,3000.0,2.696912265493353
isophon,17,5,4000.0,-1.1519460606108112
isophon,17,5,6000.0,-1.8631839201810294
isophon,17,5,8000.0,3.5195043184368444
isophon,17,6,250.0,1.1700688827804981
isophon,17,6,500.0,-1.010687469241688
isophon,17,6,750.0,7.921093222232969
isophon,17,6,1000.0,-1.8194771197185702
isophon,17,6,1500.0,7.38584979714355
isophon,17,6,2000.0,0.4592549080433628
isophon,17,6,3000.0,2.527025828044657
isophon,17,6,4000.0,-0.942766824038614
isophon,17,6,6000.0,1.1578086277334592
isophon,17,6,8000.0,6.976183389091446
isophon,17,7,250.0,4.545885672026145
isophon,17,7,500.0,-3.7986903014402884
isophon,17,7,750.0,6.2768000373101245
isophon,17,7,1000.0,-1.8380309401696735
isophon,17,7,1500.0,4.104945159787121
isophon,17,7,2000.0,0.19290355589102148
isophon,17,7,3000.0,0.5751701163573273
isophon,17,7,4000.0,-1.691464860290921
isophon,17,7,6000.0,-1.4024745849527136
isophon,17,7,8000.0,9.402025777622868
isophon,17,8,250.0,3.2889125421891947
isophon,17,8,500.0,-2.4012215780651758
isophon,17,8,750.0,7.212884713741957
isophon,17,8,1000.0,-2.6704724324556253
isophon,17,8,1500.0,2.5902814165304875
isophon,17,8,2000.0,-3.2945567715380406
isophon,17,8,3000.0,0.32294952744759087
isophon,17,8,4000.0,-1.635484293361202
isophon,17,8,6000.0,-4.422494037065235
isophon,17,8,8000.0,8.23051609468311
isophon,17,9,250.0,1.7190006880775286
isophon,17,9,500.0,-0.8973890266368727
isophon,17,9,750.0,7.777326382173342
isophon,17,9,1000.0,-4.337162676100419
isophon,17,9,1500.0,1.893407268007934
isophon,17,9,2000.0,-4.882213763048057
isophon,17,9,3000.0,-1.1958134308641917
isophon,17,9,4000.0,-2.9315594916172643
isophon,17,9,6000.0,-7.6694226428991215
isophon,17,9,8000.0,6.481914948765308
isophon,17,10,250.0,-4.813676446112609
isophon,17,10,500.0,-1.3289216868767397
isophon,17,10,750.0,5.285482054483666
isophon,17,10,1000.0,-9.421088288912955
isophon,17,10,1500.0,-4.2282919513503
isophon,17,10,2000.0,-7.835303264860869
isophon,17,10,3000.0,2.058960896434016
isophon,17,10,4000.0,-1.616772459737831
isophon,17,10,6000.0,-5.459767393266134
isophon,17,10,8000.0,7.033529890858617
isophon,18,1,250.0,20.64615329091724
isophon,18,1,500.0,0.8704983442653216
isophon,18,1,750.0,6.4812342653087995
isophon,18,1,1000.0,6.638875979288649
isophon,18,1,1500.0,3.205667379418559
isophon,18,1,2000.0,14.899379224929604
isophon,18,1,3000.0,14.489933066502855
isophon,18,1,4000.0,7.610718341141247
isophon,18,1,6000.0,5.795402116469091
isophon,18,1,8000.0,-7.862986046950937
isophon,18,2,250.0,2.156075470264227
isophon,18,2,500.0,8.620087526828847
isophon,18,2,750.0,3.8856611560192817
isophon,18,2,1000.0,1.5854123011327985
isophon,18,2,1500.0,-6.326312335796743
isophon,18,2,2000.0,-3.950239874188725
isophon,18,2,3000.0,0.7804615475482706
isophon,18,2,4000.0,6.689985893768643
isophon,18,2,6000.0,-3.1797802709848497
isophon,18,2,8000.0,-3.8269299609609746
isophon,18,3,250.0,-2.9157904813234268
isophon,18,3,500.0,3.4005930985012043
isophon,18,3,750.0,3.08968382361887
isophon,18,3,1000.0,-2.010315975771192
isophon,18,3,1500.0,0.5233480662048393
isophon,18,3,2000.0,-1.6619763416073852
isophon,18,3,3000.0,-2.3600309968375655
isophon,18,3,4000.0,1.6149304792526777
isophon,18,3,6000.0,-6.761265418865506
isophon,18,3,8000.0,0.9748311733288091
isophon,18,4,250.0,-10.261496586566182
isophon,18,4,500.0,-0.984028275839151
isophon,18,4,750.0,0.6166752622485916
isophon,18,4,1000.0,6.383288221078814
isophon,18,4,1500.0,5.3017518719464505
isophon,18,4,2000.0,-2.2642954969742846
isophon,18,4,3000.0,-5.502245211082254
isophon,18,4,4000.0,-3.521210725937209
isophon,18,4,6000.0,-5.813561695600953
isophon,18,4,8000.0,-11.082917155688875
isophon,18,5,250.0,-6.246404526528551
isophon,18,5,500.0,-1.1754617199965622
isophon,18,5,750.0,2.9267911535627036
isophon,18,5,1000.0,4.116962776043252
isophon,18,5,1500.0,0.22524835403325483
isophon,18,5,2000.0,-3.1570041681532928
isophon,18,5,3000.0,2.6000290451484744
isophon,18,5,4000.0,1.2223525659764078
isophon,18,5,6000.0,-7.149152019701901
isophon,18,5,8000.0,-4.8930860664386415
isophon,18,6,250.0,-0.5633563888194288
isophon,18,6,500.0,-2.032685988912334
isophon,18,6,750.0,-1.2601602374963505
isophon,18,6,1000.0,7.102698588831842
isophon,18,6,1500.0,2.090498427898112
isophon,18,6,2000.0,5.149527266542464
isophon,18,6,3000.0,0.05900207584342354
isophon,18,6,4000.0,3.7690839943554835
isophon,18,6,6000.0,-1.0906359537529937
isophon,18,6,8000.0,-1.9812559632758138
isophon,18,7,250.0,3.2435914104508754
isophon,18,7,500.0,1.216218130277639
isophon,18,7,750.0,2.89938564636806
isophon,18,7,1000.0,8.167933100966849
isophon,18,7,1500.0,3.1116769270478386
isophon,18,7,2000.0,1.9899318235683126
isophon,18,7,3000.0,-1.2900814936134992
isophon,18,7,4000.0,3.0607827648462944
isophon,18,7,6000.0,-1.8159932968982844
isophon,18,7,8000.0,-3.6308036228564333
isophon,18,8,250.0,5.398001130822905
isophon,18,8,500.0,3.824412263474656
isophon,18,8,750.0,4.864835695007642
isophon,18,8,1000.0,6.464212554244185
isophon,18,8,1500.0,-0.15373968699093155
isophon,18,8,2000.0,0.6700431864722844
isophon,18,8,3000.0,0.5118684069594792
isophon,18,8,4000.0,5.276885114707866
isophon,18,8,6000.0,-0.5633096309740324
isophon,18,8,8000.0,-2.7804227390715397
isophon,18,9,250.0,6.362518943996662
isophon,18,9,500.0,5.2602804201649604
isophon,18,9,750.0,4.790030725536468
isophon,18,9,1000.0,5.196744817176935
isophon,18,9,1500.0,-2.1681768195699647
isophon,18,9,2000.0,-4.435129358655715
isophon,18,9,3000.0,1.850197270893588
isophon,18,9,4000.0,5.926772366597717
isophon,18,9,6000.0,0.8162326226469219
isophon,18,9,8000.0,-2.2038959246150824
isophon,18,10,250.0,2.5556506616985786
isophon,18,10,500.0,3.5451841581187153
isophon,18,10,750.0,5.99099525487523
isophon,18,10,1000.0,8.131074656875285
isophon,18,10,1500.0,-0.6358138380039975
isophon,18,10,2000.0,-2.0248729483815993
isophon,18,10,3000.0,-0.8687586742822333
isophon,18,10,4000.0,-0.36209827031616726
isophon,18,10,6000.0,2.262816959239288
isophon,18,10,8000.0,-4.426206207275186
isophon,19,1,250.0,0.8764288911578504
isophon,19,1,500.0,-2.7916384389867943
isophon,19,1,750.0,-5.885841416420778
isophon,19,1,1000.0,3.0550459545486293
isophon,19,1,1500.0,1.967997710050634
isophon,19,1,2000.0,-5.702564157493475
isophon,19,1,3000.0,9.80945000214752
isophon,19,1,4000.0,9.669311943433627
isophon,19,1,6000.0,26.654115565655403
isophon,19,1,8000.0,27.518650459311502
isophon,19,2,250.0,7.742840637140013
isophon,19,2,500.0,-6.725295032074527
isophon,19,2,750.0,-3.0068847538879595
isophon,19,2,1000.0,-7.580212889844745
isophon,19,2,1500.0,0.05289928588297954
isophon,19,2,2000.0,11.572389000543563
isophon,19,2,3000.0,-0.4247935204195059
isophon,19,2,4000.0,6.404671793199498
isophon,19,2,6000.0,11.982045664045032
isophon,19,2,8000.0,7.075937458784651
isophon,19,3,250.0,-0.24829759117397288
isophon,19,3,500.0,-8.430508313551343
isophon,19,3,750.0,-6.68160633903512
isophon,19,3,1000.0,-5.722914461772859
isophon,19,3,1500.0,2.7829232074423373
isophon,19,3,2000.0,5.5154432076818125
isophon,19,3,3000.0,3.468388453575315
isophon,19,3,4000.0,7.060696265895714
isophon,19,3,6000.0,5.433387268434643
isophon,19,3,8000.0,6.921783296694272
isophon,19,4,250.0,2.739204355882464
isophon,19,4,500.0,-15.830525064025124
isophon,19,4,750.0,-9.622038168343991
isophon,19,4,1000.0,-2.9354466566936708
isophon,19,4,1500.0,2.878777917013835
isophon,19,4,2000.0,5.507968933461996
isophon,19,4,3000.0,3.5449447906876514
isophon,19,4,4000.0,11.149985523191447
isophon,19,4,6000.0,2.741814473152388
isophon,19,4,8000.0,10.919905234415523
isophon,19,5,250.0,10.381371801622748
isophon,19,5,500.0,-6.7173960491432325
isophon,19,5,750.0,-4.137413844271535
isophon,19,5,1000.0,-3.184057284924691
isophon,19,5,1500.0,1.7832447785248036
isophon,19,5,2000.0,4.490645360757213
isophon,19,5,3000.0,3.656167853568718
isophon,19,5,4000.0,9.307672282109564
isophon,19,5,6000.0,3.9213343060506247
isophon,19,5,8000.0,13.38788434024022
isophon,19,6,250.0,14.172652153187954
isophon,19,6,500.0,-2.0768255224852226
isophon,19,6,750.0,2.7948059425403926
isophon,19,6,1000.0,0.6022405992954276
isophon,19,6,1500.0,6.019081599429114
isophon,19,6,2000.0,1.5239275857695844
isophon,19,6,3000.0,-0.041805491161852615
isophon,19,6,4000.0,-5.394792217535155
isophon,19,6,6000.0,-5.851706128150724
isophon,19,6,8000.0,5.942392170308153
isophon,19,7,250.0,0.6029492593527692
isophon,19,7,500.0,-3.80227344974665
isophon,19,7,750.0,0.3305704713320381
isophon,19,7,1000.0,-1.4666119902918382
isophon,19,7,1500.0,0.8306244561806011
isophon,19,7,2000.0,3.040437068852171
isophon,19,7,3000.0,0.09562268435975341
isophon,19,7,4000.0,-11.3913191978653
isophon,19,7,6000.0,-11.640261166731506
isophon,19,7,8000.0,7.038228667029131
isophon,19,8,250.0,3.061488872554648
isophon,19,8,500.0,-3.936424016894705
isophon,19,8,750.0,-5.301670005177698
isophon,19,8,1000.0,-4.3054425667803
isophon,19,8,1500.0,-5.037017403823356
isophon,19,8,2000.0,-0.7365143286429401
isophon,19,8,3000.0,-1.5184247924836
isophon,19,8,4000.0,-8.462749190241354
isophon,19,8,6000.0,-11.548279232876709
isophon,19,8,8000.0,7.315246543946515
isophon,19,9,250.0,4.228193719995943
isophon,19,9,500.0,-3.375333824049207
isophon,19,9,750.0,-8.656442431877906
isophon,19,9,1000.0,-9.055279978176472
isophon,19,9,1500.0,-10.28494604440074
isophon,19,9,2000.0,-8.602632059998001
isophon,19,9,3000.0,-5.1055719540858036
isophon,19,9,4000.0,-8.882573415710283
isophon,19,9,6000.0,-9.448082013684242
isophon,19,9,8000.0,1.8768015058614225
isophon,19,10,250.0,-0.058216097708921666
isophon,19,10,500.0,-1.117614671090493
isophon,19,10,750.0,-7.071181325789382
isophon,19,10,1000.0,-5.676152906517899
isophon,19,10,1500.0,-8.426897935003993
isophon,19,10,2000.0,-6.217955822642793
isophon,19,10,3000.0,-4.083304988055971
isophon,19,10,4000.0,-6.329877291345056
isophon,19,10,6000.0,-7.705380652360134
isophon,19,10,8000.0,-0.16290240854236515
isophon,20,1,250.0,14.291081993890932
isophon,20,1,500.0,8.855464436349529
isophon,20,1,750.0,3.090058631896973
isophon,20,1,1000.0,-3.7323736222921067
isophon,20,1,1500.0,-16.493698693719935
isophon,20,1,2000.0,8.19257278847207
isophon,20,1,3000.0,5.96595407817891
isophon,20,1,4000.0,11.0429570493584
isophon,20,1,6000.0,10.266145901221295
isophon,20,1,8000.0,7.644141974703899
isophon,20,2,250.0,-3.6313729898550164
isophon,20,2,500.0,-1.242232941228444
isophon,20,2,750.0,-7.724400787353517
isophon,20,2,1000.0,-3.3451060552735683
isophon,20,2,1500.0,0.7183328169652725
isophon,20,2,2000.0,11.505470551216312
isophon,20,2,3000.0,11.273047610184364
isophon,20,2,4000.0,15.559460693312936
isophon,20,2,6000.0,0.977681223341321
isophon,20,2,8000.0,0.8814306285611053
isophon,20,3,250.0,-4.1576856671887015
isophon,20,3,500.0,-5.731737317190436
isophon,20,3,750.0,-8.26483674440803
isophon,20,3,1000.0,-4.1423107497445955
isophon,20,3,1500.0,3.1495650927088406
isophon,20,3,2000.0,4.417517760994883
isophon,20,3,3000.0,2.1550939016405835
isophon,20,3,4000.0,1.3556414526411515
isophon,20,3,6000.0,0.6601605836335978
isophon,20,3,8000.0,-1.4879181789378322
isophon,20,4,250.0,-0.7463680406518449
isophon,20,4,500.0,-2.0706347636814826
isophon,20,4,750.0,-5.466777887723225
isophon,20,4,1000.0,-3.40628554833917
isophon,20,4,1500.0,3.0869553420835416
isophon,20,4,2000.0,-4.214639686862284
isophon,20,4,3000.0,-4.904449506211037
isophon,20,4,4000.0,-0.011807393926375198
isophon,20,4,6000.0,1.0227927723998391
isophon,20,4,8000.0,-3.779400068377967
isophon,20,5,250.0,-2.724402714349239
isophon,20,5,500.0,0.38918994854957134
isophon,20,5,750.0,-0.05881693820985845
isophon,20,5,1000.0,2.7902874662131296
isophon,20,5,1500.0,8.239732346806477
isophon,20,5,2000.0,-1.2214801353701006
isophon,20,5,3000.0,-1.906601035569821
isophon,20,5,4000.0,1.7679445760106063
isophon,20,5,6000.0,-4.410567525004225
isophon,20,5,8000.0,-6.96127431102822
isophon,20,6,250.0,-3.072825291300717
isophon,20,6,500.0,0.82666780918683
isophon,20,6,750.0,-1.6048196289733028
isophon,20,6,1000.0,3.479737927082269
isophon,20,6,1500.0,5.599619790505827
isophon,20,6,2000.0,5.772956055340032
isophon,20,6,3000.0,1.6267043000594583
isophon,20,6,4000.0,10.12302113738913
isophon,20,6,6000.0,-3.3056817558277345
isophon,20,6,8000.0,1.0492406579916747
isophon,20,7,250.0,-3.5489940973975678
isophon,20,7,500.0,-1.4566215494415786
isophon,20,7,750.0,-1.0738887023925798
isophon,20,7,1000.0,0.04356786241099542
isophon,20,7,1500.0,7.973773673834955
isophon,20,7,2000.0,8.285477537863883
isophon,20,7,3000.0,5.044274348534273
isophon,20,7,4000.0,12.706668949844413
isophon,20,7,6000.0,-0.5665940840641639
isophon,20,7,8000.0,2.514565298895576
isophon,20,8,250.0,-2.4261593627929727
isophon,20,8,500.0,2.9231357017816606
isophon,20,8,750.0,1.644126434326168
isophon,20,8,1000.0,2.9441892778143597
isophon,20,8,1500.0,9.928965129960474
isophon,20,8,2000.0,8.76549724576239
isophon,20,8,3000.0,7.411419480669423
isophon,20,8,4000.0,12.784172223493286
isophon,20,8,6000.0,1.554807334461401
isophon,20,8,8000.0,3.965943607945917
isophon,20,9,250.0,-2.069960632324225
isophon,20,9,500.0,5.413336549560299
isophon,20,9,750.0,4.053296051025384
isophon,20,9,1000.0,3.46398033544412
isophon,20,9,1500.0,10.145858044139771
isophon,20,9,2000.0,9.422285213331776
isophon,20,9,3000.0,8.501405011300662
isophon,20,9,4000.0,12.412079297211491
isophon,20,9,6000.0,3.9874270924039905
isophon,20,9,8000.0,5.788701933486934
isophon,20,10,250.0,-0.3084770202636662
isophon,20,10,500.0,5.237332215434506
isophon,20,10,750.0,3.8593124389648494
isophon,20,10,1000.0,5.87033359002848
isophon,20,10,1500.0,10.00451665650992
isophon,20,10,2000.0,10.308245488546262
isophon,20,10,3000.0,9.434968865970205
isophon,20,10,4000.0,11.352002373353244
isophon,20,10,6000.0,4.748883180269729
isophon,20,10,8000.0,1.191411127319455
isophon,21,1,250.0,-4.998865454421036
isophon,21,1,500.0,-6.873227869862539
isophon,21,1,750.0,-2.159919488854417
isophon,21,1,1000.0,-7.164751470870755
isophon,21,1,1500.0,-7.200777270022769
isophon,21,1,2000.0,12.62020897942428
isophon,21,1,3000.0,18.474781341552735
isophon,21,1,4000.0,17.21403662317846
isophon,21,1,6000.0,3.4938408597716446
isophon,21,1,8000.0,-1.9961267187345726
isophon,21,2,250.0,-7.5111013546830065
isophon,21,2,500.0,-10.11792627366524
isophon,21,2,750.0,-11.436171387999238
isophon,21,2,1000.0,7.476418202085831
isophon,21,2,1500.0,-0.346949820498871
isophon,21,2,2000.0,-3.576969590272835
isophon,21,2,3000.0,0.3391213943560203
isophon,21,2,4000.0,-1.4737696017642463
isophon,21,2,6000.0,-1.400294232484427
isophon,21,2,8000.0,-11.279103936847335
isophon,21,3,250.0,-4.798630297080706
isophon,21,3,500.0,-3.522801467004065
isophon,21,3,750.0,-2.2489000975190976
isophon,21,3,1000.0,1.3292443023182834
isophon,21,3,1500.0,3.3019982578048115
isophon,21,3,2000.0,-7.394618168822163
isophon,21,3,3000.0,0.4765131032437324
isophon,21,3,4000.0,4.542201872350894
isophon,21,3,6000.0,-0.27935366991653154
isophon,21,3,8000.0,-9.220010909108879
isophon,21,4,250.0,5.024969726580338
isophon,21,4,500.0,5.554994148199796
isophon,21,4,750.0,2.6864214306783225
isophon,21,4,1000.0,-2.5514762943669
isophon,21,4,1500.0,-0.4302751679517627
isophon,21,4,2000.0,-4.05569872536973
isophon,21,4,3000.0,1.7380504422090226
isophon,21,4,4000.0,7.516008269717304
isophon,21,4,6000.0,7.214445428734798
isophon,21,4,8000.0,-4.474811066474771
isophon,21,5,250.0,15.24569554377402
isophon,21,5,500.0,2.9723817712867913
isophon,21,5,750.0,1.3198042189144985
isophon,21,5,1000.0,-8.046326678800455
isophon,21,5,1500.0,6.563629268104783
isophon,21,5,2000.0,3.7170446553461005
isophon,21,5,3000.0,5.674969169559532
isophon,21,5,4000.0,6.191385009784987
isophon,21,5,6000.0,5.7923647515933965
isophon,21,5,8000.0,-6.122874329690319
isophon,21,6,250.0,10.987413167593644
isophon,21,6,500.0,-2.1415349419264658
isophon,21,6,750.0,1.4704570540017414
isophon,21,6,1000.0,-4.522574085309245
isophon,21,6,1500.0,-6.288159083876309
isophon,21,6,2000.0,0.13054456341245668
isophon,21,6,3000.0,-3.260351317767771
isophon,21,6,4000.0,1.0513974121838032
isophon,21,6,6000.0,-2.0783321378304436
isophon,21,6,8000.0,-0.9599151217232418
isophon,21,7,250.0,0.5190856799972181
isophon,21,7,500.0,-0.6327098333522656
isophon,21,7,750.0,1.7201310630735236
isophon,21,7,1000.0,-5.980072564335572
isophon,21,7,1500.0,-4.234797431831069
isophon,21,7,2000.0,3.562965997472446
isophon,21,7,3000.0,-1.5058508755985258
isophon,21,7,4000.0,1.798274146818244
isophon,21,7,6000.0,0.1500872322198461
isophon,21,7,8000.0,-3.5735450166526164
isophon,21,8,250.0,2.4184833695914705
isophon,21,8,500.0,-0.6595784754695444
isophon,21,8,750.0,1.5375120926531878
isophon,21,8,1000.0,-1.4088469323018842
isophon,21,8,1500.0,-2.363084757070709
isophon,21,8,2000.0,1.6150327251607166
isophon,21,8,3000.0,-6.260102764449869
isophon,21,8,4000.0,-1.6562335830428339
isophon,21,8,6000.0,-2.116478232796993
isophon,21,8,8000.0,-1.7066387390624556
isophon,21,9,250.0,4.138689318040619
isophon,21,9,500.0,-3.119937041511804
isophon,21,9,750.0,1.8193943486876236
isophon,21,9,1000.0,-0.13461725995806262
isophon,21,9,1500.0,-2.055934772219885
isophon,21,9,2000.0,0.6974710898117706
isophon,21,9,3000.0,-10.781867065429552
isophon,21,9,4000.0,-0.7786012164227571
isophon,21,9,6000.0,-4.2934163727699115
isophon,21,9,8000.0,-2.4065724018169163
isophon,21,10,250.0,7.123219651397449
isophon,21,10,500.0,1.2307393016015027
isophon,21,10,750.0,4.727748772144523
isophon,21,10,1000.0,3.9482718493174076
isophon,21,10,1500.0,2.1799890944835596
isophon,21,10,2000.0,-0.18320753813071633
isophon,21,10,3000.0,-8.07076416015613
isophon,21,10,4000.0,2.3609710230362566
isophon,21,10,6000.0,-8.525221997317374
isophon,21,10,8000.0,-1.8689521483353246
isophon,22,1,250.0,7.650372893449671
isophon,22,1,500.0,-9.24894412489948
isophon,22,1,750.0,-1.5413899583300505
isophon,22,1,1000.0,10.470853015471043
isophon,22,1,1500.0,-5.629442634213397
isophon,22,1,2000.0,12.418884764714019
isophon,22,1,3000.0,18.942652053833008
isophon,22,1,4000.0,10.6802292321227
isophon,22,1,6000.0,4.918471298163933
isophon,22,1,8000.0,28.33174246332574
isophon,22,2,250.0,6.997014269882641
isophon,22,2,500.0,2.7380653761057516
isophon,22,2,750.0,1.457825144623932
isophon,22,2,1000.0,-1.925050594927562
isophon,22,2,1500.0,-2.1936546204876635
isophon,22,2,2000.0,-1.9568024919691993
isophon,22,2,3000.0,4.087918014526366
isophon,22,2,4000.0,2.3739192073581563
isophon,22,2,6000.0,0.056680849002354705
isophon,22,2,8000.0,37.1208904854052
isophon,22,3,250.0,0.704754410204572
isophon,22,3,500.0,-3.8644874759557126
isophon,22,3,750.0,3.083181630182324
isophon,22,3,1000.0,-1.754628028885179
isophon,22,3,1500.0,-5.799556354483656
isophon,22,3,2000.0,-8.394892286024373
isophon,22,3,3000.0,-3.9534726630264316
isophon,22,3,4000.0,6.228330106147439
isophon,22,3,6000.0,5.441317208558985
isophon,22,3,8000.0,17.43551960105445
isophon,22,4,250.0,-3.857739846161394
isophon,22,4,500.0,0.47240410335218996
isophon,22,4,750.0,4.764679150280557
isophon,22,4,1000.0,-0.48985495584202
isophon,22,4,1500.0,1.8357267265302823
isophon,22,4,2000.0,-1.3285715049835432
isophon,22,4,3000.0,-1.575778823268564
isophon,22,4,4000.0,-3.3583473757379636
isophon,22,4,6000.0,-0.7305864268993361
isophon,22,4,8000.0,16.576981941003396
isophon,22,5,250.0,1.2514494489264791
isophon,22,5,500.0,0.46110709185855114
isophon,22,5,750.0,1.8917839237745682
isophon,22,5,1000.0,2.4512814349243968
isophon,22,5,1500.0,4.970861021784103
isophon,22,5,2000.0,-0.8750029672536641
isophon,22,5,3000.0,-0.12457661160742362
isophon,22,5,4000.0,-1.718331658802967
isophon,22,5,6000.0,4.200179751575348
isophon,22,5,8000.0,17.82260856820676
isophon,22,6,250.0,5.754960062958858
isophon,22,6,500.0,1.5695339474669083
isophon,22,6,750.0,1.7757810948786243
isophon,22,6,1000.0,-0.20339832468692975
isophon,22,6,1500.0,-1.0670924029661535
isophon,22,6,2000.0,-3.798867677273222
isophon,22,6,3000.0,2.5975706454337484
isophon,22,6,4000.0,0.3874135094701785
isophon,22,6,6000.0,8.90402795804772
isophon,22,6,8000.0,17.115894609115486
isophon,22,7,250.0,9.28794430300161
isophon,22,7,500.0,5.148836243059989
isophon,22,7,750.0,5.873358816642266
isophon,22,7,1000.0,6.435038084934092
isophon,22,7,1500.0,4.944482748250536
isophon,22,7,2000.0,2.487102930790229
isophon,22,7,3000.0,8.044635464769684
isophon,22,7,4000.0,4.162175892402516
isophon,22,7,6000.0,6.511084804064993
isophon,22,7,8000.0,11.800522739832516
isophon,22,8,250.0,9.37306763116517
isophon,22,8,500.0,5.7705344635678415
isophon,22,8,750.0,7.916487046552064
isophon,22,8,1000.0,6.761942240281627
isophon,22,8,1500.0,5.175799070808509
isophon,22,8,2000.0,4.5920964920521925
isophon,22,8,3000.0,10.106165211772137
isophon,22,8,4000.0,3.247298778445696
isophon,22,8,6000.0,8.296104762400688
isophon,22,8,8000.0,12.122284733227431
isophon,22,9,250.0,8.615509413937858
isophon,22,9,500.0,6.155841267654083
isophon,22,9,750.0,8.932307362245666
isophon,22,9,1000.0,8.033596210520102
isophon,22,9,1500.0,4.145570458833973
isophon,22,9,2000.0,6.562252886602494
isophon,22,9,3000.0,11.194940508958396
isophon,22,9,4000.0,4.613829032517685
isophon,22,9,6000.0,10.34609138782291
isophon,22,9,8000.0,10.55441112166342
isophon,22,10,250.0,7.636536156739552
isophon,22,10,500.0,6.344408425102429
isophon,22,10,750.0,8.552873828204724
isophon,22,10,1000.0,7.728590454090835
isophon,22,10,1500.0,5.112653714178819
isophon,22,10,2000.0,8.048103981505449
isophon,22,10,3000.0,9.504127419818175
isophon,22,10,4000.0,4.247621057606068
isophon,22,10,6000.0,10.604020259651605
isophon,22,10,8000.0,10.935296481204375
isophon,23,1,250.0,5.802394293124806
isophon,23,1,500.0,-2.248040406781435
isophon,23,1,750.0,6.347013428344738
isophon,23,1,1000.0,-0.39084530614789514
isophon,23,1,1500.0,-2.543202334936293
isophon,23,1,2000.0,-2.276786302118829
isophon,23,1,3000.0,-17.602039143703394
isophon,23,1,4000.0,-14.51644395522986
isophon,23,1,6000.0,-0.7785652607161726
isophon,23,1,8000.0,-2.4380361514112145
isophon,23,2,250.0,0.9799443344223704
isophon,23,2,500.0,-6.985929840566456
isophon,23,2,750.0,-3.553716685756953
isophon,23,2,1000.0,-3.7200593899661882
isophon,23,2,1500.0,8.044524197619044
isophon,23,2,2000.0,8.99798949405766
isophon,23,2,3000.0,-5.9942924266348285
isophon,23,2,4000.0,-3.5977024477739903
isophon,23,2,6000.0,2.505712475996873
isophon,23,2,8000.0,0.22301009558912455
isophon,23,3,250.0,9.654967332607995
isophon,23,3,500.0,-0.9354755233792957
isophon,23,3,750.0,-4.563166505146356
isophon,23,3,1000.0,-3.214046784957567
isophon,23,3,1500.0,17.572198568495153
isophon,23,3,2000.0,20.69145224196925
isophon,23,3,3000.0,-7.33290011886961
isophon,23,3,4000.0,2.3270871502767534
isophon,23,3,6000.0,4.31226848061651
isophon,23,3,8000.0,-5.123044434486168
isophon,23,4,250.0,-1.0466765453118683
isophon,23,4,500.0,0.8428813858748185
isophon,23,4,750.0,1.9201094756282515
isophon,23,4,1000.0,3.087430115695213
isophon,23,4,1500.0,6.645157120628255
isophon,23,4,2000.0,12.74633008013189
isophon,23,4,3000.0,-0.919025889387882
isophon,23,4,4000.0,-0.623321172038132
isophon,23,4,6000.0,-3.1947567860930377
isophon,23,4,8000.0,-13.827251014205672
isophon,23,5,250.0,7.120985853788625
isophon,23,5,500.0,4.293559396891936
isophon,23,5,750.0,-1.4728834014565138
isophon,23,5,1000.0,-8.239866873362516
isophon,23,5,1500.0,-7.116009334216869
isophon,23,5,2000.0,9.040845398010632
isophon,23,5,3000.0,-7.04069870675319
isophon,23,5,4000.0,-4.007948674817925
isophon,23,5,6000.0,-1.5229961557878795
isophon,23,5,8000.0,-8.275609006644046
isophon,23,6,250.0,-5.0261339572745385
isophon,23,6,500.0,-5.121001332681146
isophon,23,6,750.0,-2.4483650604082356
isophon,23,6,1000.0,2.3619035266540322
isophon,23,6,1500.0,-1.5649854316406504
isophon,23,6,2000.0,4.197415950616858
isophon,23,6,3000.0,-0.2656646243715386
isophon,23,6,4000.0,3.2444370873363653
isophon,23,6,6000.0,-2.2548208825666336
isophon,23,6,8000.0,-17.77893854939353
isophon,23,7,250.0,-2.6419363000132563
isophon,23,7,500.0,-0.9253671440095417
isophon,23,7,750.0,1.0571153886830444
isophon,23,7,1000.0,-1.3406840659691
isophon,23,7,1500.0,-2.192137614395321
isophon,23,7,2000.0,4.834993969744474
isophon,23,7,3000.0,-1.3063704601961206
isophon,23,7,4000.0,-1.6873343393274354
isophon,23,7,6000.0,-1.0052794092620445
isophon,23,7,8000.0,-13.700702238310427
isophon,23,8,250.0,-1.3779063857129756
isophon,23,8,500.0,2.80726248203419
isophon,23,8,750.0,-0.38672612801983064
isophon,23,8,1000.0,-0.9753745728255296
isophon,23,8,1500.0,-1.854115802396933
isophon,23,8,2000.0,5.997812770591551
isophon,23,8,3000.0,1.9293257282864005
isophon,23,8,4000.0,-2.817482899444826
isophon,23,8,6000.0,-1.5525169241791446
isophon,23,8,8000.0,-10.308410413714853
isophon,23,9,250.0,-0.43208589362872374
isophon,23,9,500.0,4.7024122152656815
isophon,23,9,750.0,-0.19437020347311318
isophon,23,9,1000.0,-1.6618883071883914
isophon,23,9,1500.0,-0.9190672279324019
isophon,23,9,2000.0,6.2229575427578965
isophon,23,9,3000.0,5.638267371132187
isophon,23,9,4000.0,-0.667908037530708
isophon,23,9,6000.0,-1.346655020610072
isophon,23,9,8000.0,-6.362616358497377
isophon,23,10,250.0,0.8086478118620164
isophon,23,10,500.0,0.33377759418335984
isophon,23,10,750.0,0.7937878124732123
isophon,23,10,1000.0,1.8389942451797197
isophon,23,10,1500.0,0.7888143254867543
isophon,23,10,2000.0,8.813788952105782
isophon,23,10,3000.0,6.718433747537489
isophon,23,10,4000.0,-0.12269479121248139
isophon,23,10,6000.0,-1.9140457558556818
isophon,23,10,8000.0,-5.3102214424799286
isophon,24,1,250.0,-8.570108359913249
isophon,24,1,500.0,-11.478474310767012
isophon,24,1,750.0,-12.70958132978317
isophon,24,1,1000.0,-1.5954757652274836
isophon,24,1,1500.0,-4.64653790399278
isophon,24,1,2000.0,-20.990078509815504
isophon,24,1,3000.0,-21.792298467477565
isophon,24,1,4000.0,5.001325873079722
isophon,24,1,6000.0,-15.83602264030732
isophon,24,1,8000.0,-15.932095884869867
isophon,24,2,250.0,-1.2430095923575806
isophon,24,2,500.0,-13.956025436508767
isophon,24,2,750.0,-8.417372096750519
isophon,24,2,1000.0,1.7362353042129044
isophon,24,2,1500.0,4.032109473645576
isophon,24,2,2000.0,-2.657770151553194
isophon,24,2,3000.0,-1.319571118313462
isophon,24,2,4000.0,7.789527885462618
isophon,24,2,6000.0,-7.022681346069248
isophon,24,2,8000.0,-7.219104324558884
isophon,24,3,250.0,2.1246050243211556
isophon,24,3,500.0,1.4471045976574999
isophon,24,3,750.0,0.7963476463549739
isophon,24,3,1000.0,-1.8629716954352773
isophon,24,3,1500.0,9.82431882192931
isophon,24,3,2000.0,-3.133344811607202
isophon,24,3,3000.0,2.1697487335634804
isophon,24,3,4000.0,6.818814401338244
isophon,24,3,6000.0,-2.82485967372844
isophon,24,3,8000.0,2.7342446656006416
isophon,24,4,250.0,7.380488128246782
isophon,24,4,500.0,-1.4298621627658008
isophon,24,4,750.0,2.7366378623621443
isophon,24,4,1000.0,-0.8602303512176661
isophon,24,4,1500.0,10.177443815929053
isophon,24,4,2000.0,4.422557313223436
isophon,24,4,3000.0,-4.681271891103847
isophon,24,4,4000.0,0.33836232487227846
isophon,24,4,6000.0,3.1800307299639172
isophon,24,4,8000.0,7.734701647648052
isophon,24,5,250.0,-7.4407356586226285
isophon,24,5,500.0,-7.598340658127611
isophon,24,5,750.0,6.37779335841266
isophon,24,5,1000.0,2.5550944191689666
isophon,24,5,1500.0,10.120727767879345
isophon,24,5,2000.0,8.966284721418802
isophon,24,5,3000.0,-2.3604564085186013
isophon,24,5,4000.0,3.4777253735271643
isophon,24,5,6000.0,2.2005363920949463
isophon,24,5,8000.0,10.42923694267563
isophon,24,6,250.0,0.7296529827347911
isophon,24,6,500.0,-7.691619171595903
isophon,24,6,750.0,6.56104349092432
isophon,24,6,1000.0,0.8506463876968837
isophon,24,6,1500.0,8.775385929473458
isophon,24,6,2000.0,6.55861552676302
isophon,24,6,3000.0,-1.4362000611429124
isophon,24,6,4000.0,-1.6713183845983792
isophon,24,6,6000.0,-3.4366707425952967
isophon,24,6,8000.0,3.1939688791623126
isophon,24,7,250.0,-6.814724645524876
isophon,24,7,500.0,-8.649070376563657
isophon,24,7,750.0,-1.8550822568464724
isophon,24,7,1000.0,-1.6866642499744557
isophon,24,7,1500.0,3.3474683888408947
isophon,24,7,2000.0,2.8385276437090283
isophon,24,7,3000.0,-4.699470953998414
isophon,24,7,4000.0,-4.159405424400703
isophon,24,7,6000.0,-3.665905838929021
isophon,24,7,8000.0,3.190612814751063
isophon,24,8,250.0,-13.316723301848796
isophon,24,8,500.0,-7.6336977769180265
isophon,24,8,750.0,-4.504592793780915
isophon,24,8,1000.0,-0.9608709744398567
isophon,24,8,1500.0,2.782880417135587
isophon,24,8,2000.0,1.4764933293239721
isophon,24,8,3000.0,-5.023302600604595
isophon,24,8,4000.0,-5.114763124781135
isophon,24,8,6000.0,-3.809402372215061
isophon,24,8,8000.0,2.1213790519114184
isophon,24,9,250.0,-13.853816070556519
isophon,24,9,500.0,-8.876925387022126
isophon,24,9,750.0,-3.7718593774494735
isophon,24,9,1000.0,-2.3987272579400525
isophon,24,9,1500.0,2.8679917262431616
isophon,24,9,2000.0,-0.43192174774330283
isophon,24,9,3000.0,-6.871313716708215
isophon,24,9,4000.0,-5.558153368235125
isophon,24,9,6000.0,-3.2816378461335916
isophon,24,9,8000.0,0.47508040536264673
isophon,24,10,250.0,-9.253255462646365
isophon,24,10,500.0,-7.733550170716427
isophon,24,10,750.0,-3.732297790617366
isophon,24,10,1000.0,-2.3672153530295645
isophon,24,10,1500.0,1.603637322619079
isophon,24,10,2000.0,-5.730866712769611
isophon,24,10,3000.0,-4.390529062263539
isophon,24,10,4000.0,-5.803263628174832
isophon,24,10,6000.0,-3.8105201532359985
isophon,24,10,8000.0,-1.4180750622233518
isophon,25,1,250.0,19.131310891960183
isophon,25,1,500.0,-8.447167290976964
isophon,25,1,750.0,-9.313247416523883
isophon,25,1,1000.0,-11.517234363973756
isophon,25,1,1500.0,-6.103424725431795
isophon,25,1,2000.0,2.204486748210467
isophon,25,1,3000.0,11.31973392486572
isophon,25,1,4000.0,-5.074002928735943
isophon,25,1,6000.0,-3.653495633483253
isophon,25,1,8000.0,11.138731564485354
isophon,25,2,250.0,3.5788037461809523
isophon,25,2,500.0,7.318847448286455
isophon,25,2,750.0,0.45513989614758543
isophon,25,2,1000.0,-2.4967069963470863
isophon,25,2,1500.0,11.329357182045428
isophon,25,2,2000.0,10.802213501570431
isophon,25,2,3000.0,-0.12666831072776574
isophon,25,2,4000.0,1.5745820521503475
isophon,25,2,6000.0,14.497117345631274
isophon,25,2,8000.0,13.880281355650666
isophon,25,3,250.0,-4.100887060554243
isophon,25,3,500.0,1.7455820088244423
isophon,25,3,750.0,-1.8890559815744226
isophon,25,3,1000.0,-0.7773585984664635
isophon,25,3,1500.0,6.87904802503094
isophon,25,3,2000.0,10.514099257657634
isophon,25,3,3000.0,-3.7117514797439597
isophon,25,3,4000.0,2.123502944682187
isophon,25,3,6000.0,7.503947901108049
isophon,25,3,8000.0,10.361503821338275
isophon,25,4,250.0,-2.796337994788871
isophon,25,4,500.0,-1.765894733848043
isophon,25,4,750.0,-2.2769820338052114
isophon,25,4,1000.0,0.12028940422547407
isophon,25,4,1500.0,12.997046894975313
isophon,25,4,2000.0,12.675443329206217
isophon,25,4,3000.0,-1.2312517526490723
isophon,25,4,4000.0,7.314776332534279
isophon,25,4,6000.0,8.547157828197044
isophon,25,4,8000.0,10.204191211050158
isophon,25,5,250.0,2.979748091283099
isophon,25,5,500.0,-3.544858661868119
isophon,25,5,750.0,2.6611199432459642
isophon,25,5,1000.0,7.530978592516931
isophon,25,5,1500.0,11.743673414859643
isophon,25,5,2000.0,7.268707448539416
isophon,25,5,3000.0,0.9531938957463524
isophon,25,5,4000.0,10.674107410908775
isophon,25,5,6000.0,14.140687581393962
isophon,25,5,8000.0,17.387017671603857
isophon,25,6,250.0,-1.0138209427883567
isophon,25,6,500.0,-2.005194227627385
isophon,25,6,750.0,0.6989634787254033
isophon,25,6,1000.0,0.5245571211201252
isophon,25,6,1500.0,-1.2736504395974322
isophon,25,6,2000.0,6.592807780321863
isophon,25,6,3000.0,-8.411832800040528
isophon,25,6,4000.0,4.244797524536949
isophon,25,6,6000.0,7.8931427239546395
isophon,25,6,8000.0,12.242051144190995
isophon,25,7,250.0,-0.10246477257419428
isophon,25,7,500.0,1.244706921513128
isophon,25,7,750.0,3.403860259427958
isophon,25,7,1000.0,2.422511372064605
isophon,25,7,1500.0,2.869932980974582
isophon,25,7,2000.0,1.5546491383149714
isophon,25,7,3000.0,-8.906898341880947
isophon,25,7,4000.0,1.197293174217421
isophon,25,7,6000.0,3.631259780167767
isophon,25,7,8000.0,5.1276898988495105
isophon,25,8,250.0,1.6788885634332047
isophon,25,8,500.0,-0.2628026769870502
isophon,25,8,750.0,4.772529430715451
isophon,25,8,1000.0,2.140149962713963
isophon,25,8,1500.0,1.9919136487399243
isophon,25,8,2000.0,1.0435491856152197
isophon,25,8,3000.0,-11.008240523322868
isophon,25,8,4000.0,-1.3492181937487118
isophon,25,8,6000.0,2.286543722087657
isophon,25,8,8000.0,2.7728324955063783
isophon,25,9,250.0,1.9389009349718265
isophon,25,9,500.0,0.935474302112695
isophon,25,9,750.0,3.5730608228676886
isophon,25,9,1000.0,3.6489333032939584
isophon,25,9,1500.0,2.796048722349809
isophon,25,9,2000.0,1.6801198760180682
isophon,25,9,3000.0,-9.614909210204857
isophon,25,9,4000.0,0.5688746464136756
isophon,25,9,6000.0,0.5677188833275295
isophon,25,9,8000.0,0.20910798811419795
isophon,25,10,250.0,2.6767804200064234
isophon,25,10,500.0,-0.754274457868334
isophon,25,10,750.0,4.080367163821862
isophon,25,10,1000.0,2.6301500402822313
isophon,25,10,1500.0,1.1815570049515713
isophon,25,10,2000.0,4.67686662463349
isophon,25,10,3000.0,-6.532804107665797
isophon,25,10,4000.0,2.0458488040874983
isophon,25,10,6000.0,1.9449865312566743
isophon,25,10,8000.0,1.5039712724701388
isophon,26,1,250.0,-1.7194330670148048
isophon,26,1,500.0,27.54714847716174
isophon,26,1,750.0,5.672722576136227
isophon,26,1,1000.0,4.916449763746442
isophon,26,1,1500.0,18.79227302491067
isophon,26,1,2000.0,-7.402162090828142
isophon,26,1,3000.0,-5.433364911991504
isophon,26,1,4000.0,-2.9659278922415346
isophon,26,1,6000.0,8.575962942701395
isophon,26,1,8000.0,8.040462529122337
isophon,26,2,250.0,2.488904036737374
isophon,26,2,500.0,9.517711771278925
isophon,26,2,750.0,4.008137040787432
isophon,26,2,1000.0,-5.535624963415657
isophon,26,2,1500.0,3.444588142244754
isophon,26,2,2000.0,-3.308505591586588
isophon,26,2,3000.0,-4.051663598937552
isophon,26,2,4000.0,3.387225151035665
isophon,26,2,6000.0,9.678057772347643
isophon,26,2,8000.0,2.6057131221919008
isophon,26,3,250.0,9.097627789032977
isophon,26,3,500.0,4.542304808631158
isophon,26,3,750.0,0.42589467738712017
isophon,26,3,1000.0,-4.145680229050129
isophon,26,3,1500.0,-3.7939723857759304
isophon,26,3,2000.0,1.0044242038816122
isophon,26,3,3000.0,1.9390603965162398
isophon,26,3,4000.0,-1.284026727301999
isophon,26,3,6000.0,11.418761682893404
isophon,26,3,8000.0,-3.3500249131066653
isophon,26,4,250.0,13.960084802265968
isophon,26,4,500.0,-0.07796687203904895
isophon,26,4,750.0,-5.532277566232793
isophon,26,4,1000.0,-5.667352364263721
isophon,26,4,1500.0,-5.719523560227508
isophon,26,4,2000.0,-4.411674736608987
isophon,26,4,3000.0,3.6890144484153353
isophon,26,4,4000.0,-3.0006668116617448
isophon,26,4,6000.0,6.75829444151497
isophon,26,4,8000.0,-2.068626383622913
isophon,26,5,250.0,-0.23088975686032143
isophon,26,5,500.0,8.441764478533145
isophon,26,5,750.0,-0.10036287681383271
isophon,26,5,1000.0,0.21672979767444644
isophon,26,5,1500.0,-6.316106626259142
isophon,26,5,2000.0,-4.832037528989019
isophon,26,5,3000.0,3.8811060797938097
isophon,26,5,4000.0,-5.01326211862488
isophon,26,5,6000.0,-2.0483991906433374
isophon,26,5,8000.0,3.812545087687866
isophon,26,6,250.0,7.728264670168016
isophon,26,6,500.0,-0.1294070276774164
isophon,26,6,750.0,-3.4384916795344225
isophon,26,6,1000.0,2.825846923895881
isophon,26,6,1500.0,2.569251787193764
isophon,26,6,2000.0,2.5783613349250913
isophon,26,6,3000.0,6.146714824109097
isophon,26,6,4000.0,-5.347169288618545
isophon,26,6,6000.0,-3.6286250034991383
isophon,26,6,8000.0,2.3324615034126595
isophon,26,7,250.0,10.700145336817457
isophon,26,7,500.0,2.7966351733882675
isophon,26,7,750.0,-3.00009980615026
isophon,26,7,1000.0,2.727408110453368
isophon,26,7,1500.0,-0.4175010301450186
isophon,26,7,2000.0,1.4046696548206654
isophon,26,7,3000.0,1.2836497681522019
isophon,26,7,4000.0,-2.2246644788672256
isophon,26,7,6000.0,-3.492758828038987
isophon,26,7,8000.0,3.7904691698096684
isophon,26,8,250.0,9.712277379391622
isophon,26,8,500.0,5.961066454545943
isophon,26,8,750.0,-1.7347456023558578
isophon,26,8,1000.0,2.713506790114394
isophon,26,8,1500.0,0.6401863856993089
isophon,26,8,2000.0,-0.5951920922876326
isophon,26,8,3000.0,1.756315890612541
isophon,26,8,4000.0,-2.2090419684271154
isophon,26,8,6000.0,-2.581560690284391
isophon,26,8,8000.0,4.6506719240011165
isophon,26,9,250.0,8.119318275387073
isophon,26,9,500.0,6.466824236480164
isophon,26,9,750.0,-1.405778669440025
isophon,26,9,1000.0,2.2749180933666793
isophon,26,9,1500.0,-1.360812756887512
isophon,26,9,2000.0,-1.1963813147844178
isophon,26,9,3000.0,-3.032113403577128
isophon,26,9,4000.0,0.06626163582880906
isophon,26,9,6000.0,-2.8081243141374017
isophon,26,9,8000.0,5.929105414218512
isophon,26,10,250.0,2.3626641358650744
isophon,26,10,500.0,-0.10191988855721945
isophon,26,10,750.0,-1.43691787719726
isophon,26,10,1000.0,1.601535690953341
isophon,26,10,1500.0,-4.8497291564941065
isophon,26,10,2000.0,-0.6409603390801095
isophon,26,10,3000.0,-1.7961412022576866
isophon,26,10,4000.0,1.9688113264474794
isophon,26,10,6000.0,0.34255892207765726
isophon,26,10,8000.0,8.205713274221878
isophon,27,1,250.0,5.665809775600861
isophon,27,1,500.0,-0.38208543193132893
isophon,27,1,750.0,-9.181804403402543
isophon,27,1,1000.0,-8.328139545957566
isophon,27,1,1500.0,-7.371432692813048
isophon,27,1,2000.0,-13.193116408407043
isophon,27,1,3000.0,-15.95067931796276
isophon,27,1,4000.0,-16.19299367450506
isophon,27,1,6000.0,-17.774526287773018
isophon,27,1,8000.0,-50.44500627835903
isophon,27,2,250.0,9.95568397228135
isophon,27,2,500.0,2.1326622925432446
isophon,27,2,750.0,-1.648136022570597
isophon,27,2,1000.0,0.6615684674552256
isophon,27,2,1500.0,6.803082205713533
isophon,27,2,2000.0,1.4387625998393645
isophon,27,2,3000.0,-0.07569908402144776
isophon,27,2,4000.0,-4.870132760779683
isophon,27,2,6000.0,-7.482551895304116
isophon,27,2,8000.0,-22.452405568001097
isophon,27,3,250.0,13.695683836152178
isophon,27,3,500.0,0.024784497161888908
isophon,27,3,750.0,0.7840289356377639
isophon,27,3,1000.0,7.708940523375375
isophon,27,3,1500.0,4.6570419633778215
isophon,27,3,2000.0,-0.39382706887157326
isophon,27,3,3000.0,-3.0549726743989183
isophon,27,3,4000.0,-0.0358468709107882
isophon,27,3,6000.0,1.502315993005638
isophon,27,3,8000.0,-6.678381530747281
isophon,27,4,250.0,14.080714708540818
isophon,27,4,500.0,4.001190856510178
isophon,27,4,750.0,2.9113856555230555
isophon,27,4,1000.0,9.797046970855554
isophon,27,4,1500.0,2.222206113575595
isophon,27,4,2000.0,0.25101963477830225
isophon,27,4,3000.0,-4.764387599282429
isophon,27,4,4000.0,3.8621056677134504
isophon,27,4,6000.0,-3.0480502656851485
isophon,27,4,8000.0,-18.677426624932906
isophon,27,5,250.0,-2.543766900065563
isophon,27,5,500.0,-2.9237044261927565
isophon,27,5,750.0,-1.4915553394484533
isophon,27,5,1000.0,2.950119264672793
isophon,27,5,1500.0,-4.222088311345885
isophon,27,5,2000.0,0.7254363071515542
isophon,27,5,3000.0,-6.593579355040731
isophon,27,5,4000.0,7.1847988215907606
isophon,27,5,6000.0,-1.7444469216147809
isophon,27,5,8000.0,-21.42214473024505
isophon,27,6,250.0,-0.36070976958153267
isophon,27,6,500.0,-1.715336395013324
isophon,27,6,750.0,-0.12814604111632377
isophon,27,6,1000.0,1.1416096347373639
isophon,27,6,1500.0,7.669606921046267
isophon,27,6,2000.0,5.676824364359689
isophon,27,6,3000.0,-1.0595068808743662
isophon,27,6,4000.0,4.1494819720402205
isophon,27,6,6000.0,-3.7709578996065716
isophon,27,6,8000.0,-15.709353584464225
isophon,27,7,250.0,6.542421181346214
isophon,27,7,500.0,1.7928483836456905
isophon,27,7,750.0,5.348897583737028
isophon,27,7,1000.0,3.0844885253499257
isophon,27,7,1500.0,8.362726323051987
isophon,27,7,2000.0,3.400396240914077
isophon,27,7,3000.0,3.951591997486986
isophon,27,7,4000.0,10.668559647529634
isophon,27,7,6000.0,-2.163778264495434
isophon,27,7,8000.0,-22.260630389665067
isophon,27,8,250.0,3.813734834247171
isophon,27,8,500.0,3.3832003140437052
isophon,27,8,750.0,5.875197009620834
isophon,27,8,1000.0,4.367219438369133
isophon,27,8,1500.0,11.879466775433741
isophon,27,8,2000.0,4.174654805587863
isophon,27,8,3000.0,3.9915097131303128
isophon,27,8,4000.0,8.543828161727745
isophon,27,8,6000.0,-2.3726902238519187
isophon,27,8,8000.0,-17.498747063604668
isophon,27,9,250.0,0.18239685058595967
isophon,27,9,500.0,2.1501149679437788
isophon,27,9,750.0,6.218680053682149
isophon,27,9,1000.0,4.038181302071052
isophon,27,9,1500.0,13.273838677971966
isophon,27,9,2000.0,4.891929269856732
isophon,27,9,3000.0,3.940789937090571
isophon,27,9,4000.0,4.736056222689896
isophon,27,9,6000.0,-1.8682811751967847
isophon,27,9,8000.0,-11.981156275511736
isophon,27,10,250.0,1.0027565002441605
isophon,27,10,500.0,2.5186426405733613
isophon,27,10,750.0,3.1526966537594063
isophon,27,10,1000.0,1.2315976933577844
isophon,27,10,1500.0,8.27171594232162
isophon,27,10,2000.0,2.8428597906155346
isophon,27,10,3000.0,1.9254084357871761
isophon,27,10,4000.0,3.3369269954065146
isophon,27,10,6000.0,0.448963080482244
isophon,27,10,8000.0,-5.962446913633713
isophon,28,1,250.0,-1.080613186574709
isophon,28,1,500.0,27.006215345006755
isophon,28,1,750.0,11.133935736341725
isophon,28,1,1000.0,9.664698771772109
isophon,28,1,1500.0,18.483606795662624
isophon,28,1,2000.0,-1.161092734920416
isophon,28,1,3000.0,-4.468296894674069
isophon,28,1,4000.0,-5.445585149924014
isophon,28,1,6000.0,4.432310156096889
isophon,28,1,8000.0,-1.3874096911824125
isophon,28,2,250.0,0.19903801735821247
isophon,28,2,500.0,10.201139581997154
isophon,28,2,750.0,9.55207606151425
isophon,28,2,1000.0,-4.269109057358264
isophon,28,2,1500.0,1.5487360533165386
isophon,28,2,2000.0,4.03875621903687
isophon,28,2,3000.0,-1.4602222270415979
isophon,28,2,4000.0,3.5025287119905215
isophon,28,2,6000.0,5.191971494668145
isophon,28,2,8000.0,-5.888662295996134
isophon,28,3,250.0,6.842896512040248
isophon,28,3,500.0,6.271967620929651
isophon,28,3,750.0,4.080375532229084
isophon,28,3,1000.0,-5.494419873523206
isophon,28,3,1500.0,-5.286135090243718
isophon,28,3,2000.0,-1.2225282683418826
isophon,28,3,3000.0,2.8058188496655916
isophon,28,3,4000.0,-2.7284044383876846
isophon,28,3,6000.0,3.500765951270232
isophon,28,3,8000.0,-7.773869445274073
isophon,28,4,250.0,12.4477171300774
isophon,28,4,500.0,-1.23753190743205
isophon,28,4,750.0,-5.6218642747798455
isophon,28,4,1000.0,-5.479095213531487
isophon,28,4,1500.0,-7.142254959763669
isophon,28,4,2000.0,-7.9869009902297705
isophon,28,4,3000.0,3.1976270021588817
isophon,28,4,4000.0,-1.6266700321088905
isophon,28,4,6000.0,-0.4808576158735036
isophon,28,4,8000.0,-7.4016767258237195
isophon,28,5,250.0,0.11112317905092084
isophon,28,5,500.0,9.326326227970895
isophon,28,5,750.0,2.239357842839979
isophon,28,5,1000.0,0.8748106973205694
isophon,28,5,1500.0,-6.458299466835342
isophon,28,5,2000.0,-10.37628489174972
isophon,28,5,3000.0,-4.489365177798675
isophon,28,5,4000.0,-4.570471609431394
isophon,28,5,6000.0,-5.329389546489992
isophon,28,5,8000.0,-1.8342693718983867
isophon,28,6,250.0,9.131717921842124
isophon,28,6,500.0,1.5047264619968672
isophon,28,6,750.0,-1.7451354173636702
isophon,28,6,1000.0,-2.016268052429993
isophon,28,6,1500.0,3.962669145592187
isophon,28,6,2000.0,-3.3791201062726657
isophon,28,6,3000.0,-1.2457156437637877
isophon,28,6,4000.0,-3.476713826785783
isophon,28,6,6000.0,3.686842282143374
isophon,28,6,8000.0,-2.7753625614514164
isophon,28,7,250.0,13.67482832333944
isophon,28,7,500.0,5.797033939309685
isophon,28,7,750.0,-0.6617167172799725
isophon,28,7,1000.0,-1.517264696469411
isophon,28,7,1500.0,2.3236069105288095
isophon,28,7,2000.0,-2.094148173533128
isophon,28,7,3000.0,4.486797199775708
isophon,28,7,4000.0,2.164078838579343
isophon,28,7,6000.0,2.8240292397317432
isophon,28,7,8000.0,-1.581089500388373
isophon,28,8,250.0,12.183894654851628
isophon,28,8,500.0,9.686007578419435
isophon,28,8,750.0,1.398673349321811
isophon,28,8,1000.0,-1.6942351207299708
isophon,28,8,1500.0,3.6237107082090745
isophon,28,8,2000.0,-1.5405615276343525
isophon,28,8,3000.0,3.3351752924816793
isophon,28,8,4000.0,2.61923840577046
isophon,28,8,6000.0,3.0325719911333664
isophon,28,8,8000.0,1.3204622006936688
isophon,28,9,250.0,10.77071204909744
isophon,28,9,500.0,10.22499852345959
isophon,28,9,750.0,2.440682451467609
isophon,28,9,1000.0,1.3439054439039069
isophon,28,9,1500.0,1.4160617853488162
isophon,28,9,2000.0,-0.30055382203792647
isophon,28,9,3000.0,1.9266231753167062
isophon,28,9,4000.0,4.068129658244942
isophon,28,9,6000.0,4.537532733133858
isophon,28,9,8000.0,2.8089409517596664
isophon,28,10,250.0,5.116644562097562
isophon,28,10,500.0,3.0863530852124086
isophon,28,10,750.0,2.5075460544395582
isophon,28,10,1000.0,-1.6020081061812306
isophon,28,10,1500.0,-1.9706054687499943
isophon,28,10,2000.0,0.4255327243039062
isophon,28,10,3000.0,2.359753826306928
isophon,28,10,4000.0,5.56330901451966
isophon,28,10,6000.0,7.792067295889964
isophon,28,10,8000.0,5.3581869857188025
isophon,29,1,250.0,-17.124547097487856
isophon,29,1,500.0,-35.32418390854855
isophon,29,1,750.0,-21.283206706325906
isophon,29,1,1000.0,-19.798850708007812
isophon,29,1,1500.0,-31.042326351404
isophon,29,1,2000.0,-36.072644823049174
isophon,29,1,3000.0,-18.348043157855933
isophon,29,1,4000.0,0.3253215026854832
isophon,29,1,6000.0,-2.5635397942788325
isophon,29,1,8000.0,-23.954603781394212
isophon,29,2,250.0,-16.41246346575314
isophon,29,2,500.0,-5.173577846431051
isophon,29,2,750.0,-8.061878718027618
isophon,29,2,1000.0,-8.426978886511897
isophon,29,2,1500.0,-11.592706878293363
isophon,29,2,2000.0,-11.642771013779605
isophon,29,2,3000.0,-6.01664560614666
isophon,29,2,4000.0,2.9188112806024407
isophon,29,2,6000.0,-2.7348224974742052
isophon,29,2,8000.0,0.3092406740887981
isophon,29,3,250.0,-4.6282588500854445
isophon,29,3,500.0,-1.186763209144857
isophon,29,3,750.0,-3.056655648769265
isophon,29,3,1000.0,-1.7596480986855667
isophon,29,3,1500.0,1.0787479192500697
isophon,29,3,2000.0,6.280852391409212
isophon,29,3,3000.0,-3.1601055770363473
isophon,29,3,4000.0,0.5841594223541406
isophon,29,3,6000.0,2.632370085041636
isophon,29,3,8000.0,3.821244218075009
isophon,29,4,250.0,-7.755910651280772
isophon,29,4,500.0,0.8973153302142123
isophon,29,4,750.0,-5.259544037259332
isophon,29,4,1000.0,5.177548458190728
isophon,29,4,1500.0,1.4007352365592425
isophon,29,4,2000.0,-0.6706673748509928
isophon,29,4,3000.0,-8.709370915423577
isophon,29,4,4000.0,-2.5886351741345095
isophon,29,4,6000.0,-1.7081203584891682
isophon,29,4,8000.0,-3.8622666512690955
isophon,29,5,250.0,3.0039661600278578
isophon,29,5,500.0,0.7442938896635098
isophon,29,5,750.0,5.30872731901033
isophon,29,5,1000.0,4.6617860513420055
isophon,29,5,1500.0,7.327798716740347
isophon,29,5,2000.0,3.710357567753391
isophon,29,5,3000.0,-8.437582683387546
isophon,29,5,4000.0,-0.812335678515808
isophon,29,5,6000.0,1.503097113413503
isophon,29,5,8000.0,2.3436573111883945
isophon,29,6,250.0,-2.661299905816932
isophon,29,6,500.0,2.3349737117563762
isophon,29,6,750.0,-3.288083320161334
isophon,29,6,1000.0,2.7560013868424846
isophon,29,6,1500.0,1.4677639409972159
isophon,29,6,2000.0,-2.0124934232634644
isophon,29,6,3000.0,-5.314385321132846
isophon,29,6,4000.0,5.531996883792772
isophon,29,6,6000.0,6.526158470907788
isophon,29,6,8000.0,3.6024527936922937
isophon,29,7,250.0,0.6222067871021011
isophon,29,7,500.0,6.546200976636342
isophon,29,7,750.0,2.7027672163937098
isophon,29,7,1000.0,9.238927512393147
isophon,29,7,1500.0,1.7796467382004977
isophon,29,7,2000.0,-4.103467201518967
isophon,29,7,3000.0,-1.5939596872740651
isophon,29,7,4000.0,1.5116822119967708
isophon,29,7,6000.0,5.068100552310682
isophon,29,7,8000.0,3.0508917842941514
isophon,29,8,250.0,-0.5346993012758077
isophon,29,8,500.0,3.6876219919616062
isophon,29,8,750.0,2.6026263570400943
isophon,29,8,1000.0,9.67271499568551
isophon,29,8,1500.0,2.5212099124646414
isophon,29,8,2000.0,-2.563378333279374
isophon,29,8,3000.0,0.007457702465885063
isophon,29,8,4000.0,1.9816039454788807
isophon,29,8,6000.0,8.354228835740017
isophon,29,8,8000.0,5.951016246648976
isophon,29,9,250.0,-0.9852548992430741
isophon,29,9,500.0,2.9695393374007892
isophon,29,9,750.0,3.290266598934437
isophon,29,9,1000.0,9.192875606283934
isophon,29,9,1500.0,2.532571871674392
isophon,29,9,2000.0,0.10639161854268764
isophon,29,9,3000.0,1.2706695863920459
isophon,29,9,4000.0,-0.5056469137733615
isophon,29,9,6000.0,9.454778191345369
isophon,29,9,8000.0,8.417066606818665
isophon,29,10,250.0,1.0088196249779884
isophon,29,10,500.0,4.819752781408539
isophon,29,10,750.0,2.2956686431479767
isophon,29,10,1000.0,5.1426433845687
isophon,29,10,1500.0,3.3882327435834867
isophon,29,10,2000.0,2.998472068192058
isophon,29,10,3000.0,4.109819897548803
isophon,29,10,4000.0,0.5315363137656988
isophon,29,10,6000.0,11.074613847397345
isophon,29,10,8000.0,9.602036771353312
isophon,30,1,250.0,-4.795042160020486
isophon,30,1,500.0,26.906898601739663
isophon,30,1,750.0,14.521158731895426
isophon,30,1,1000.0,15.96617599225372
isophon,30,1,1500.0,15.545752749617364
isophon,30,1,2000.0,13.671118226531206
isophon,30,1,3000.0,10.866152111939321
isophon,30,1,4000.0,-0.5783774058563331
isophon,30,1,6000.0,-3.246409706532887
isophon,30,1,8000.0,0.4821937877225828
isophon,30,2,250.0,-2.0460517543082375
isophon,30,2,500.0,10.9846220444784
isophon,30,2,750.0,8.927984301047111
isophon,30,2,1000.0,6.898931708146716
isophon,30,2,1500.0,10.069511585935487
isophon,30,2,2000.0,6.093327081111344
isophon,30,2,3000.0,6.446265881484365
isophon,30,2,4000.0,-3.454665329866046
isophon,30,2,6000.0,-8.31865400492839
isophon,30,2,8000.0,-1.5209656877905111
isophon,30,3,250.0,0.7645372698869579
isophon,30,3,500.0,2.8700973123861075
isophon,30,3,750.0,1.9567980710182908
isophon,30,3,1000.0,2.268888161810267
isophon,30,3,1500.0,4.859768194668838
isophon,30,3,2000.0,9.179874290143879
isophon,30,3,3000.0,-4.572258103253162
isophon,30,3,4000.0,-1.6109311471239565
isophon,30,3,6000.0,-6.267851837352097
isophon,30,3,8000.0,-8.210900878860073
isophon,30,4,250.0,-5.92130981416264
isophon,30,4,500.0,-5.963413066001493
isophon,30,4,750.0,-0.04424170548513473
isophon,30,4,1000.0,-1.501125355458072
isophon,30,4,1500.0,-1.8957279459285274
isophon,30,4,2000.0,3.0863168548245596
isophon,30,4,3000.0,-11.043819570800196
isophon,30,4,4000.0,-5.7774405727219005
isophon,30,4,6000.0,-5.370785656133634
isophon,30,4,8000.0,-7.218377631699973
isophon,30,5,250.0,-11.038340033126048
isophon,30,5,500.0,-3.663119502159091
isophon,30,5,750.0,0.11725934077023226
isophon,30,5,1000.0,3.07436329662238
isophon,30,5,1500.0,-7.260691248390174
isophon,30,5,2000.0,-3.8134790968608456
isophon,30,5,3000.0,-9.641656188835384
isophon,30,5,4000.0,-10.283434281159316
isophon,30,5,6000.0,-3.295180470143947
isophon,30,5,8000.0,-6.056765695924852
isophon,30,6,250.0,-4.462368271800386
isophon,30,6,500.0,0.09037567189605511
isophon,30,6,750.0,1.2625122802386528
isophon,30,6,1000.0,5.776579245568868
isophon,30,6,1500.0,-4.1033155525485085
isophon,30,6,2000.0,-1.1786850447833785
isophon,30,6,3000.0,-3.3107461416064865
isophon,30,6,4000.0,-5.963731643088963
isophon,30,6,6000.0,-0.9796451432591056
isophon,30,6,8000.0,-5.426276649054074
isophon,30,7,250.0,-5.715148662425307
isophon,30,7,500.0,3.730747284497099
isophon,30,7,750.0,3.224635110295509
isophon,30,7,1000.0,4.496726703363095
isophon,30,7,1500.0,0.08386473020729568
isophon,30,7,2000.0,-1.083983820988692
isophon,30,7,3000.0,-0.2274864700223418
isophon,30,7,4000.0,-1.1994445342139386
isophon,30,7,6000.0,1.7726760348054569
isophon,30,7,8000.0,-5.99214225382903
isophon,30,8,250.0,-5.912952127428625
isophon,30,8,500.0,2.042206233638879
isophon,30,8,750.0,1.8858169529450493
isophon,30,8,1000.0,3.006009248697609
isophon,30,8,1500.0,1.4081897815873106
isophon,30,8,2000.0,3.545993307342684
isophon,30,8,3000.0,2.9397446629930926
isophon,30,8,4000.0,-1.1024015683608468
isophon,30,8,6000.0,5.180921173509375
isophon,30,8,8000.0,-1.5361725931048795
isophon,30,9,250.0,-4.039888236521577
isophon,30,9,500.0,0.12544282702414478
isophon,30,9,750.0,-0.3724955563084791
isophon,30,9,1000.0,4.462458522551131
isophon,30,9,1500.0,3.5894569759123556
isophon,30,9,2000.0,6.299203709180759
isophon,30,9,3000.0,6.568915078051688
isophon,30,9,4000.0,-3.455707450971289
isophon,30,9,6000.0,8.086287059370136
isophon,30,9,8000.0,2.453155128647822
isophon,30,10,250.0,-1.5802377552409013
isophon,30,10,500.0,-2.1114026701812634
isophon,30,10,750.0,-4.251260637214102
isophon,30,10,1000.0,3.8207118441594474
isophon,30,10,1500.0,4.650564387618729
isophon,30,10,2000.0,9.161640878685262
isophon,30,10,3000.0,8.561705919303662
isophon,30,10,4000.0,-4.588613388493698
isophon,30,10,6000.0,6.887311134878729
isophon,30,10,8000.0,3.9952511354192524
isophon,31,1,250.0,24.782319166628692
isophon,31,1,500.0,34.61891157144062
isophon,31,1,750.0,19.530249584006057
isophon,31,1,1000.0,17.29693850749294
isophon,31,1,1500.0,12.204956479804252
isophon,31,1,2000.0,12.741297040361786
isophon,31,1,3000.0,16.59341988087243
isophon,31,1,4000.0,12.434241508385263
isophon,31,1,6000.0,29.46388866569199
isophon,31,1,8000.0,2.9402400385504635
isophon,31,2,250.0,6.548006087295747
isophon,31,2,500.0,19.74962703763714
isophon,31,2,750.0,17.099748855054653
isophon,31,2,1000.0,20.381242971998724
isophon,31,2,1500.0,9.588355906890598
isophon,31,2,2000.0,6.251465713409729
isophon,31,2,3000.0,-2.0424368943622824
isophon,31,2,4000.0,1.362499568250449
isophon,31,2,6000.0,12.616462198949073
isophon,31,2,8000.0,-8.633057044293295
isophon,31,3,250.0,-4.114949696108155
isophon,31,3,500.0,1.6413955490662886
isophon,31,3,750.0,8.586263164415435
isophon,31,3,1000.0,17.656658059129413
isophon,31,3,1500.0,13.53609604406006
isophon,31,3,2000.0,0.25837629964019726
isophon,31,3,3000.0,-8.751329407601467
isophon,31,3,4000.0,-5.1956095627954255
isophon,31,3,6000.0,6.550058933975755
isophon,31,3,8000.0,-20.288045168116042
isophon,31,4,250.0,-8.235091403619506
isophon,31,4,500.0,-1.1188724700188573
isophon,31,4,750.0,5.048693970031778
isophon,31,4,1000.0,9.915175539484004
isophon,31,4,1500.0,9.057533659040942
isophon,31,4,2000.0,-6.658486214243709
isophon,31,4,3000.0,-3.9476853814010155
isophon,31,4,4000.0,-6.139922817196123
isophon,31,4,6000.0,-0.29299967092098456
isophon,31,4,8000.0,-21.89048967768605
isophon,31,5,250.0,-3.632870140412251
isophon,31,5,500.0,-10.671066945972584
isophon,31,5,750.0,0.6860595110408525
isophon,31,5,1000.0,-2.4236542438034974
isophon,31,5,1500.0,0.725591493156692
isophon,31,5,2000.0,-9.983487115558091
isophon,31,5,3000.0,-2.1958512311414893
isophon,31,5,4000.0,-0.19678201675061757
isophon,31,5,6000.0,-2.223608581706543
isophon,31,5,8000.0,-15.100551481744361
isophon,31,6,250.0,-1.8610452709073684
isophon,31,6,500.0,-4.8756172830073865
isophon,31,6,750.0,1.2913520956096392
isophon,31,6,1000.0,-1.1238041646165868
isophon,31,6,1500.0,9.387483286562201
isophon,31,6,2000.0,-2.2829345739263545
isophon,31,6,3000.0,0.8694736665596707
isophon,31,6,4000.0,8.265773374116606
isophon,31,6,6000.0,2.7456856572031967
isophon,31,6,8000.0,-6.625635443718863
isophon,31,7,250.0,-0.009854781253807232
isophon,31,7,500.0,0.2388163520604678
isophon,31,7,750.0,3.510233098673936
isophon,31,7,1000.0,-2.782676242831812
isophon,31,7,1500.0,8.003471498494363
isophon,31,7,2000.0,1.4230794942496914
isophon,31,7,3000.0,3.390317939916926
isophon,31,7,4000.0,12.374371408819187
isophon,31,7,6000.0,5.98928257000793
isophon,31,7,8000.0,-7.6660636668537165
isophon,31,8,250.0,1.0232623456457333
isophon,31,8,500.0,-1.4664317794835284
isophon,31,8,750.0,6.219765946846124
isophon,31,8,1000.0,1.3245422591726026
isophon,31,8,1500.0,10.58047079786887
isophon,31,8,2000.0,5.842603971074894
isophon,31,8,3000.0,3.940189089667456
isophon,31,8,4000.0,14.705379542269696
isophon,31,8,6000.0,3.7199157454710416
isophon,31,8,8000.0,-6.413395379310458
isophon,31,9,250.0,1.8507055953175353
isophon,31,9,500.0,0.8071073627557297
isophon,31,9,750.0,5.794974961526549
isophon,31,9,1000.0,3.6048373059383465
isophon,31,9,1500.0,14.817955302631859
isophon,31,9,2000.0,7.961101939815336
isophon,31,9,3000.0,6.203821836127659
isophon,31,9,4000.0,13.704558477115071
isophon,31,9,6000.0,3.7560491121730593
isophon,31,9,8000.0,-6.0840194610473475
isophon,31,10,250.0,2.0829281372202217
isophon,31,10,500.0,3.459122798226602
isophon,31,10,750.0,9.891939440268445
isophon,31,10,1000.0,3.4362084142144624
isophon,31,10,1500.0,10.99288977839916
isophon,31,10,2000.0,4.1583746708883496
isophon,31,10,3000.0,-0.9787206347285036
isophon,31,10,4000.0,1.8377944041010323
isophon,31,10,6000.0,-1.4420313946324796
isophon,31,10,8000.0,-12.1160021287577
isophon,32,1,250.0,-26.995875840957993
isophon,32,1,500.0,1.6501473679195726
isophon,32,1,750.0,4.1630219688887475
isophon,32,1,1000.0,-5.7045317252342755
isophon,32,1,1500.0,1.8105828603666083
isophon,32,1,2000.0,6.111415861324177
isophon,32,1,3000.0,12.575338124328145
isophon,32,1,4000.0,10.914301908154847
isophon,32,1,6000.0,14.98715623908381
isophon,32,1,8000.0,31.23807438337043
isophon,32,2,250.0,-4.330624820612769
isophon,32,2,500.0,0.6646415162153687
isophon,32,2,750.0,3.229442576327621
isophon,32,2,1000.0,-0.8483381757616542
isophon,32,2,1500.0,-1.7080531757278692
isophon,32,2,2000.0,-5.857923933560116
isophon,32,2,3000.0,3.603641652160171
isophon,32,2,4000.0,1.955923167264622
isophon,32,2,6000.0,11.597921882772795
isophon,32,2,8000.0,16.241069895256857
isophon,32,3,250.0,-7.498054267918334
isophon,32,3,500.0,1.1228757571744694
isophon,32,3,750.0,-0.13195303994837104
isophon,32,3,1000.0,2.068158084379931
isophon,32,3,1500.0,-0.7969065607514239
isophon,32,3,2000.0,1.3778857885510263
isophon,32,3,3000.0,7.136660774838319
isophon,32,3,4000.0,-1.6148164184871519
isophon,32,3,6000.0,0.7133207183411372
isophon,32,3,8000.0,5.274506060047457
isophon,32,4,250.0,-0.03097828031991412
isophon,32,4,500.0,4.045711158414036
isophon,32,4,750.0,-0.5701365145971948
isophon,32,4,1000.0,-1.697835576244188
isophon,32,4,1500.0,5.8690026298690015
isophon,32,4,2000.0,2.592439516844408
isophon,32,4,3000.0,7.3574164580255825
isophon,32,4,4000.0,-5.4876771432223705
isophon,32,4,6000.0,-6.1371467293963065
isophon,32,4,8000.0,1.948834553832512
isophon,32,5,250.0,2.845340992737178
isophon,32,5,500.0,-1.1674181477557681
isophon,32,5,750.0,-6.34809222686242
isophon,32,5,1000.0,-6.729800188890778
isophon,32,5,1500.0,0.16772581728699265
isophon,32,5,2000.0,-2.6282451860009246
isophon,32,5,3000.0,5.3505328774886465
isophon,32,5,4000.0,-4.174070133761234
isophon,32,5,6000.0,-3.449565247462715
isophon,32,5,8000.0,6.118691422962641
isophon,32,6,250.0,4.579599514182888
isophon,32,6,500.0,1.5146835082600063
isophon,32,6,750.0,-1.737110456992113
isophon,32,6,1000.0,-1.86610305137431
isophon,32,6,1500.0,-0.07861115069653124
isophon,32,6,2000.0,-4.322673265820953
isophon,32,6,3000.0,-0.5254709073260528
isophon,32,6,4000.0,-0.3435783838139912
isophon,32,6,6000.0,-0.49596836786645326
isophon,32,6,8000.0,8.15096128091244
isophon,32,7,250.0,-2.9245567389064036
isophon,32,7,500.0,3.0646615668899244
isophon,32,7,750.0,0.5871262569175286
isophon,32,7,1000.0,1.5606593217760576
isophon,32,7,1500.0,1.232029174058539
isophon,32,7,2000.0,-2.080301636021275
isophon,32,7,3000.0,0.4404690340801949
isophon,32,7,4000.0,0.6246529279858208
isophon,32,7,6000.0,-1.0786761474609392
isophon,32,7,8000.0,7.779777217728181
isophon,32,8,250.0,-1.2349576059794742
isophon,32,8,500.0,-0.6179536249223219
isophon,32,8,750.0,2.0084389475832722
isophon,32,8,1000.0,3.80931281406275
isophon,32,8,1500.0,2.7166278936416433
isophon,32,8,2000.0,-1.6524267283474927
isophon,32,8,3000.0,0.468248042446362
isophon,32,8,4000.0,1.3660381645499768
isophon,32,8,6000.0,-0.39526412963867585
isophon,32,8,8000.0,7.3771242374183
isophon,32,9,250.0,-0.9070612775506817
isophon,32,9,500.0,-3.5750023177221806
isophon,32,9,750.0,3.0627680068596135
isophon,32,9,1000.0,4.605841292812059
isophon,32,9,1500.0,3.276845914986282
isophon,32,9,2000.0,-0.7941815808659101
isophon,32,9,3000.0,0.4917120733918665
isophon,32,9,4000.0,1.7553936726545487
isophon,32,9,6000.0,0.6762399291992125
isophon,32,9,8000.0,5.987791150740904
isophon,32,10,250.0,-2.016021264221564
isophon,32,10,500.0,-2.7221641374912053
isophon,32,10,750.0,3.0510609681668797
isophon,32,10,1000.0,5.68238213995599
isophon,32,10,1500.0,3.160836335500278
isophon,32,10,2000.0,0.18321473170969682
isophon,32,10,3000.0,0.6775862935172938
isophon,32,10,4000.0,1.6105449155631675
isophon,32,10,6000.0,0.6615089416503963
isophon,32,10,8000.0,5.267785566010133
isophon,33,1,250.0,-10.502105160021245
isophon,33,1,500.0,10.546953131716702
isophon,33,1,750.0,7.857263685509466
isophon,33,1,1000.0,-12.036150105597947
isophon,33,1,1500.0,-7.108062540823364
isophon,33,1,2000.0,-12.170872783275104
isophon,33,1,3000.0,-27.509395687068626
isophon,33,1,4000.0,-16.889463328162844
isophon,33,1,6000.0,-33.36798645222652
isophon,33,1,8000.0,-12.37203748950298
isophon,33,2,250.0,9.794933148411438
isophon,33,2,500.0,13.573032654854657
isophon,33,2,750.0,13.034980479991617
isophon,33,2,1000.0,14.912025357579523
isophon,33,2,1500.0,-2.638231426562026
isophon,33,2,2000.0,-10.06535955749207
isophon,33,2,3000.0,-5.799177195867507
isophon,33,2,4000.0,-5.7889282481595465
isophon,33,2,6000.0,-1.4277752825961976
isophon,33,2,8000.0,-1.1541917228328273
isophon,33,3,250.0,6.166154646111522
isophon,33,3,500.0,8.959111301121524
isophon,33,3,750.0,11.071493855448168
isophon,33,3,1000.0,5.9226037790525226
isophon,33,3,1500.0,-7.864213629499297
isophon,33,3,2000.0,1.2187222033142007
isophon,33,3,3000.0,-7.223377719321917
isophon,33,3,4000.0,-3.754697797111284
isophon,33,3,6000.0,-2.794003909916782
isophon,33,3,8000.0,1.5940989254584466
isophon,33,4,250.0,-0.7890223417872733
isophon,33,4,500.0,1.2025469284522785
isophon,33,4,750.0,4.837325485285987
isophon,33,4,1000.0,1.84989839142672
isophon,33,4,1500.0,0.4076510876348891
isophon,33,4,2000.0,-2.8613963787213947
isophon,33,4,3000.0,-3.917331429877102
isophon,33,4,4000.0,-7.326443979229552
isophon,33,4,6000.0,6.013325946027166
isophon,33,4,8000.0,3.9270247220387233
isophon,33,5,250.0,-4.454755332063655
isophon,33,5,500.0,2.1086096975711257
isophon,33,5,750.0,10.78424234312638
isophon,33,5,1000.0,5.513987357091622
isophon,33,5,1500.0,7.499256410823904
isophon,33,5,2000.0,-0.45041996733667133
isophon,33,5,3000.0,-1.5942672692340096
isophon,33,5,4000.0,-3.981836577336182
isophon,33,5,6000.0,3.054592414737499
isophon,33,5,8000.0,2.12585932619578
isophon,33,6,250.0,-7.624257508783444
isophon,33,6,500.0,-0.3493848091425775
isophon,33,6,750.0,4.164146377513845
isophon,33,6,1000.0,2.4105685887931827
isophon,33,6,1500.0,2.4927114022631542
isophon,33,6,2000.0,-2.3671373485641
isophon,33,6,3000.0,0.21598924533944341
isophon,33,6,4000.0,-4.9021545457493545
isophon,33,6,6000.0,0.7404290787707737
isophon,33,6,8000.0,1.8391419688069561
isophon,33,7,250.0,-7.356847425682972
isophon,33,7,500.0,0.3467339652714827
isophon,33,7,750.0,4.766060292697205
isophon,33,7,1000.0,2.1114102122537446
isophon,33,7,1500.0,-1.6441926736030155
isophon,33,7,2000.0,-4.807162990812898
isophon,33,7,3000.0,1.1792202188373437
isophon,33,7,4000.0,-3.578880284471566
isophon,33,7,6000.0,1.5658777414308531
isophon,33,7,8000.0,3.7156102139501854
isophon,33,8,250.0,-6.867990795865268
isophon,33,8,500.0,0.005453447693341218
isophon,33,8,750.0,3.031485281108232
isophon,33,8,1000.0,1.0195850299527507
isophon,33,8,1500.0,-0.814789655210248
isophon,33,8,2000.0,-5.955676694870164
isophon,33,8,3000.0,3.702315501460987
isophon,33,8,4000.0,0.4766112990044462
isophon,33,8,6000.0,0.9032995413430598
isophon,33,8,8000.0,2.5643570176758175
isophon,33,9,250.0,-7.220001255239396
isophon,33,9,500.0,-0.11144276202345793
isophon,33,9,750.0,3.941467100182507
isophon,33,9,1000.0,-0.7780076245018961
isophon,33,9,1500.0,0.8493730182891284
isophon,33,9,2000.0,-5.212124390085151
isophon,33,9,3000.0,8.334976898251924
isophon,33,9,4000.0,4.49234949900125
isophon,33,9,6000.0,1.4197039067137212
isophon,33,9,8000.0,0.2514797239693962
isophon,33,10,250.0,-3.059261152215953
isophon,33,10,500.0,-7.073280097144718
isophon,33,10,750.0,-3.5007237088124867
isophon,33,10,1000.0,-5.072357170134836
isophon,33,10,1500.0,0.8217462707233523
isophon,33,10,2000.0,-3.0519542784802383
isophon,33,10,3000.0,8.733870207111238
isophon,33,10,4000.0,4.875404241741506
isophon,33,10,6000.0,2.344686201937847
isophon,33,10,8000.0,2.5446533332530947
isophon,34,1,250.0,-0.07914316307712355
isophon,34,1,500.0,-8.84531511901685
isophon,34,1,750.0,2.871937491893944
isophon,34,1,1000.0,7.679591484069821
isophon,34,1,1500.0,0.506341908639202
isophon,34,1,2000.0,-16.98100294757834
isophon,34,1,3000.0,-16.779175928797684
isophon,34,1,4000.0,8.687896032060472
isophon,34,1,6000.0,6.936983203915169
isophon,34,1,8000.0,23.79357270418825
isophon,34,2,250.0,-4.292772696268628
isophon,34,2,500.0,6.911467374215498
isophon,34,2,750.0,12.070296070566208
isophon,34,2,1000.0,2.1481532401458736
isophon,34,2,1500.0,-4.179353046660417
isophon,34,2,2000.0,0.4827375578152271
isophon,34,2,3000.0,-8.788137904114407
isophon,34,2,4000.0,10.52852171052195
isophon,34,2,6000.0,6.257335855203529
isophon,34,2,8000.0,29.944364859979743
isophon,34,3,250.0,-1.520498959096642
isophon,34,3,500.0,8.343795357473915
isophon,34,3,750.0,15.249512842100174
isophon,34,3,1000.0,1.0565459992450386
isophon,34,3,1500.0,1.9706730090877826
isophon,34,3,2000.0,-1.9468754264384316
isophon,34,3,3000.0,-5.979364373613066
isophon,34,3,4000.0,6.9866277069641995
isophon,34,3,6000.0,4.820092898031987
isophon,34,3,8000.0,11.529718667000367
isophon,34,4,250.0,-5.347659907885614
isophon,34,4,500.0,9.797867625002254
isophon,34,4,750.0,15.585105707306838
isophon,34,4,1000.0,-3.249455880387927
isophon,34,4,1500.0,2.802496118765333
isophon,34,4,2000.0,-2.160024753631305
isophon,34,4,3000.0,-14.105831751845201
isophon,34,4,4000.0,-4.233537470117639
isophon,34,4,6000.0,-2.909951173781394
isophon,34,4,8000.0,18.252492310155517
isophon,34,5,250.0,-4.606688803368684
isophon,34,5,500.0,4.431461384439899
isophon,34,5,750.0,11.60279522030315
isophon,34,5,1000.0,-5.903132170915157
isophon,34,5,1500.0,4.190325355457844
isophon,34,5,2000.0,1.6482223679936965
isophon,34,5,3000.0,-6.43083982622494
isophon,34,5,4000.0,1.929524544357534
isophon,34,5,6000.0,-1.966552829362044
isophon,34,5,8000.0,17.23246616287736
isophon,34,6,250.0,-4.914638641653724
isophon,34,6,500.0,-0.6580274320921689
isophon,34,6,750.0,7.511324625471929
isophon,34,6,1000.0,-2.586046033276631
isophon,34,6,1500.0,7.2634631706559105
isophon,34,6,2000.0,5.935879980314482
isophon,34,6,3000.0,-2.0522981908748363
isophon,34,6,4000.0,3.029341540987886
isophon,34,6,6000.0,0.7730260977268983
isophon,34,6,8000.0,14.150356705331689
isophon,34,7,250.0,-6.599336397611637
isophon,34,7,500.0,-2.431900154280214
isophon,34,7,750.0,0.719003055374003
isophon,34,7,1000.0,-4.786379140498937
isophon,34,7,1500.0,3.27628986567062
isophon,34,7,2000.0,1.7010009523045397
isophon,34,7,3000.0,-6.893197628212263
isophon,34,7,4000.0,-2.5559021180510797
isophon,34,7,6000.0,-3.5010694072153257
isophon,34,7,8000.0,6.852341004263735
isophon,34,8,250.0,-4.421617341187002
isophon,34,8,500.0,-5.779836324074097
isophon,34,8,750.0,2.762414728378886
isophon,34,8,1000.0,-7.429184417724414
isophon,34,8,1500.0,-1.8629843534183124
isophon,34,8,2000.0,0.9891366805536279
isophon,34,8,3000.0,-4.528992626091679
isophon,34,8,4000.0,-1.4902348138511599
isophon,34,8,6000.0,-2.366142905925088
isophon,34,8,8000.0,7.370123319006481
isophon,34,9,250.0,-3.67336768036418
isophon,34,9,500.0,-7.986679242546515
isophon,34,9,750.0,-2.0371182719513143
isophon,34,9,1000.0,-5.57785324096659
isophon,34,9,1500.0,-5.7313547352788135
isophon,34,9,2000.0,1.1797296329220472
isophon,34,9,3000.0,-5.580383521135417
isophon,34,9,4000.0,-3.020534736455886
isophon,34,9,6000.0,-0.9525090838081951
isophon,34,9,8000.0,7.038958153898804
isophon,34,10,250.0,-1.1018680549550908
isophon,34,10,500.0,-5.554291495753503
isophon,34,10,750.0,-1.1125030529725564
isophon,34,10,1000.0,-3.902719116210733
isophon,34,10,1500.0,-7.555947875976557
isophon,34,10,2000.0,3.206933552574327
isophon,34,10,3000.0,-2.3268755082081043
isophon,34,10,4000.0,-5.286157226562494
isophon,34,10,6000.0,-1.801795275474774
isophon,34,10,8000.0,4.82714556689416
isophon,35,1,250.0,16.81892296367498
isophon,35,1,500.0,13.05754236014428
isophon,35,1,750.0,-1.0971699693603334
isophon,35,1,1000.0,-4.339337038079691
isophon,35,1,1500.0,4.2697819596838595
isophon,35,1,2000.0,2.922019100896552
isophon,35,1,3000.0,5.188545369454584
isophon,35,1,4000.0,2.6091601052456515
isophon,35,1,6000.0,-6.2428884603059664
isophon,35,1,8000.0,19.382100904438808
isophon,35,2,250.0,-2.0665320859587197
isophon,35,2,500.0,4.4147933192143824
isophon,35,2,750.0,-1.567094646629286
isophon,35,2,1000.0,4.5567888719686565
isophon,35,2,1500.0,-7.807494084867052
isophon,35,2,2000.0,11.922195871062822
isophon,35,2,3000.0,-1.0509930241088057
isophon,35,2,4000.0,12.055833489033844
isophon,35,2,6000.0,-5.056931667080761
isophon,35,2,8000.0,-1.589410745436318
isophon,35,3,250.0,-1.604007836001749
isophon,35,3,500.0,0.8152701299601475
isophon,35,3,750.0,-4.144237011513383
isophon,35,3,1000.0,7.072087905997861
isophon,35,3,1500.0,-9.100059584938911
isophon,35,3,2000.0,5.8502522508208585
isophon,35,3,3000.0,4.786033961623772
isophon,35,3,4000.0,11.311223448330644
isophon,35,3,6000.0,-0.4950491337348666
isophon,35,3,8000.0,-7.839187170059347
isophon,35,4,250.0,-0.5866937372922223
isophon,35,4,500.0,-1.8156884978120047
isophon,35,4,750.0,-8.401245475267288
isophon,35,4,1000.0,10.090954003257671
isophon,35,4,1500.0,-6.646824131697855
isophon,35,4,2000.0,-1.0339232383562518
isophon,35,4,3000.0,2.0223477791247433
isophon,35,4,4000.0,1.5748197074220798
isophon,35,4,6000.0,-5.047490862536691
isophon,35,4,8000.0,-5.100749561127316
isophon,35,5,250.0,-4.317032492122252
isophon,35,5,500.0,-10.97829700842486
isophon,35,5,750.0,-5.180225359779925
isophon,35,5,1000.0,4.849673433557882
isophon,35,5,1500.0,-5.8566341568404425
isophon,35,5,2000.0,1.8520410141665025
isophon,35,5,3000.0,-2.480811546722464
isophon,35,5,4000.0,5.282405876112421
isophon,35,5,6000.0,1.1606801029787874
isophon,35,5,8000.0,1.7875368803957201
isophon,35,6,250.0,-1.0860058438520213
isophon,35,6,500.0,-8.36219552674278
isophon,35,6,750.0,-7.007574873339948
isophon,35,6,1000.0,0.6805946567548631
isophon,35,6,1500.0,-13.173985285043528
isophon,35,6,2000.0,-10.699370880408097
isophon,35,6,3000.0,-4.013715454957975
isophon,35,6,4000.0,-0.6544097875176647
isophon,35,6,6000.0,-6.172255540180359
isophon,35,6,8000.0,-4.466190318910989
isophon,35,7,250.0,-4.24654569579738
isophon,35,7,500.0,-5.060175612870438
isophon,35,7,750.0,-2.631265773040411
isophon,35,7,1000.0,5.068291315429661
isophon,35,7,1500.0,-10.038339609652908
isophon,35,7,2000.0,-7.098463153807089
isophon,35,7,3000.0,-0.6477783391943461
isophon,35,7,4000.0,1.0110335749833297
isophon,35,7,6000.0,-4.425743586771048
isophon,35,7,8000.0,-4.264582591070322
isophon,35,8,250.0,-2.6847636062729663
isophon,35,8,500.0,-10.84252456489726
isophon,35,8,750.0,-3.9599918378353607
isophon,35,8,1000.0,5.904962437040467
isophon,35,8,1500.0,-8.533502544683088
isophon,35,8,2000.0,-5.5919888525804
isophon,35,8,3000.0,-1.152678294874704
isophon,35,8,4000.0,-2.2022090746439886
isophon,35,8,6000.0,-5.400334119051422
isophon,35,8,8000.0,-7.893481459788717
isophon,35,9,250.0,-0.9053638857761541
isophon,35,9,500.0,-9.029681120762433
isophon,35,9,750.0,-6.824445428261839
isophon,35,9,1000.0,6.838286790271624
isophon,35,9,1500.0,-5.235200091070908
isophon,35,9,2000.0,-4.845120360332615
isophon,35,9,3000.0,2.5485080923864274
isophon,35,9,4000.0,-4.091810876372961
isophon,35,9,6000.0,-7.384846937464118
isophon,35,9,8000.0,-10.827779769063412
isophon,35,10,250.0,-4.448868142489744
isophon,35,10,500.0,-7.940301683539062
isophon,35,10,750.0,-5.789238850398178
isophon,35,10,1000.0,-0.20585454284498894
isophon,35,10,1500.0,-4.56784610090773
isophon,35,10,2000.0,-5.8028622427014085
isophon,35,10,3000.0,4.645512721579536
isophon,35,10,4000.0,-5.675151768194155
isophon,35,10,6000.0,-5.134684149466963
isophon,35,10,8000.0,-8.063502634282713
isophon,36,1,250.0,-2.4756632043831956
isophon,36,1,500.0,-3.8796204763471493
isophon,36,1,750.0,-1.1713180284614477
isophon,36,1,1000.0,-6.565386366487031
isophon,36,1,1500.0,-0.05752736290144611
isophon,36,1,2000.0,17.763926495473658
isophon,36,1,3000.0,22.73119956970215
isophon,36,1,4000.0,16.130655279974743
isophon,36,1,6000.0,-4.194343683698456
isophon,36,1,8000.0,-6.463201998628122
isophon,36,2,250.0,4.395680625309211
isophon,36,2,500.0,-9.988127692866819
isophon,36,2,750.0,-10.719698689433159
isophon,36,2,1000.0,3.3027219325649817
isophon,36,2,1500.0,2.8926170801058078
isophon,36,2,2000.0,-3.8378705265235276
isophon,36,2,3000.0,1.5094428588948219
isophon,36,2,4000.0,-7.416381803217547
isophon,36,2,6000.0,-7.676676269155557
isophon,36,2,8000.0,-10.750257827298597
isophon,36,3,250.0,7.870023222175803
isophon,36,3,500.0,-5.164918610586881
isophon,36,3,750.0,-3.7423915738374873
isophon,36,3,1000.0,4.696678382130148
isophon,36,3,1500.0,-9.168419997109993
isophon,36,3,2000.0,-6.9912426954441855
isophon,36,3,3000.0,0.2409956014129051
isophon,36,3,4000.0,-1.7653399130680398
isophon,36,3,6000.0,-6.133893125332051
isophon,36,3,8000.0,-8.212028851805528
isophon,36,4,250.0,17.832831786126967
isophon,36,4,500.0,3.204569667739541
isophon,36,4,750.0,2.4567187182331196
isophon,36,4,1000.0,2.2916705200273952
isophon,36,4,1500.0,-10.965718492151481
isophon,36,4,2000.0,-3.1459064488223802
isophon,36,4,3000.0,0.6796550564670625
isophon,36,4,4000.0,2.856306140231105
isophon,36,4,6000.0,0.4394765878896436
isophon,36,4,8000.0,-3.492541679781475
isophon,36,5,250.0,14.219444143166896
isophon,36,5,500.0,-5.820460403365814
isophon,36,5,750.0,-4.887522641723706
isophon,36,5,1000.0,0.5096729041115964
isophon,36,5,1500.0,-7.031808991996414
isophon,36,5,2000.0,5.346626794043914
isophon,36,5,3000.0,4.2411675185587825
isophon,36,5,4000.0,3.77925471108194
isophon,36,5,6000.0,-0.6107571221399013
isophon,36,5,8000.0,-10.649138496578288
isophon,36,6,250.0,8.211825478472122
isophon,36,6,500.0,-6.0525226260833165
isophon,36,6,750.0,-3.2467043780660703
isophon,36,6,1000.0,-0.9369769834575408
isophon,36,6,1500.0,-4.3693020128892215
isophon,36,6,2000.0,-3.6672952944651627
isophon,36,6,3000.0,-3.526777404193467
isophon,36,6,4000.0,3.4377112478941996
isophon,36,6,6000.0,-1.5423330144427894
isophon,36,6,8000.0,-5.280907514654814
isophon,36,7,250.0,-3.535843042026343
isophon,36,7,500.0,-7.024231816409824
isophon,36,7,750.0,-5.229732731188207
isophon,36,7,1000.0,-0.3787919255114218
isophon,36,7,1500.0,-3.4941304963404036
isophon,36,7,2000.0,-1.312491493547455
isophon,36,7,3000.0,-0.8925162198367218
isophon,36,7,4000.0,5.946454572435627
isophon,36,7,6000.0,0.41066051710032525
isophon,36,7,8000.0,-5.9411675561559605
isophon,36,8,250.0,-1.6135879932711958
isophon,36,8,500.0,-8.342319298593324
isophon,36,8,750.0,-2.286271584722968
isophon,36,8,1000.0,4.222474601634616
isophon,36,8,1500.0,-2.0384711104047426
isophon,36,8,2000.0,0.8965508218137614
isophon,36,8,3000.0,-5.41724540360994
isophon,36,8,4000.0,3.7006058656603216
isophon,36,8,6000.0,0.38569589781049274
isophon,36,8,8000.0,-2.4267769529300978
isophon,36,9,250.0,0.13463558221862115
isophon,36,9,500.0,-10.471459317527703
isophon,36,9,750.0,-0.70392443825736
isophon,36,9,1000.0,5.5275005438090545
isophon,36,9,1500.0,-1.692272650558749
isophon,36,9,2000.0,0.39625419180134713
isophon,36,9,3000.0,-9.407946624755638
isophon,36,9,4000.0,5.2172157812672
isophon,36,9,6000.0,-1.2494792370790435
isophon,36,9,8000.0,-3.105734961176921
isophon,36,10,250.0,2.796565413779277
isophon,36,10,500.0,-6.136824812544248
isophon,36,10,750.0,2.193793413980913
isophon,36,10,1000.0,10.023924731931658
isophon,36,10,1500.0,3.1131942531956156
isophon,36,10,2000.0,-1.2880759571746978
isophon,36,10,3000.0,-7.18043670654275
isophon,36,10,4000.0,8.272098932760883
isophon,36,10,6000.0,-2.2636307336254333
isophon,36,10,8000.0,-0.31070715444133157
isophon,37,1,250.0,-18.96541664806655
isophon,37,1,500.0,-18.722660809290247
isophon,37,1,750.0,-28.030240574647237
isophon,37,1,1000.0,-16.799487932033784
isophon,37,1,1500.0,-25.348032355403717
isophon,37,1,2000.0,-28.114107326458317
isophon,37,1,3000.0,-20.775065463725184
isophon,37,1,4000.0,-2.7824117728380635
isophon,37,1,6000.0,17.81390697479248
isophon,37,1,8000.0,-3.146000227859716
isophon,37,2,250.0,-3.858265208834908
isophon,37,2,500.0,-10.892639932540483
isophon,37,2,750.0,-8.575551974335944
isophon,37,2,1000.0,-8.72780134217549
isophon,37,2,1500.0,-16.16848647560576
isophon,37,2,2000.0,-0.4215490776427018
isophon,37,2,3000.0,-8.82712591552108
isophon,37,2,4000.0,-1.2516963225015871
isophon,37,2,6000.0,18.022931146531313
isophon,37,2,8000.0,-0.28524380793896853
isophon,37,3,250.0,-3.0247605139228853
isophon,37,3,500.0,-7.299128214974132
isophon,37,3,750.0,-5.610727787422519
isophon,37,3,1000.0,-3.1482301237496984
isophon,37,3,1500.0,-1.8752002472601959
isophon,37,3,2000.0,-6.4002495964830715
isophon,37,3,3000.0,2.4996726101164626
isophon,37,3,4000.0,1.7021502547632608
isophon,37,3,6000.0,11.61080832660329
isophon,37,3,8000.0,5.033771590199983
isophon,37,4,250.0,6.084332390483297
isophon,37,4,500.0,0.24637081528925364
isophon,37,4,750.0,-5.450860448971156
isophon,37,4,1000.0,-2.3687024632722284
isophon,37,4,1500.0,2.5323917118649177
isophon,37,4,2000.0,0.2655809213272988
isophon,37,4,3000.0,3.0958517373559644
isophon,37,4,4000.0,14.090214840977438
isophon,37,4,6000.0,0.3440227439206325
isophon,37,4,8000.0,5.081532037982839
isophon,37,5,250.0,-2.0713797747691842
isophon,37,5,500.0,0.6851660126288834
isophon,37,5,750.0,-1.1989702191990688
isophon,37,5,1000.0,1.6026285279234713
isophon,37,5,1500.0,2.7475660753962927
isophon,37,5,2000.0,4.465794559475171
isophon,37,5,3000.0,1.187470658349028
isophon,37,5,4000.0,5.480937160374069
isophon,37,5,6000.0,-5.8003186639116535
isophon,37,5,8000.0,-10.618148536716362
isophon,37,6,250.0,5.740959022815048
isophon,37,6,500.0,4.634048173886498
isophon,37,6,750.0,4.52412892433118
isophon,37,6,1000.0,0.32611398279655646
isophon,37,6,1500.0,-4.666239147258196
isophon,37,6,2000.0,-3.7666119136804213
isophon,37,6,3000.0,0.2895965253936481
isophon,37,6,4000.0,3.6977638455428803
isophon,37,6,6000.0,-2.3468393268054655
isophon,37,6,8000.0,-2.2749317436418295
isophon,37,7,250.0,3.5915014823940368
isophon,37,7,500.0,5.249958848583503
isophon,37,7,750.0,5.033529417252041
isophon,37,7,1000.0,2.984388807927047
isophon,37,7,1500.0,-0.739282146026369
isophon,37,7,2000.0,-0.9299599588757275
isophon,37,7,3000.0,-0.6853256505095402
isophon,37,7,4000.0,1.4511461070909348
isophon,37,7,6000.0,-3.470798005716617
isophon,37,7,8000.0,-6.975472318933356
isophon,37,8,250.0,1.885989574238181
isophon,37,8,500.0,3.175071609997758
isophon,37,8,750.0,4.2719174740893635
isophon,37,8,1000.0,3.025500617301816
isophon,37,8,1500.0,-0.06280763774535103
isophon,37,8,2000.0,1.6563967372104145
isophon,37,8,3000.0,3.6036034330467004
isophon,37,8,4000.0,2.495038656282901
isophon,37,8,6000.0,-5.1750698294923865
isophon,37,8,8000.0,-4.375612997200349
isophon,37,9,250.0,0.593023157505101
isophon,37,9,500.0,2.32213117288741
isophon,37,9,750.0,3.6210010943692197
isophon,37,9,1000.0,3.639754733159478
isophon,37,9,1500.0,0.9273307517570544
isophon,37,9,2000.0,2.6129594774234306
isophon,37,9,3000.0,8.267307184646683
isophon,37,9,4000.0,-1.4762053327153097
isophon,37,9,6000.0,-5.611712493896491
isophon,37,9,8000.0,-2.1468415039060176
isophon,37,10,250.0,1.0591277574166469
isophon,37,10,500.0,1.9917292146984664
isophon,37,10,750.0,-1.7792167453946348
isophon,37,10,1000.0,1.1950292049028377
isophon,37,10,1500.0,-1.5702417473101349
isophon,37,10,2000.0,2.7359235384419804
isophon,37,10,3000.0,11.489988914772027
isophon,37,10,4000.0,-1.7694864209262846
isophon,37,10,6000.0,-3.640733337402338
isophon,37,10,8000.0,-0.4305680099375735
isophon,38,1,250.0,-32.91431643222214
isophon,38,1,500.0,-6.707477031316792
isophon,38,1,750.0,0.5338269391504404
isophon,38,1,1000.0,-3.860909088053397
isophon,38,1,1500.0,-13.274501384840526
isophon,38,1,2000.0,-26.363342148878615
isophon,38,1,3000.0,-9.944463736474212
isophon,38,1,4000.0,5.536409372985201
isophon,38,1,6000.0,3.0306611572960946
isophon,38,1,8000.0,-17.13602440522571
isophon,38,2,250.0,-6.079405354788257
isophon,38,2,500.0,2.8225881787085214
isophon,38,2,750.0,-0.38039807574953954
isophon,38,2,1000.0,4.575493167374326
isophon,38,2,1500.0,-4.583980924537066
isophon,38,2,2000.0,-10.523290084841037
isophon,38,2,3000.0,0.2801767978112615
isophon,38,2,4000.0,1.435576245553392
isophon,38,2,6000.0,-3.6641626578367408
isophon,38,2,8000.0,1.0152206355997464
isophon,38,3,250.0,-8.832180524022391
isophon,38,3,500.0,4.267630428928982
isophon,38,3,750.0,-3.0033943501388194
isophon,38,3,1000.0,7.233183537598805
isophon,38,3,1500.0,-5.449801126860287
isophon,38,3,2000.0,-1.7858694263717538
isophon,38,3,3000.0,-5.701235789653069
isophon,38,3,4000.0,-1.238610686320314
isophon,38,3,6000.0,1.1427331041196283
isophon,38,3,8000.0,-0.3277165861889415
isophon,38,4,250.0,-4.835639028710176
isophon,38,4,500.0,7.653067636248423
isophon,38,4,750.0,-4.501866025124912
isophon,38,4,1000.0,5.222120633715917
isophon,38,4,1500.0,-1.6937238287079168
isophon,38,4,2000.0,2.663503280108351
isophon,38,4,3000.0,-3.4043874222204593
isophon,38,4,4000.0,-3.5703819101169643
isophon,38,4,6000.0,0.328709927080979
isophon,38,4,8000.0,1.910607312951356
isophon,38,5,250.0,1.1285238883423432
isophon,38,5,500.0,5.096108361926184
isophon,38,5,750.0,-2.32203572725696
isophon,38,5,1000.0,3.5745043897452433
isophon,38,5,1500.0,1.0423619764690386
isophon,38,5,2000.0,5.525144180397291
isophon,38,5,3000.0,0.9233165340714464
isophon,38,5,4000.0,2.537019053903478
isophon,38,5,6000.0,-0.48974229126010016
isophon,38,5,8000.0,0.8726920092899491
isophon,38,6,250.0,-0.24826734029855402
isophon,38,6,500.0,7.3277744847695345
isophon,38,6,750.0,-2.86908687664031
isophon,38,6,1000.0,3.399267352450508
isophon,38,6,1500.0,0.9480919314013647
isophon,38,6,2000.0,-2.428886481949206
isophon,38,6,3000.0,4.341110541171005
isophon,38,6,4000.0,1.31928475161709
isophon,38,6,6000.0,-0.288329051715678
isophon,38,6,8000.0,5.153069354256573
isophon,38,7,250.0,-3.793059149784142
isophon,38,7,500.0,-2.4085781823814045
isophon,38,7,750.0,-6.835098583908376
isophon,38,7,1000.0,2.0039722699227696
isophon,38,7,1500.0,-3.0833459093629614
isophon,38,7,2000.0,-0.9908417986612079
isophon,38,7,3000.0,6.769058184745191
isophon,38,7,4000.0,4.359508756761329
isophon,38,7,6000.0,1.3509336951961899
isophon,38,7,8000.0,-0.6279510493195914
isophon,38,8,250.0,-5.758557939486963
isophon,38,8,500.0,-2.57458425435172
isophon,38,8,750.0,-7.493219579259133
isophon,38,8,1000.0,-0.7617912023699631
isophon,38,8,1500.0,-2.476743864188677
isophon,38,8,2000.0,-2.034980301051803
isophon,38,8,3000.0,7.912500800875534
isophon,38,8,4000.0,-2.732440822697015
isophon,38,8,6000.0,0.11880217323063391
isophon,38,8,8000.0,-1.6973902236109524
isophon,38,9,250.0,-6.531783959503059
isophon,38,9,500.0,-1.6299245791158654
isophon,38,9,750.0,-3.6082508004534617
isophon,38,9,1000.0,-0.135876186588888
isophon,38,9,1500.0,-0.04603738030731108
isophon,38,9,2000.0,-2.503088765048048
isophon,38,9,3000.0,7.137513995497059
isophon,38,9,4000.0,-7.293148475730675
isophon,38,9,6000.0,-2.9636549701760373
isophon,38,9,8000.0,-3.4762124406153276
isophon,38,10,250.0,-3.495359124064578
isophon,38,10,500.0,3.3116793206423694
isophon,38,10,750.0,-2.0159066069700344
isophon,38,10,1000.0,2.6631192906029213
isophon,38,10,1500.0,1.2055266558437125
isophon,38,10,2000.0,-0.43712258716747954
isophon,38,10,3000.0,10.519327051244545
isophon,38,10,4000.0,-5.851341169489501
isophon,38,10,6000.0,-1.0165219303965216
isophon,38,10,8000.0,-3.5653482460110695
isophon,39,1,250.0,-29.125302177228818
isophon,39,1,500.0,-22.02922272401254
isophon,39,1,750.0,-34.482892215251866
isophon,39,1,1000.0,-25.6594053667431
isophon,39,1,1500.0,-18.60492333421938
isophon,39,1,2000.0,-19.30394076944721
isophon,39,1,3000.0,-18.292985545133227
isophon,39,1,4000.0,-3.9380710075973084
isophon,39,1,6000.0,-3.510301444955097
isophon,39,1,8000.0,5.592390182640621
isophon,39,2,250.0,-6.347939601244654
isophon,39,2,500.0,-0.7912034720953685
isophon,39,2,750.0,-16.982683570648646
isophon,39,2,1000.0,-9.074589764454373
isophon,39,2,1500.0,-17.134880044029572
isophon,39,2,2000.0,-7.39913824041767
isophon,39,2,3000.0,0.7104406551033193
isophon,39,2,4000.0,6.212787100112891
isophon,39,2,6000.0,-4.226809118769374
isophon,39,2,8000.0,16.324724961287153
isophon,39,3,250.0,1.7210755606575248
isophon,39,3,500.0,2.6817703125328194
isophon,39,3,750.0,-5.654762695314588
isophon,39,3,1000.0,-2.560233312634473
isophon,39,3,1500.0,-6.17542461632177
isophon,39,3,2000.0,3.5444532624022287
isophon,39,3,3000.0,1.074955447818752
isophon,39,3,4000.0,3.0020552389248536
isophon,39,3,6000.0,0.5843993445953615
isophon,39,3,8000.0,13.873732599176954
isophon,39,4,250.0,-2.37944806840337
isophon,39,4,500.0,4.147160833278555
isophon,39,4,750.0,1.5929965770668915
isophon,39,4,1000.0,-0.9505357232672793
isophon,39,4,1500.0,-4.806991321203903
isophon,39,4,2000.0,9.157155258330988
isophon,39,4,3000.0,-1.3049242233103016
isophon,39,4,4000.0,0.8250204795030527
isophon,39,4,6000.0,2.3720286543414772
isophon,39,4,8000.0,14.471219497907946
isophon,39,5,250.0,-7.416525711877142
isophon,39,5,500.0,4.2144792238248385
isophon,39,5,750.0,2.9224894222441407
isophon,39,5,1000.0,2.2696028969563997
isophon,39,5,1500.0,-4.161745662700639
isophon,39,5,2000.0,3.224676776153757
isophon,39,5,3000.0,-7.186222825358172
isophon,39,5,4000.0,-3.7764009363789626
isophon,39,5,6000.0,-1.5471942911176484
isophon,39,5,8000.0,13.017852951789877
isophon,39,6,250.0,1.053133478312347
isophon,39,6,500.0,-1.2048496511113171
isophon,39,6,750.0,-2.9614430224775106
isophon,39,6,1000.0,-0.6626637260808366
isophon,39,6,1500.0,-3.8225334354508504
isophon,39,6,2000.0,0.5521909164400682
isophon,39,6,3000.0,-2.8250340227320123
isophon,39,6,4000.0,-1.5969367370188934
isophon,39,6,6000.0,1.3810797741192147
isophon,39,6,8000.0,13.950216675887319
isophon,39,7,250.0,0.1959651552767383
isophon,39,7,500.0,0.4525027215505162
isophon,39,7,750.0,-2.1557487005091502
isophon,39,7,1000.0,-0.538764371302463
isophon,39,7,1500.0,-3.7673349067832334
isophon,39,7,2000.0,-0.5193111112617004
isophon,39,7,3000.0,-2.2768527434396475
isophon,39,7,4000.0,0.47139276640498906
isophon,39,7,6000.0,0.4413128558298638
isophon,39,7,8000.0,12.643546857134098
isophon,39,8,250.0,1.574329009828915
isophon,39,8,500.0,-1.1251334142233276
isophon,39,8,750.0,-2.973485855127606
isophon,39,8,1000.0,-0.02884235885518649
isophon,39,8,1500.0,-4.0150777594848535
isophon,39,8,2000.0,1.87391927655176
isophon,39,8,3000.0,-0.5948995979328373
isophon,39,8,4000.0,-2.2303531134338783
isophon,39,8,6000.0,2.696967456074404
isophon,39,8,8000.0,14.202907059024497
isophon,39,9,250.0,2.5080151851850303
isophon,39,9,500.0,-0.6643214582782093
isophon,39,9,750.0,-4.145083390137074
isophon,39,9,1000.0,1.639784319082139
isophon,39,9,1500.0,-1.6405489611045283
isophon,39,9,2000.0,4.145769264190378
isophon,39,9,3000.0,0.21890963766715288
isophon,39,9,4000.0,-5.353166971492854
isophon,39,9,6000.0,4.508266640168799
isophon,39,9,8000.0,14.556050001762955
isophon,39,10,250.0,7.731846131495473
isophon,39,10,500.0,-0.663734096087552
isophon,39,10,750.0,-6.2205012205102435
isophon,39,10,1000.0,0.2845856951685306
isophon,39,10,1500.0,-3.9763672903103924
isophon,39,10,2000.0,6.389660527807379
isophon,39,10,3000.0,4.149469175725628
isophon,39,10,4000.0,-6.535163508125535
isophon,39,10,6000.0,2.7969702748416836
isophon,39,10,8000.0,12.69433045718526
isophon,40,1,250.0,-2.560219909792563
isophon,40,1,500.0,-30.215886228246596
isophon,40,1,750.0,-32.55771869050592
isophon,40,1,1000.0,-14.852456661413655
isophon,40,1,1500.0,-13.828439905904865
isophon,40,1,2000.0,-19.287882794525707
isophon,40,1,3000.0,-20.384679489135742
isophon,40,1,4000.0,-22.850373109212498
isophon,40,1,6000.0,-24.8565836923503
isophon,40,1,8000.0,-27.910319384112235
isophon,40,2,250.0,-6.957254422829621
isophon,40,2,500.0,-14.5942012494436
isophon,40,2,750.0,-17.136898785900726
isophon,40,2,1000.0,-1.0168740412774788
isophon,40,2,1500.0,-15.140317206166849
isophon,40,2,2000.0,-15.878305903244126
isophon,40,2,3000.0,-13.983214182732894
isophon,40,2,4000.0,-23.581888680612835
isophon,40,2,6000.0,-7.054423209139571
isophon,40,2,8000.0,-25.02173718270818
isophon,40,3,250.0,-10.209539571046193
isophon,40,3,500.0,-1.7574715142332593
isophon,40,3,750.0,-7.274043774551586
isophon,40,3,1000.0,2.109994264582255
isophon,40,3,1500.0,-15.373831928721657
isophon,40,3,2000.0,-12.709577488303722
isophon,40,3,3000.0,-3.540107706370563
isophon,40,3,4000.0,-14.54059039041077
isophon,40,3,6000.0,1.9693926636259889
isophon,40,3,8000.0,-18.706464974686554
isophon,40,4,250.0,-4.430119777017524
isophon,40,4,500.0,9.400300448445861
isophon,40,4,750.0,0.4415062900892508
isophon,40,4,1000.0,1.3444869752567854
isophon,40,4,1500.0,-7.649225102903813
isophon,40,4,2000.0,-5.52069626874507
isophon,40,4,3000.0,7.8005120435528355
isophon,40,4,4000.0,2.089730187524026
isophon,40,4,6000.0,9.02700220449104
isophon,40,4,8000.0,-4.386343286810899
isophon,40,5,250.0,3.412249875106653
isophon,40,5,500.0,3.781224517318037
isophon,40,5,750.0,-1.1509286293673426
isophon,40,5,1000.0,0.9366377951996014
isophon,40,5,1500.0,-3.7615472498716827
isophon,40,5,2000.0,-4.926744102745673
isophon,40,5,3000.0,13.082136462259385
isophon,40,5,4000.0,-1.1607711001238386
isophon,40,5,6000.0,2.661140033103294
isophon,40,5,8000.0,-8.06183532094829
isophon,40,6,250.0,0.795621010441792
isophon,40,6,500.0,-0.9505317488378182
isophon,40,6,750.0,0.36779278637625623
isophon,40,6,1000.0,-2.4719448604618606
isophon,40,6,1500.0,-4.20097957655841
isophon,40,6,2000.0,1.9502113609517124
isophon,40,6,3000.0,3.361880050309395
isophon,40,6,4000.0,-8.004968608825692
isophon,40,6,6000.0,0.38122769356536423
isophon,40,6,8000.0,-1.1131508701175932
isophon,40,7,250.0,-2.418266728940779
isophon,40,7,500.0,-1.8093506685817857
isophon,40,7,750.0,-2.4092571784345864
isophon,40,7,1000.0,-3.2080802635748427
isophon,40,7,1500.0,-4.508011255413109
isophon,40,7,2000.0,1.3639560079620026
isophon,40,7,3000.0,-1.0952647834976403
isophon,40,7,4000.0,-7.682733200066167
isophon,40,7,6000.0,-0.2820791560272795
isophon,40,7,8000.0,-1.272340461720745
isophon,40,8,250.0,-3.6789902352232957
isophon,40,8,500.0,-3.320895661925377
isophon,40,8,750.0,-0.10232310716621384
isophon,40,8,1000.0,-5.266352179613918
isophon,40,8,1500.0,-1.427263646991861
isophon,40,8,2000.0,-1.1472838722508243
isophon,40,8,3000.0,-4.491814186612459
isophon,40,8,4000.0,-5.524418416016701
isophon,40,8,6000.0,-3.671120814910253
isophon,40,8,8000.0,-4.6432506764011094
isophon,40,9,250.0,-5.416786261654622
isophon,40,9,500.0,-6.257330932617194
isophon,40,9,750.0,2.820956495578784
isophon,40,9,1000.0,-4.084720351580671
isophon,40,9,1500.0,0.2636060134317688
isophon,40,9,2000.0,-0.6139937944674472
isophon,40,9,3000.0,-8.235072174072272
isophon,40,9,4000.0,-3.655024548267761
isophon,40,9,6000.0,-4.881259002685553
isophon,40,9,8000.0,-6.958049231768115
isophon,40,10,250.0,-2.7477645566037694
isophon,40,10,500.0,-4.503888702392572
isophon,40,10,750.0,3.6715851428160704
isophon,40,10,1000.0,-1.7196192250067668
isophon,40,10,1500.0,0.37145995274376276
isophon,40,10,2000.0,1.6859513603178442
isophon,40,10,3000.0,-5.374986267089838
isophon,40,10,4000.0,-2.758278040605717
isophon,40,10,6000.0,-3.5423828124999943
isophon,40,10,8000.0,-3.245616481876425
isophon,41,1,250.0,-4.114110319910651
isophon,41,1,500.0,2.739851784334048
isophon,41,1,750.0,-6.629935762572693
isophon,41,1,1000.0,-2.175169396055683
isophon,41,1,1500.0,-4.564883049471307
isophon,41,1,2000.0,-13.84677711101537
isophon,41,1,3000.0,-10.942633322375277
isophon,41,1,4000.0,-2.752966794975446
isophon,41,1,6000.0,-9.628568022619831
isophon,41,1,8000.0,5.458084326921465
isophon,41,2,250.0,-4.020738335579921
isophon,41,2,500.0,4.596684267929838
isophon,41,2,750.0,7.46870829974079
isophon,41,2,1000.0,7.551046042533809
isophon,41,2,1500.0,-15.173984448840386
isophon,41,2,2000.0,-4.980049847785011
isophon,41,2,3000.0,-2.113513408984673
isophon,41,2,4000.0,10.234622802932314
isophon,41,2,6000.0,-9.258803786221492
isophon,41,2,8000.0,9.080814792322428
isophon,41,3,250.0,3.5603619781181877
isophon,41,3,500.0,4.519197891883735
isophon,41,3,750.0,0.6758865853507032
isophon,41,3,1000.0,7.224314287525587
isophon,41,3,1500.0,-10.8200042988491
isophon,41,3,2000.0,4.328217037108544
isophon,41,3,3000.0,5.4148860419426015
isophon,41,3,4000.0,7.629928374460533
isophon,41,3,6000.0,-4.849398592948546
isophon,41,3,8000.0,8.16997345126665
isophon,41,4,250.0,2.2890347919765333
isophon,41,4,500.0,13.357208214776279
isophon,41,4,750.0,0.5576232529153842
isophon,41,4,1000.0,2.5327618900335196
isophon,41,4,1500.0,-6.52026983370672
isophon,41,4,2000.0,10.358552390735241
isophon,41,4,3000.0,2.9761495121165495
isophon,41,4,4000.0,5.603162104891112
isophon,41,4,6000.0,-3.5873098150078135
isophon,41,4,8000.0,9.380546840297285
isophon,41,5,250.0,-8.413876747593989
isophon,41,5,500.0,14.389514058638667
isophon,41,5,750.0,2.014549015699771
isophon,41,5,1000.0,8.960197222647551
isophon,41,5,1500.0,-7.157053353155547
isophon,41,5,2000.0,0.5653404540041578
isophon,41,5,3000.0,-4.500398659319501
isophon,41,5,4000.0,4.189674667292806
isophon,41,5,6000.0,-5.057894029209081
isophon,41,5,8000.0,8.762521577767089
isophon,41,6,250.0,-1.608495828964891
isophon,41,6,500.0,14.739391895926218
isophon,41,6,750.0,4.741342332810589
isophon,41,6,1000.0,-4.646279863738457
isophon,41,6,1500.0,-3.222748363510135
isophon,41,6,2000.0,-1.984104759577491
isophon,41,6,3000.0,-1.810188506092402
isophon,41,6,4000.0,5.980523550739321
isophon,41,6,6000.0,-0.7903863493408636
isophon,41,6,8000.0,6.081289750499593
isophon,41,7,250.0,-2.825418499419442
isophon,41,7,500.0,16.39548050289622
isophon,41,7,750.0,4.524495583839055
isophon,41,7,1000.0,-2.729183106455338
isophon,41,7,1500.0,-2.9697905837816023
isophon,41,7,2000.0,-2.9427075895290784
isophon,41,7,3000.0,0.26999839845153417
isophon,41,7,4000.0,9.119261289444665
isophon,41,7,6000.0,-0.8608877906721233
isophon,41,7,8000.0,3.761269070912789
isophon,41,8,250.0,-3.556969194197123
isophon,41,8,500.0,11.569437174705342
isophon,41,8,750.0,2.6864850305875905
isophon,41,8,1000.0,-3.9249728125413554
isophon,41,8,1500.0,-1.9900660486393917
isophon,41,8,2000.0,-0.047764863143015646
isophon,41,8,3000.0,3.292117746979926
isophon,41,8,4000.0,7.301596467867327
isophon,41,8,6000.0,1.2823101669741988
isophon,41,8,8000.0,5.957716147156887
isophon,41,9,250.0,-3.559418748002841
isophon,41,9,500.0,10.380497373571316
isophon,41,9,750.0,-0.6529235381870819
isophon,41,9,1000.0,-1.924753756080193
isophon,41,9,1500.0,-1.1082784901728644
isophon,41,9,2000.0,2.471360370486579
isophon,41,9,3000.0,5.525847233824479
isophon,41,9,4000.0,3.6819023146191228
isophon,41,9,6000.0,2.546841601745541
isophon,41,9,8000.0,6.580688146109097
isophon,41,10,250.0,-0.9635092858687102
isophon,41,10,500.0,8.565465497077184
isophon,41,10,750.0,-4.46038278378235
isophon,41,10,1000.0,-2.4832283165308127
isophon,41,10,1500.0,-2.977456636759399
isophon,41,10,2000.0,4.286592336302135
isophon,41,10,3000.0,8.897810442668543
isophon,41,10,4000.0,1.1389645363125283
isophon,41,10,6000.0,-0.28765526671071484
isophon,41,10,8000.0,5.172838460983115
isophon,42,1,250.0,-7.546199569926642
isophon,42,1,500.0,10.117837381452752
isophon,42,1,750.0,0.44360264696857854
isophon,42,1,1000.0,2.9290129677680525
isophon,42,1,1500.0,-3.5864894557935543
isophon,42,1,2000.0,14.28172999828928
isophon,42,1,3000.0,-3.240633117933079
isophon,42,1,4000.0,-3.0367894044070596
isophon,42,1,6000.0,-2.7850001199828345
isophon,42,1,8000.0,-15.216524758821272
isophon,42,2,250.0,-4.197182752211944
isophon,42,2,500.0,-1.9963900062683066
isophon,42,2,750.0,-2.053466081276362
isophon,42,2,1000.0,1.11110704771869
isophon,42,2,1500.0,-10.241067234246934
isophon,42,2,2000.0,-6.197550724007726
isophon,42,2,3000.0,4.043875853502698
isophon,42,2,4000.0,5.881902601384823
isophon,42,2,6000.0,-3.836016519415935
isophon,42,2,8000.0,-1.7067450878401758
isophon,42,3,250.0,-2.158749054119589
isophon,42,3,500.0,-0.8598422462861777
isophon,42,3,750.0,0.4152462452827095
isophon,42,3,1000.0,0.2392494606287201
isophon,42,3,1500.0,-1.417047164005595
isophon,42,3,2000.0,-7.4805064322366235
isophon,42,3,3000.0,14.957818332601377
isophon,42,3,4000.0,4.052634717587878
isophon,42,3,6000.0,-8.369230691972739
isophon,42,3,8000.0,-1.3797635127815013
isophon,42,4,250.0,-7.272931567112579
isophon,42,4,500.0,-2.116192352355114
isophon,42,4,750.0,7.124606243710382
isophon,42,4,1000.0,-1.4368417162439613
isophon,42,4,1500.0,4.31601346075211
isophon,42,4,2000.0,-3.068625560936013
isophon,42,4,3000.0,4.293516831088908
isophon,42,4,4000.0,7.1164141274741155
isophon,42,4,6000.0,-3.444441682552565
isophon,42,4,8000.0,2.4609302587395874
isophon,42,5,250.0,2.1631303983607637
isophon,42,5,500.0,-4.65961571362763
isophon,42,5,750.0,4.336465919796552
isophon,42,5,1000.0,-2.428248934279196
isophon,42,5,1500.0,2.8150058791199086
isophon,42,5,2000.0,0.7973939826753735
isophon,42,5,3000.0,4.6526785330548535
isophon,42,5,4000.0,5.449111897881821
isophon,42,5,6000.0,-2.4180488671119775
isophon,42,5,8000.0,2.539160955788901
isophon,42,6,250.0,7.808266542300089
isophon,42,6,500.0,-3.20187625355706
isophon,42,6,750.0,8.60826774101659
isophon,42,6,1000.0,-1.0456751494390062
isophon,42,6,1500.0,3.00089082772854
isophon,42,6,2000.0,4.572789450338831
isophon,42,6,3000.0,6.260822043020852
isophon,42,6,4000.0,-1.9704832551672382
isophon,42,6,6000.0,-8.282853642387508
isophon,42,6,8000.0,-11.269281862048246
isophon,42,7,250.0,8.43789543186098
isophon,42,7,500.0,-2.849818003471597
isophon,42,7,750.0,8.346679228842177
isophon,42,7,1000.0,-1.8358312813361266
isophon,42,7,1500.0,-0.20150782222363262
isophon,42,7,2000.0,2.2791542675138317
isophon,42,7,3000.0,0.6185923472347667
isophon,42,7,4000.0,-0.1508149740747058
isophon,42,7,6000.0,-4.539130873831695
isophon,42,7,8000.0,-12.12157053386602
isophon,42,8,250.0,0.88614375951569
isophon,42,8,500.0,-2.316882779652744
isophon,42,8,750.0,5.032250859409928
isophon,42,8,1000.0,-3.941841706448585
isophon,42,8,1500.0,-5.742583512095052
isophon,42,8,2000.0,-0.012898074669024595
isophon,42,8,3000.0,-3.7908816780703205
isophon,42,8,4000.0,-2.8986451242870714
isophon,42,8,6000.0,-5.476884518452508
isophon,42,8,8000.0,-16.16146522773461
isophon,42,9,250.0,-3.326197129049902
isophon,42,9,500.0,-2.6664770180907595
isophon,42,9,750.0,-2.6973731626906527
isophon,42,9,1000.0,-7.233073977560252
isophon,42,9,1500.0,-2.765029819679526
isophon,42,9,2000.0,-2.926678858183749
isophon,42,9,3000.0,-7.955275158730984
isophon,42,9,4000.0,-4.967622427919508
isophon,42,9,6000.0,-6.1093423415727415
isophon,42,9,8000.0,-14.181824567707608
isophon,42,10,250.0,-4.067738196015057
isophon,42,10,500.0,-3.6167325155976755
isophon,42,10,750.0,-3.2877210137744584
isophon,42,10,1000.0,-8.918207154171995
isophon,42,10,1500.0,0.11764099968436881
isophon,42,10,2000.0,-0.22477772374085703
isophon,42,10,3000.0,-7.462780430684603
isophon,42,10,4000.0,-3.6518783445530687
isophon,42,10,6000.0,-8.206222319089619
isophon,42,10,8000.0,-10.43390381342904
isophon,43,1,250.0,17.814834106826986
isophon,43,1,500.0,-0.05028408050537081
isophon,43,1,750.0,-5.80023463147084
isophon,43,1,1000.0,-15.349961682896172
isophon,43,1,1500.0,-25.470481314631897
isophon,43,1,2000.0,-9.625714106647656
isophon,43,1,3000.0,-15.761297104206601
isophon,43,1,4000.0,1.057919164102037
isophon,43,1,6000.0,10.292913041644198
isophon,43,1,8000.0,19.68597595430854
isophon,43,2,250.0,5.72454118866542
isophon,43,2,500.0,0.24087952683764513
isophon,43,2,750.0,3.2907628386588534
isophon,43,2,1000.0,3.4388861439010796
isophon,43,2,1500.0,-12.420003653120844
isophon,43,2,2000.0,-4.962621271870496
isophon,43,2,3000.0,-3.4727942565665835
isophon,43,2,4000.0,-1.401165664074803
isophon,43,2,6000.0,0.15897710602973802
isophon,43,2,8000.0,20.36819894496524
isophon,43,3,250.0,0.3855118747339219
isophon,43,3,500.0,3.3568970362389265
isophon,43,3,750.0,0.6051705068045408
isophon,43,3,1000.0,-4.007296384158401
isophon,43,3,1500.0,-4.994229642762285
isophon,43,3,2000.0,-14.07828179172521
isophon,43,3,3000.0,3.779104381671992
isophon,43,3,4000.0,2.303207776082921
isophon,43,3,6000.0,-9.432555320414053
isophon,43,3,8000.0,12.336283106989754
isophon,43,4,250.0,-2.7112392667366123
isophon,43,4,500.0,4.203458150380136
isophon,43,4,750.0,1.2024280715450715
isophon,43,4,1000.0,1.2057430320942615
isophon,43,4,1500.0,7.349595274593582
isophon,43,4,2000.0,-0.26784392502899124
isophon,43,4,3000.0,6.902844294985414
isophon,43,4,4000.0,-1.7366959876707853
isophon,43,4,6000.0,-9.104787870661198
isophon,43,4,8000.0,11.846268611487773
isophon,43,5,250.0,3.828747988659572
isophon,43,5,500.0,8.864903820472136
isophon,43,5,750.0,12.277490190922009
isophon,43,5,1000.0,11.694737938831253
isophon,43,5,1500.0,7.056099335097315
isophon,43,5,2000.0,1.202736122607135
isophon,43,5,3000.0,11.292244208895255
isophon,43,5,4000.0,2.5220871676487207
isophon,43,5,6000.0,-2.362395278065648
isophon,43,5,8000.0,-0.9118141332604637
isophon,43,6,250.0,-4.147746309213488
isophon,43,6,500.0,2.3281928544575834
isophon,43,6,750.0,4.3735758879927005
isophon,43,6,1000.0,-4.40633147917076
isophon,43,6,1500.0,-3.470266267815248
isophon,43,6,2000.0,-2.387735492334855
isophon,43,6,3000.0,2.7188908934610225
isophon,43,6,4000.0,0.7292487249446395
isophon,43,6,6000.0,-0.25881344154677777
isophon,43,6,8000.0,0.07081899560512284
isophon,43,7,250.0,-5.380979083430489
isophon,43,7,500.0,-3.6728672266482647
isophon,43,7,750.0,-2.8025302316405885
isophon,43,7,1000.0,-3.0432654553639082
isophon,43,7,1500.0,-7.065438121003723
isophon,43,7,2000.0,-3.974917743135478
isophon,43,7,3000.0,2.8716429792647205
isophon,43,7,4000.0,0.9229001007880129
isophon,43,7,6000.0,1.9494638942962155
isophon,43,7,8000.0,3.302551783691058
isophon,43,8,250.0,-2.633940562276422
isophon,43,8,500.0,-4.128585190504637
isophon,43,8,750.0,-0.022050306086953242
isophon,43,8,1000.0,-0.6794368169977645
isophon,43,8,1500.0,-7.57047796513541
isophon,43,8,2000.0,-5.695578573490337
isophon,43,8,3000.0,-3.6864476834800683
isophon,43,8,4000.0,2.1737759677456694
isophon,43,8,6000.0,3.958173979468242
isophon,43,8,8000.0,1.0488525012043652
isophon,43,9,250.0,-1.327815521834708
isophon,43,9,500.0,-3.944516475615785
isophon,43,9,750.0,3.5834753207569037
isophon,43,9,1000.0,0.013671953335972375
isophon,43,9,1500.0,-9.993867278989953
isophon,43,9,2000.0,-5.073665137938946
isophon,43,9,3000.0,-11.206481382745565
isophon,43,9,4000.0,-0.7363464623122127
isophon,43,9,6000.0,4.6809611864705545
isophon,43,9,8000.0,-1.660942038129562
isophon,43,10,250.0,1.7030043189293735
isophon,43,10,500.0,-2.045399924444453
isophon,43,10,750.0,0.39291260090131175
isophon,43,10,1000.0,-3.7837884884331316
isophon,43,10,1500.0,-8.72272997680632
isophon,43,10,2000.0,-1.8791396037076709
isophon,43,10,3000.0,-8.260062130788711
isophon,43,10,4000.0,-0.792257324413967
isophon,43,10,6000.0,-0.6031885253226079
isophon,43,10,8000.0,-3.2757774353027145
isophon,44,1,250.0,19.528062514114886
isophon,44,1,500.0,19.08871166735527
isophon,44,1,750.0,18.35514363227994
isophon,44,1,1000.0,12.916574044344454
isophon,44,1,1500.0,2.9977255831742564
isophon,44,1,2000.0,-6.704175467213384
isophon,44,1,3000.0,-3.497684607659636
isophon,44,1,4000.0,-3.8197641735448506
isophon,44,1,6000.0,10.732855417101776
isophon,44,1,8000.0,13.109597047795688
isophon,44,2,250.0,7.430180314315969
isophon,44,2,500.0,15.401995127772032
isophon,44,2,750.0,12.634330426884304
isophon,44,2,1000.0,4.5091591034979785
isophon,44,2,1500.0,-4.686361958443712
isophon,44,2,2000.0,5.421913781827378
isophon,44,2,3000.0,2.906151354040528
isophon,44,2,4000.0,-5.761098598960714
isophon,44,2,6000.0,2.2615300127221474
isophon,44,2,8000.0,17.536564862114187
isophon,44,3,250.0,0.7654974957158629
isophon,44,3,500.0,11.429701720173057
isophon,44,3,750.0,5.840999355935246
isophon,44,3,1000.0,-3.6261031887203217
isophon,44,3,1500.0,0.0661059947215108
isophon,44,3,2000.0,5.04148773906266
isophon,44,3,3000.0,1.1388713653793374
isophon,44,3,4000.0,-10.922345854279229
isophon,44,3,6000.0,3.29937066863954
isophon,44,3,8000.0,13.606860441954069
isophon,44,4,250.0,-2.3362541905480754
isophon,44,4,500.0,11.380906919746472
isophon,44,4,750.0,-0.33550762905250053
isophon,44,4,1000.0,-5.083247428051223
isophon,44,4,1500.0,-0.043370394399310896
isophon,44,4,2000.0,2.705280754074707
isophon,44,4,3000.0,1.6933507070976788
isophon,44,4,4000.0,-9.789761603101624
isophon,44,4,6000.0,2.579270333018698
isophon,44,4,8000.0,14.144997927395217
isophon,44,5,250.0,-7.541218710218516
isophon,44,5,500.0,1.4504381282409327
isophon,44,5,750.0,2.68416017827073
isophon,44,5,1000.0,-2.960417880294102
isophon,44,5,1500.0,-2.2575324106193904
isophon,44,5,2000.0,-1.0570522677282383
isophon,44,5,3000.0,0.446992585568573
isophon,44,5,4000.0,-10.959399957445527
isophon,44,5,6000.0,-0.7340715585037572
isophon,44,5,8000.0,19.192251958952973
isophon,44,6,250.0,-4.0680670264676735
isophon,44,6,500.0,9.461438295083155
isophon,44,6,750.0,4.51939524937832
isophon,44,6,1000.0,0.8307904038641425
isophon,44,6,1500.0,-1.9905647395479917
isophon,44,6,2000.0,3.1423678448160857
isophon,44,6,3000.0,1.5814078808936927
isophon,44,6,4000.0,-1.543462719934766
isophon,44,6,6000.0,8.11769598858315
isophon,44,6,8000.0,22.412488359408698
isophon,44,7,250.0,-1.107747584124553
isophon,44,7,500.0,3.632447741848509
isophon,44,7,750.0,0.42273567861118977
isophon,44,7,1000.0,1.6778829962601947
isophon,44,7,1500.0,-0.6832854127670345
isophon,44,7,2000.0,-3.766103721231687
isophon,44,7,3000.0,-6.031280661281585
isophon,44,7,4000.0,-10.122508780153566
isophon,44,7,6000.0,2.2591376497261706
isophon,44,7,8000.0,18.738192823633767
isophon,44,8,250.0,-1.6486296486595506
isophon,44,8,500.0,3.8795386135010403
isophon,44,8,750.0,1.2086285694191758
isophon,44,8,1000.0,0.20070418820155567
isophon,44,8,1500.0,-1.7008453585258394
isophon,44,8,2000.0,-1.5197688628045967
isophon,44,8,3000.0,-2.084348885652801
isophon,44,8,4000.0,-6.9787555416940705
isophon,44,8,6000.0,2.333800928635796
isophon,44,8,8000.0,19.705499841960773
isophon,44,9,250.0,-1.4080750124608272
isophon,44,9,500.0,5.0116608169701635
isophon,44,9,750.0,0.5445859285328822
isophon,44,9,1000.0,3.3311239924123583
isophon,44,9,1500.0,-2.929540074605157
isophon,44,9,2000.0,-1.785843287039242
isophon,44,9,3000.0,2.979357654803195
isophon,44,9,4000.0,-2.898998298654746
isophon,44,9,6000.0,5.079283505220076
isophon,44,9,8000.0,20.47581873817616
isophon,44,10,250.0,-6.027771965785959
isophon,44,10,500.0,-1.8637922800110829
isophon,44,10,750.0,2.065208177382317
isophon,44,10,1000.0,5.940896676492159
isophon,44,10,1500.0,-2.4889234152955027
isophon,44,10,2000.0,3.8146830311074638
isophon,44,10,3000.0,7.087024095611653
isophon,44,10,4000.0,-1.1199138659613226
isophon,44,10,6000.0,6.763367629912381
isophon,44,10,8000.0,15.454158563864581
isophon,45,1,250.0,-18.18295221763315
isophon,45,1,500.0,-7.437465725927623
isophon,45,1,750.0,-3.016705351799274
isophon,45,1,1000.0,-6.72426257487588
isophon,45,1,1500.0,2.6200798613451397
isophon,45,1,2000.0,-1.4767840964925654
isophon,45,1,3000.0,0.048059159023758014
isophon,45,1,4000.0,-8.42560630007392
isophon,45,1,6000.0,-13.686839231071517
isophon,45,1,8000.0,-9.5570048231145
isophon,45,2,250.0,-5.4063757232217
isophon,45,2,500.0,-8.595384888859812
isophon,45,2,750.0,-6.555341203256518
isophon,45,2,1000.0,-7.698917220505621
isophon,45,2,1500.0,1.0172030627277096
isophon,45,2,2000.0,9.041229444037384
isophon,45,2,3000.0,4.709399045576696
isophon,45,2,4000.0,1.4600631720496082
isophon,45,2,6000.0,-12.660437819643107
isophon,45,2,8000.0,-20.43248685595539
isophon,45,3,250.0,-1.4825590702458413
isophon,45,3,500.0,-1.8706131099158938
isophon,45,3,750.0,-8.855848295821517
isophon,45,3,1000.0,-2.5317802365318087
isophon,45,3,1500.0,-5.995585663409081
isophon,45,3,2000.0,-11.021732609516732
isophon,45,3,3000.0,-12.541660627796716
isophon,45,3,4000.0,-0.9704237810691225
isophon,45,3,6000.0,-12.416187109934071
isophon,45,3,8000.0,-11.311434331267378
isophon,45,4,250.0,-3.2577009097449405
isophon,45,4,500.0,1.8886068820372088
isophon,45,4,750.0,-1.3106691705402653
isophon,45,4,1000.0,-0.35533804811913683
isophon,45,4,1500.0,-2.926128177188076
isophon,45,4,2000.0,-12.465202310985845
isophon,45,4,3000.0,-7.9216792087423045
isophon,45,4,4000.0,0.30863688673574075
isophon,45,4,6000.0,-4.641654756272004
isophon,45,4,8000.0,-8.208521963680653
isophon,45,5,250.0,-1.0717228670826557
isophon,45,5,500.0,0.4340842315458673
isophon,45,5,750.0,0.7242535064800393
isophon,45,5,1000.0,0.656811938978251
isophon,45,5,1500.0,1.517869139450852
isophon,45,5,2000.0,-4.5634918827250885
isophon,45,5,3000.0,-2.0355617651574107
isophon,45,5,4000.0,-0.047593149354028697
isophon,45,5,6000.0,1.7595386366781298
isophon,45,5,8000.0,-2.3708887773516523
isophon,45,6,250.0,1.9070354734145099
isophon,45,6,500.0,-1.473084296844931
isophon,45,6,750.0,1.9305916990872163
isophon,45,6,1000.0,7.38390902969293
isophon,45,6,1500.0,2.5257309523698837
isophon,45,6,2000.0,-0.9736984952380823
isophon,45,6,3000.0,-1.1268150169884876
isophon,45,6,4000.0,0.3986615603036796
isophon,45,6,6000.0,-5.507178798660448
isophon,45,6,8000.0,-5.339959292590507
isophon,45,7,250.0,-2.0721681553918216
isophon,45,7,500.0,-4.565526513676161
isophon,45,7,750.0,-4.515318693068508
isophon,45,7,1000.0,2.410126017973326
isophon,45,7,1500.0,0.4001023620184725
isophon,45,7,2000.0,-1.1139378923676588
isophon,45,7,3000.0,-1.1987093634423047
isophon,45,7,4000.0,-1.861632315434548
isophon,45,7,6000.0,-5.4444644808947515
isophon,45,7,8000.0,-1.0147853303838446
isophon,45,8,250.0,-1.6317981776586237
isophon,45,8,500.0,-2.941164101578906
isophon,45,8,750.0,-4.692669260569275
isophon,45,8,1000.0,4.180378433205362
isophon,45,8,1500.0,-1.8961634526684605
isophon,45,8,2000.0,-1.8225776376080773
isophon,45,8,3000.0,-3.0349881220022894
isophon,45,8,4000.0,-1.8533156624822027
isophon,45,8,6000.0,-4.998904425367499
isophon,45,8,8000.0,-3.647369945661339
isophon,45,9,250.0,-0.7704798078318902
isophon,45,9,500.0,-4.5013373917688995
isophon,45,9,750.0,-4.4656906466927495
isophon,45,9,1000.0,2.122767023022533
isophon,45,9,1500.0,-4.080015129976545
isophon,45,9,2000.0,-4.991770487759894
isophon,45,9,3000.0,-5.050606074330403
isophon,45,9,4000.0,1.1869214891930397
isophon,45,9,6000.0,-4.3788825369059055
isophon,45,9,8000.0,-6.4400010212037415
isophon,45,10,250.0,-4.481608361055777
isophon,45,10,500.0,-2.233699059197164
isophon,45,10,750.0,-4.112675343031896
isophon,45,10,1000.0,3.4549020636207786
isophon,45,10,1500.0,-4.337698823776904
isophon,45,10,2000.0,-9.71115121921207
isophon,45,10,3000.0,-9.756309048366361
isophon,45,10,4000.0,3.2703380512509455
isophon,45,10,6000.0,-1.921907830301251
isophon,45,10,8000.0,-3.4781289022036646
isophon,46,1,250.0,-0.02125959828140367
isophon,46,1,500.0,15.68810386190616
isophon,46,1,750.0,8.794233906417311
isophon,46,1,1000.0,30.870693880325483
isophon,46,1,1500.0,9.476521951620455
isophon,46,1,2000.0,-2.8112334715308833
isophon,46,1,3000.0,-20.63323058344561
isophon,46,1,4000.0,1.1739211156997271
isophon,46,1,6000.0,14.677949180288849
isophon,46,1,8000.0,14.016489999608766
isophon,46,2,250.0,7.712363363935104
isophon,46,2,500.0,9.920226811204657
isophon,46,2,750.0,5.35768559674046
isophon,46,2,1000.0,5.275749803186947
isophon,46,2,1500.0,-0.8017411228584237
isophon,46,2,2000.0,-3.6001224762956525
isophon,46,2,3000.0,-2.0254973488892176
isophon,46,2,4000.0,8.272464109597962
isophon,46,2,6000.0,7.84618178992487
isophon,46,2,8000.0,3.019155195430585
isophon,46,3,250.0,-0.881459643919996
isophon,46,3,500.0,-1.8092602332115462
isophon,46,3,750.0,-0.20888492254564994
isophon,46,3,1000.0,-0.24845425007973176
isophon,46,3,1500.0,0.7451805929992901
isophon,46,3,2000.0,4.757443958232315
isophon,46,3,3000.0,0.007612090049818221
isophon,46,3,4000.0,-0.30834086884836154
isophon,46,3,6000.0,1.6457652863600458
isophon,46,3,8000.0,-0.6287127726575932
isophon,46,4,250.0,-7.545420587272943
isophon,46,4,500.0,-7.269958271617668
isophon,46,4,750.0,0.4779442649338961
isophon,46,4,1000.0,-0.11918354209817039
isophon,46,4,1500.0,4.793745489796251
isophon,46,4,2000.0,9.366629895637644
isophon,46,4,3000.0,-2.527772820528128
isophon,46,4,4000.0,-8.422339656263532
isophon,46,4,6000.0,0.15246653784578257
isophon,46,4,8000.0,2.956369039194584
isophon,46,5,250.0,1.294687093456787
isophon,46,5,500.0,-1.9550594540812085
isophon,46,5,750.0,2.4652258394348223
isophon,46,5,1000.0,2.100377851865943
isophon,46,5,1500.0,2.280183481919323
isophon,46,5,2000.0,9.922324454826281
isophon,46,5,3000.0,-1.1951646442433912
isophon,46,5,4000.0,-2.107627492622612
isophon,46,5,6000.0,-3.428223451330666
isophon,46,5,8000.0,-6.460913352843093
isophon,46,6,250.0,2.4357562870295766
isophon,46,6,500.0,-2.093862270703312
isophon,46,6,750.0,0.7032891993791566
isophon,46,6,1000.0,1.2175531133622144
isophon,46,6,1500.0,-0.4987195794767132
isophon,46,6,2000.0,5.501700870176762
isophon,46,6,3000.0,2.5675086954628057
isophon,46,6,4000.0,-1.2576710401879296
isophon,46,6,6000.0,-1.4948254641667944
isophon,46,6,8000.0,-2.539909616342271
isophon,46,7,250.0,1.5830083016170136
isophon,46,7,500.0,1.1480608083026027
isophon,46,7,750.0,1.794130626061758
isophon,46,7,1000.0,0.6098898491641478
isophon,46,7,1500.0,-1.399748013085926
isophon,46,7,2000.0,1.7328181659657673
isophon,46,7,3000.0,2.4370246543454783
isophon,46,7,4000.0,0.35198464652866335
isophon,46,7,6000.0,2.0896416019190553
isophon,46,7,8000.0,-0.8433244505975779
isophon,46,8,250.0,1.3432721952337943
isophon,46,8,500.0,1.048634772725194
isophon,46,8,750.0,-0.10243387768238676
isophon,46,8,1000.0,-1.3061267948119024
isophon,46,8,1500.0,-2.808120072088329
isophon,46,8,2000.0,3.6862740679395642
isophon,46,8,3000.0,2.9721948742080997
isophon,46,8,4000.0,-2.7102945475029827
isophon,46,8,6000.0,2.0595988011591686
isophon,46,8,8000.0,1.6632489256296594
isophon,46,9,250.0,2.4677801155875017
isophon,46,9,500.0,1.0899384015091016
isophon,46,9,750.0,-3.6976821179574983
isophon,46,9,1000.0,-2.3485670210813936
isophon,46,9,1500.0,-5.61843140372882
isophon,46,9,2000.0,6.559267477140111
isophon,46,9,3000.0,1.4976001524563998
isophon,46,9,4000.0,-5.9090823469720135
isophon,46,9,6000.0,1.824261240153021
isophon,46,9,8000.0,4.268479710085543
isophon,46,10,250.0,4.346544192714532
isophon,46,10,500.0,3.4647828729323464
isophon,46,10,750.0,-5.064160571468008
isophon,46,10,1000.0,1.1926665125759968
isophon,46,10,1500.0,-2.823999283486188
isophon,46,10,2000.0,7.853640380730539
isophon,46,10,3000.0,3.5072782880431532
isophon,46,10,4000.0,-5.76188960806239
isophon,46,10,6000.0,3.423791406294953
isophon,46,10,8000.0,0.29427341434619336
isophon,47,1,250.0,-14.75595834033021
isophon,47,1,500.0,-16.945662573590628
isophon,47,1,750.0,-10.755653661191054
isophon,47,1,1000.0,-2.1035720334164836
isophon,47,1,1500.0,-3.0889615859977795
isophon,47,1,2000.0,-11.622269933571614
isophon,47,1,3000.0,0.2335661642456035
isophon,47,1,4000.0,9.57197203719889
isophon,47,1,6000.0,3.2855697583737395
isophon,47,1,8000.0,22.328047228723715
isophon,47,2,250.0,-0.5319528715767774
isophon,47,2,500.0,-13.728437804061542
isophon,47,2,750.0,-7.443857598844325
isophon,47,2,1000.0,-4.374639522571428
isophon,47,2,1500.0,-8.0702657953521
isophon,47,2,2000.0,2.3350215158700465
isophon,47,2,3000.0,9.38537030339257
isophon,47,2,4000.0,1.1501670042035528
isophon,47,2,6000.0,2.2926376109752766
isophon,47,2,8000.0,7.38786607342773
isophon,47,3,250.0,3.5633827601505317
isophon,47,3,500.0,-6.42525377044376
isophon,47,3,750.0,-4.005913082923811
isophon,47,3,1000.0,-2.0256004459807286
isophon,47,3,1500.0,-8.470588580862419
isophon,47,3,2000.0,-6.603384079000229
isophon,47,3,3000.0,-0.4585758509344444
isophon,47,3,4000.0,0.7462840060707379
isophon,47,3,6000.0,-1.2166451139324579
isophon,47,3,8000.0,14.92790003729425
isophon,47,4,250.0,1.7617470259538948
isophon,47,4,500.0,-4.966578143340598
isophon,47,4,750.0,3.1958980339093017
isophon,47,4,1000.0,1.3542601304078516
isophon,47,4,1500.0,-2.555805017571913
isophon,47,4,2000.0,-8.26702533944382
isophon,47,4,3000.0,0.4262112510311624
isophon,47,4,4000.0,0.3293903195634016
isophon,47,4,6000.0,1.4158332614013318
isophon,47,4,8000.0,14.70776988648916
isophon,47,5,250.0,4.900617004677258
isophon,47,5,500.0,-3.444245902719331
isophon,47,5,750.0,4.735089787036941
isophon,47,5,1000.0,3.7391540678313646
isophon,47,5,1500.0,0.9604557924021719
isophon,47,5,2000.0,-2.1958771286342227
isophon,47,5,3000.0,6.051321578474031
isophon,47,5,4000.0,-2.645383994119868
isophon,47,5,6000.0,5.610988683999224
isophon,47,5,8000.0,15.712860668127433
isophon,47,6,250.0,6.7201887536775615
isophon,47,6,500.0,-0.35987643944768877
isophon,47,6,750.0,2.35935620278282
isophon,47,6,1000.0,4.100141445947628
isophon,47,6,1500.0,-4.888449603455655
isophon,47,6,2000.0,-1.2589070431128278
isophon,47,6,3000.0,3.4199056353515402
isophon,47,6,4000.0,-4.142280314069595
isophon,47,6,6000.0,1.8928529039988433
isophon,47,6,8000.0,6.725092631641246
isophon,47,7,250.0,-1.0983931117648922
isophon,47,7,500.0,-4.171639601451105
isophon,47,7,750.0,-4.785141003888057
isophon,47,7,1000.0,1.2240955679724266
isophon,47,7,1500.0,-6.960021331437488
isophon,47,7,2000.0,1.017434326173131
isophon,47,7,3000.0,6.711604791900356
isophon,47,7,4000.0,-6.201580098127394
isophon,47,7,6000.0,-1.3456713991699019
isophon,47,7,8000.0,8.783097264624274
isophon,47,8,250.0,-0.6471468255047341
isophon,47,8,500.0,-5.038747622846245
isophon,47,8,750.0,-5.786795284908607
isophon,47,8,1000.0,3.61424625416916
isophon,47,8,1500.0,-7.294067424616529
isophon,47,8,2000.0,-0.1413313546551933
isophon,47,8,3000.0,4.480398375600785
isophon,47,8,4000.0,-6.626850912553351
isophon,47,8,6000.0,-1.4113277513886544
isophon,47,8,8000.0,4.662603253819242
isophon,47,9,250.0,-0.5920707823582347
isophon,47,9,500.0,-6.59915022143872
isophon,47,9,750.0,-6.323563042726491
isophon,47,9,1000.0,1.844863448834559
isophon,47,9,1500.0,-9.204573609841773
isophon,47,9,2000.0,-2.533823192412953
isophon,47,9,3000.0,-1.1806705104017823
isophon,47,9,4000.0,-4.2221105578882145
isophon,47,9,6000.0,-2.64447255767881
isophon,47,9,8000.0,-0.5887631040840944
isophon,47,10,250.0,-4.790651510514067
isophon,47,10,500.0,-3.877035614162537
isophon,47,10,750.0,-5.849659053286828
isophon,47,10,1000.0,1.3348207515068822
isophon,47,10,1500.0,-10.620367348931069
isophon,47,10,2000.0,-5.810020512908736
isophon,47,10,3000.0,-2.221793120994576
isophon,47,10,4000.0,-1.9520127646046461
isophon,47,10,6000.0,-1.1210817925620802
isophon,47,10,8000.0,-1.4154411315917912
isophon,48,1,250.0,9.850413274334482
isophon,48,1,500.0,4.589754371304288
isophon,48,1,750.0,1.239565333640023
isophon,48,1,1000.0,3.027872979001174
isophon,48,1,1500.0,16.888032387227774
isophon,48,1,2000.0,19.175214343771877
isophon,48,1,3000.0,7.073960609436035
isophon,48,1,4000.0,-3.1137803474333303
isophon,48,1,6000.0,14.135230369567871
isophon,48,1,8000.0,-29.996468812441975
isophon,48,2,250.0,14.211891757801808
isophon,48,2,500.0,-9.91198581922194
isophon,48,2,750.0,-10.829581306965913
isophon,48,2,1000.0,-5.6906170924658
isophon,48,2,1500.0,7.707763603369592
isophon,48,2,2000.0,3.453541504197595
isophon,48,2,3000.0,-0.8415062713623058
isophon,48,2,4000.0,-1.7613445200648812
isophon,48,2,6000.0,6.075081558227538
isophon,48,2,8000.0,-29.248044066374078
isophon,48,3,250.0,13.304095863201013
isophon,48,3,500.0,0.7334323340256219
isophon,48,3,750.0,-4.418871066664948
isophon,48,3,1000.0,2.0438162084091402
isophon,48,3,1500.0,1.444792791202758
isophon,48,3,2000.0,1.5920145273483186
isophon,48,3,3000.0,-5.648784534201937
isophon,48,3,4000.0,2.5330767854644165
isophon,48,3,6000.0,13.287786826735307
isophon,48,3,8000.0,-19.95142471427451
isophon,48,4,250.0,9.187979915080504
isophon,48,4,500.0,4.615005853670169
isophon,48,4,750.0,-2.161224414777621
isophon,48,4,1000.0,5.490454183644204
isophon,48,4,1500.0,-5.251489523981661
isophon,48,4,2000.0,2.3489722153670414
isophon,48,4,3000.0,-2.447746242204147
isophon,48,4,4000.0,0.9423054464978691
isophon,48,4,6000.0,2.556204280568309
isophon,48,4,8000.0,-22.36709518884878
isophon,48,5,250.0,-0.3867042866472019
isophon,48,5,500.0,1.3000687726067781
isophon,48,5,750.0,-8.471808725247442
isophon,48,5,1000.0,-0.43134361912011343
isophon,48,5,1500.0,-1.1131121128315158
isophon,48,5,2000.0,-4.1715598905501
isophon,48,5,3000.0,-0.06246807208898986
isophon,48,5,4000.0,-4.579033134584236
isophon,48,5,6000.0,-7.5855535456607015
isophon,48,5,8000.0,-18.68702465358892
isophon,48,6,250.0,4.182683209599119
isophon,48,6,500.0,4.964916131840809
isophon,48,6,750.0,-3.0585950341420443
isophon,48,6,1000.0,-1.0374182116922555
isophon,48,6,1500.0,-1.4234000413475627
isophon,48,6,2000.0,-5.148211424568842
isophon,48,6,3000.0,2.23998464317836
isophon,48,6,4000.0,-6.3279218776904145
isophon,48,6,6000.0,-4.928122672424493
isophon,48,6,8000.0,-10.159619480571266
isophon,48,7,250.0,-0.5407556028655307
isophon,48,7,500.0,5.680677836670881
isophon,48,7,750.0,-1.6469414385195478
isophon,48,7,1000.0,-0.30641060627377215
isophon,48,7,1500.0,-1.3473613797686
isophon,48,7,2000.0,-3.763485578466984
isophon,48,7,3000.0,2.946769311147122
isophon,48,7,4000.0,-4.559579055886047
isophon,48,7,6000.0,-2.905503959045589
isophon,48,7,8000.0,-7.792934184152244
isophon,48,8,250.0,-0.36682197999658683
isophon,48,8,500.0,5.703848908960651
isophon,48,8,750.0,-1.2498494692947446
isophon,48,8,1000.0,1.2296466192920121
isophon,48,8,1500.0,0.32340912741403827
isophon,48,8,2000.0,-3.135029502435941
isophon,48,8,3000.0,0.8272995366080664
isophon,48,8,4000.0,-6.708505686026044
isophon,48,8,6000.0,-3.2861227458730298
isophon,48,8,8000.0,-6.600756161436323
isophon,48,9,250.0,-0.10483419041686659
isophon,48,9,500.0,4.88448230199225
isophon,48,9,750.0,-1.2740759478807888
isophon,48,9,1000.0,1.6633395645749687
isophon,48,9,1500.0,1.31000407019134
isophon,48,9,2000.0,-2.1363558467238164
isophon,48,9,3000.0,-0.8045880337311786
isophon,48,9,4000.0,-8.146426856484268
isophon,48,9,6000.0,-3.998698115805894
isophon,48,9,8000.0,-5.996663878591093
isophon,48,10,250.0,-2.3982486231730604
isophon,48,10,500.0,-3.2485895302032475
isophon,48,10,750.0,-1.2109045582562743
isophon,48,10,1000.0,-0.590584183790483
isophon,48,10,1500.0,-3.1224766183889017
isophon,48,10,2000.0,-5.741282820770806
isophon,48,10,3000.0,-8.291196441650385
isophon,48,10,4000.0,-9.17946941328357
isophon,48,10,6000.0,-6.742356872558588
isophon,48,10,8000.0,-3.892338860650483
isophon,49,1,250.0,4.029020584505226
isophon,49,1,500.0,-3.204092006475477
isophon,49,1,750.0,-6.404089934897343
isophon,49,1,1000.0,0.09502226679756909
isophon,49,1,1500.0,-7.120366544960731
isophon,49,1,2000.0,1.0627071066276166
isophon,49,1,3000.0,7.7633496001209465
isophon,49,1,4000.0,6.675251057909733
isophon,49,1,6000.0,3.2529304312650567
isophon,49,1,8000.0,6.45657504472603
isophon,49,2,250.0,-1.5604543681548506
isophon,49,2,500.0,-6.291268145715719
isophon,49,2,750.0,-2.214272469711304
isophon,49,2,1000.0,-0.18202628161096612
isophon,49,2,1500.0,0.4758230202487397
isophon,49,2,2000.0,5.61977357928949
isophon,49,2,3000.0,4.151541422020202
isophon,49,2,4000.0,2.801336031620913
isophon,49,2,6000.0,-1.913132198895866
isophon,49,2,8000.0,-2.6454616362617713
isophon,49,3,250.0,-7.844779762328415
isophon,49,3,500.0,-5.479367238465784
isophon,49,3,750.0,-1.0595463526775504
isophon,49,3,1000.0,2.5752686925840536
isophon,49,3,1500.0,-5.496589896013326
isophon,49,3,2000.0,2.5568994900569066
isophon,49,3,3000.0,-3.0744772365837747
isophon,49,3,4000.0,6.977905294210032
isophon,49,3,6000.0,4.539309861177934
isophon,49,3,8000.0,4.237014054546584
isophon,49,4,250.0,-3.0660127677709568
isophon,49,4,500.0,-4.43338830317186
isophon,49,4,750.0,-1.5636555597599084
isophon,49,4,1000.0,-3.7080769880957334
isophon,49,4,1500.0,-3.2056260054576455
isophon,49,4,2000.0,1.8482577098461093
isophon,49,4,3000.0,1.0825141137645815
isophon,49,4,4000.0,11.902164557995675
isophon,49,4,6000.0,4.911070262277484
isophon,49,4,8000.0,5.683908009550407
isophon,49,5,250.0,2.0494558500176936
isophon,49,5,500.0,-9.157512024022111
isophon,49,5,750.0,-5.408784850399826
isophon,49,5,1000.0,-9.028579726967948
isophon,49,5,1500.0,-4.98628676103192
isophon,49,5,2000.0,2.159391504639501
isophon,49,5,3000.0,3.029395690645245
isophon,49,5,4000.0,11.81343593111248
isophon,49,5,6000.0,2.041991866063128
isophon,49,5,8000.0,10.564141491545612
isophon,49,6,250.0,-3.2489111417868486
isophon,49,6,500.0,1.5408295890848365
isophon,49,6,750.0,5.393170824138593
isophon,49,6,1000.0,0.28144560834435595
isophon,49,6,1500.0,-2.281124245633322
isophon,49,6,2000.0,5.640715197748591
isophon,49,6,3000.0,-2.0388205993653656
isophon,49,6,4000.0,6.432631062373645
isophon,49,6,6000.0,6.14100222456301
isophon,49,6,8000.0,6.255399600458119
isophon,49,7,250.0,1.5343407483772182
isophon,49,7,500.0,1.3442373524293885
isophon,49,7,750.0,5.34297340874096
isophon,49,7,1000.0,-0.3770525726936569
isophon,49,7,1500.0,-2.3217852338109424
isophon,49,7,2000.0,6.9346824692739375
isophon,49,7,3000.0,-8.330391755668586
isophon,49,7,4000.0,-7.508070983091699
isophon,49,7,6000.0,-0.3790800287495557
isophon,49,7,8000.0,4.5174928107852
isophon,49,8,250.0,1.5981974403436965
isophon,49,8,500.0,2.472985521973385
isophon,49,8,750.0,6.544091986260625
isophon,49,8,1000.0,-0.44966370153797186
isophon,49,8,1500.0,-1.5132323075683018
isophon,49,8,2000.0,1.8663418749067802
isophon,49,8,3000.0,-8.10710029553185
isophon,49,8,4000.0,-8.012373891451276
isophon,49,8,6000.0,-2.640243613430485
isophon,49,8,8000.0,0.953221992203666
isophon,49,9,250.0,1.6449363214437511
isophon,49,9,500.0,4.286677805371355
isophon,49,9,750.0,6.690849351002527
isophon,49,9,1000.0,-3.1852204538258206
isophon,49,9,1500.0,-3.539960338885578
isophon,49,9,2000.0,1.4797029717122854
isophon,49,9,3000.0,-10.720486818260923
isophon,49,9,4000.0,-8.969625589091194
isophon,49,9,6000.0,-6.204736869872988
isophon,49,9,8000.0,-2.8395987621798753
isophon,49,10,250.0,-3.030588313918841
isophon,49,10,500.0,3.5691564878354143
isophon,49,10,750.0,2.047143348657613
isophon,49,10,1000.0,-5.251133071576646
isophon,49,10,1500.0,-3.4804614047821616
isophon,49,10,2000.0,1.0439030128790279
isophon,49,10,3000.0,-15.907809856903924
isophon,49,10,4000.0,-4.423380197395204
isophon,49,10,6000.0,-9.09601271280684
isophon,49,10,8000.0,-5.385761837590209
isophon,50,1,250.0,9.230135298923173
isophon,50,1,500.0,9.472940753362913
isophon,50,1,750.0,11.032198527788303
isophon,50,1,1000.0,11.573923401097908
isophon,50,1,1500.0,3.349850752951185
isophon,50,1,2000.0,5.216932170421877
isophon,50,1,3000.0,-8.699935213204006
isophon,50,1,4000.0,-34.28555902716605
isophon,50,1,6000.0,-40.78880423104463
isophon,50,1,8000.0,-69.45342156127343
isophon,50,2,250.0,2.355906254175679
isophon,50,2,500.0,7.2582492155368215
isophon,50,2,750.0,0.12907109023360164
isophon,50,2,1000.0,2.861425570277241
isophon,50,2,1500.0,6.484477665286178
isophon,50,2,2000.0,-8.144576155814995
isophon,50,2,3000.0,-13.971579504468227
isophon,50,2,4000.0,-31.80674730879715
isophon,50,2,6000.0,-42.71470124349633
isophon,50,2,8000.0,-63.97763892176681
isophon,50,3,250.0,-1.2174999881809043
isophon,50,3,500.0,6.880246444405955
isophon,50,3,750.0,2.115969030242155
isophon,50,3,1000.0,2.5218540382535792
isophon,50,3,1500.0,3.215707615480099
isophon,50,3,2000.0,-11.275473952649811
isophon,50,3,3000.0,-5.439239687109957
isophon,50,3,4000.0,-25.55223446275643
isophon,50,3,6000.0,-33.53953237165729
isophon,50,3,8000.0,-57.19374644244023
isophon,50,4,250.0,3.0588489941887076
isophon,50,4,500.0,7.3271942152336536
isophon,50,4,750.0,2.9582440064134445
isophon,50,4,1000.0,6.295482671317046
isophon,50,4,1500.0,4.5426170680037
isophon,50,4,2000.0,-10.413683804950608
isophon,50,4,3000.0,-2.0099751055333144
isophon,50,4,4000.0,-14.905769848201025
isophon,50,4,6000.0,-19.92866296943302
isophon,50,4,8000.0,-49.12202209997733
isophon,50,5,250.0,-2.541021227754669
isophon,50,5,500.0,9.404921786202486
isophon,50,5,750.0,2.166915132135614
isophon,50,5,1000.0,7.219013895267501
isophon,50,5,1500.0,7.951459945314184
isophon,50,5,2000.0,-4.584286333227041
isophon,50,5,3000.0,-0.7202473367160565
isophon,50,5,4000.0,-11.420854567958195
isophon,50,5,6000.0,-11.871376989852031
isophon,50,5,8000.0,-40.37118823384467
isophon,50,6,250.0,-2.119882035471079
isophon,50,6,500.0,-3.386938147429561
isophon,50,6,750.0,-6.254388111077361
isophon,50,6,1000.0,-1.5069764325850201
isophon,50,6,1500.0,2.9958904745221986
isophon,50,6,2000.0,0.18016383096426125
isophon,50,6,3000.0,-0.40721399747634734
isophon,50,6,4000.0,-7.768880768162518
isophon,50,6,6000.0,-4.091350675389457
isophon,50,6,8000.0,-26.49706879608258
isophon,50,7,250.0,-0.4023596942006975
isophon,50,7,500.0,-1.1970796890739877
isophon,50,7,750.0,-3.677637281737134
isophon,50,7,1000.0,-3.422041185910814
isophon,50,7,1500.0,3.04629532738295
isophon,50,7,2000.0,-0.5532816653087522
isophon,50,7,3000.0,0.7521860757555459
isophon,50,7,4000.0,-2.7663254819587095
isophon,50,7,6000.0,-0.7481923365134122
isophon,50,7,8000.0,-24.021559947735867
isophon,50,8,250.0,0.22980045145286
isophon,50,8,500.0,0.09778160474972708
isophon,50,8,750.0,-1.7656235415890507
isophon,50,8,1000.0,-2.0608571806889273
isophon,50,8,1500.0,6.380934079101024
isophon,50,8,2000.0,-3.788370890854111
isophon,50,8,3000.0,-0.5036621724939536
isophon,50,8,4000.0,0.7399542307093796
isophon,50,8,6000.0,0.24906511008797594
isophon,50,8,8000.0,-19.867872090624203
isophon,50,9,250.0,-1.5074967813257132
isophon,50,9,500.0,-1.3402986344709689
isophon,50,9,750.0,0.9222193311656781
isophon,50,9,1000.0,-1.4598340443011182
isophon,50,9,1500.0,6.617245228593021
isophon,50,9,2000.0,-3.972987638183639
isophon,50,9,3000.0,3.591786811649925
isophon,50,9,4000.0,5.974208260935718
isophon,50,9,6000.0,3.451246551949815
isophon,50,9,8000.0,-14.731010532411503
isophon,50,10,250.0,6.070316104600025
isophon,50,10,500.0,2.8895079368473517
isophon,50,10,750.0,5.709176361985087
isophon,50,10,1000.0,4.875857962819538
isophon,50,10,1500.0,9.50289418592385
isophon,50,10,2000.0,-2.2472967759366753
isophon,50,10,3000.0,2.916859490687827
isophon,50,10,4000.0,13.417659491715334
isophon,50,10,6000.0,8.631927898627481
isophon,50,10,8000.0,-5.753400683494675
isophon,51,1,250.0,-27.493452247028472
isophon,51,1,500.0,9.226063859166374
isophon,51,1,750.0,5.090014424598365
isophon,51,1,1000.0,10.805884680800254
isophon,51,1,1500.0,-4.062339955905248
isophon,51,1,2000.0,-1.316112047879713
isophon,51,1,3000.0,14.217556304931641
isophon,51,1,4000.0,6.617388830574281
isophon,51,1,6000.0,15.008201343724291
isophon,51,1,8000.0,37.11172992706299
isophon,51,2,250.0,-15.885896210219073
isophon,51,2,500.0,5.81811579859162
isophon,51,2,750.0,5.717672214794682
isophon,51,2,1000.0,1.1691576693692056
isophon,51,2,1500.0,-4.946092764675591
isophon,51,2,2000.0,9.740928576636804
isophon,51,2,3000.0,6.723420317014956
isophon,51,2,4000.0,5.807364306618169
isophon,51,2,6000.0,2.0231362069510226
isophon,51,2,8000.0,16.175657958984374
isophon,51,3,250.0,-7.607497271508848
isophon,51,3,500.0,1.5589947659777579
isophon,51,3,750.0,8.026695864181029
isophon,51,3,1000.0,-0.7322988905944996
isophon,51,3,1500.0,-1.4014020311925321
isophon,51,3,2000.0,9.506235237284734
isophon,51,3,3000.0,-2.466292248257062
isophon,51,3,4000.0,-4.571012104386057
isophon,51,3,6000.0,-5.863485686210083
isophon,51,3,8000.0,12.219869958964424
isophon,51,4,250.0,3.430810907068107
isophon,51,4,500.0,1.7867653642348387
isophon,51,4,750.0,9.664395534420464
isophon,51,4,1000.0,2.1393042977953343
isophon,51,4,1500.0,-1.2360996260575234
isophon,51,4,2000.0,3.5728257003331407
isophon,51,4,3000.0,-0.7250045760523562
isophon,51,4,4000.0,1.0406831709714481
isophon,51,4,6000.0,-8.145736408036043
isophon,51,4,8000.0,2.661480731094713
isophon,51,5,250.0,19.878836999938855
isophon,51,5,500.0,10.137986905095119
isophon,51,5,750.0,12.163850549461927
isophon,51,5,1000.0,5.569629579156867
isophon,51,5,1500.0,3.0235306535059863
isophon,51,5,2000.0,5.690018565771865
isophon,51,5,3000.0,1.2529891476317658
isophon,51,5,4000.0,5.759842349661852
isophon,51,5,6000.0,0.8178648877116785
isophon,51,5,8000.0,4.9576592740286
isophon,51,6,250.0,13.31968285183774
isophon,51,6,500.0,12.49229292773964
isophon,51,6,750.0,10.236243728442261
isophon,51,6,1000.0,2.68713804415556
isophon,51,6,1500.0,-0.5186070293671605
isophon,51,6,2000.0,2.427870492130083
isophon,51,6,3000.0,-3.0613100991951256
isophon,51,6,4000.0,1.6405734952894448
isophon,51,6,6000.0,2.449955397614019
isophon,51,6,8000.0,4.1847090191155445
isophon,51,7,250.0,11.479491119459666
isophon,51,7,500.0,14.185818696822935
isophon,51,7,750.0,11.776995059345666
isophon,51,7,1000.0,8.927649020315968
isophon,51,7,1500.0,5.3859832180623926
isophon,51,7,2000.0,6.261609051994
isophon,51,7,3000.0,0.9374757398974083
isophon,51,7,4000.0,4.856635453509966
isophon,51,7,6000.0,5.876926709471391
isophon,51,7,8000.0,2.6610914830162216
isophon,51,8,250.0,11.359239856878986
isophon,51,8,500.0,15.08410914766327
isophon,51,8,750.0,10.163719381572676
isophon,51,8,1000.0,8.750415785107933
isophon,51,8,1500.0,8.285552261152361
isophon,51,8,2000.0,8.422874336962323
isophon,51,8,3000.0,-1.2959499581305778
isophon,51,8,4000.0,7.806546769739754
isophon,51,8,6000.0,4.608856272062837
isophon,51,8,8000.0,0.3119158935546835
isophon,51,9,250.0,10.654181840720327
isophon,51,9,500.0,14.262024107155838
isophon,51,9,750.0,10.04089005460419
isophon,51,9,1000.0,7.616813814726839
isophon,51,9,1500.0,9.142459366442324
isophon,51,9,2000.0,10.639720630417656
isophon,51,9,3000.0,1.1778916931152281
isophon,51,9,4000.0,9.519352866010053
isophon,51,9,6000.0,6.899888960786953
isophon,51,9,8000.0,2.9315309143066344
isophon,51,10,250.0,7.300410335278073
isophon,51,10,500.0,5.562899647983812
isophon,51,10,750.0,8.581038485374464
isophon,51,10,1000.0,5.967713065109336
isophon,51,10,1500.0,10.157362292765711
isophon,51,10,2000.0,12.333076722614578
isophon,51,10,3000.0,2.419702911376959
isophon,51,10,4000.0,9.19424519711086
isophon,51,10,6000.0,7.792825305012386
isophon,51,10,8000.0,4.261045837402349
isophon,52,1,250.0,-11.089875889878087
isophon,52,1,500.0,-27.78703672156088
isophon,52,1,750.0,3.375541038513184
isophon,52,1,1000.0,6.377190895080567
isophon,52,1,1500.0,4.20089561462402
isophon,52,1,2000.0,-9.57272595669996
isophon,52,1,3000.0,12.547292060852051
isophon,52,1,4000.0,14.493513843086028
isophon,52,1,6000.0,20.958643737563733
isophon,52,1,8000.0,60.528687100728426
isophon,52,2,250.0,-5.000667882468548
isophon,52,2,500.0,-5.329641980494046
isophon,52,2,750.0,-0.27118423461914176
isophon,52,2,1000.0,-1.9286053466796815
isophon,52,2,1500.0,0.32953220425763163
isophon,52,2,2000.0,4.860640098290283
isophon,52,2,3000.0,3.4460665893554676
isophon,52,2,4000.0,20.207734702098783
isophon,52,2,6000.0,19.930681533829713
isophon,52,2,8000.0,42.883629521138936
isophon,52,3,250.0,-1.9150880126361756
isophon,52,3,500.0,-7.821800883353831
isophon,52,3,750.0,-0.5996965976501869
isophon,52,3,1000.0,0.29102952498198675
isophon,52,3,1500.0,-2.9677837371785145
isophon,52,3,2000.0,6.3807025228709335
isophon,52,3,3000.0,-4.205019855407286
isophon,52,3,4000.0,13.093652669317649
isophon,52,3,6000.0,13.458617385345434
isophon,52,3,8000.0,31.890053124561035
isophon,52,4,250.0,-6.801398478340076
isophon,52,4,500.0,-8.070719811020112
isophon,52,4,750.0,2.3254985164024617
isophon,52,4,1000.0,2.3012179309760796
isophon,52,4,1500.0,-1.8496570948384203
isophon,52,4,2000.0,3.678433132817844
isophon,52,4,3000.0,-8.86397582451636
isophon,52,4,4000.0,-0.11067510460107144
isophon,52,4,6000.0,3.672975153711846
isophon,52,4,8000.0,29.28466450869803
isophon,52,5,250.0,-1.6360652080896472
isophon,52,5,500.0,-2.6996488460153927
isophon,52,5,750.0,5.012852105819363
isophon,52,5,1000.0,8.907210756178827
isophon,52,5,1500.0,4.15374459214263
isophon,52,5,2000.0,-0.17127046548156954
isophon,52,5,3000.0,-5.351608964727646
isophon,52,5,4000.0,1.7471911590072153
isophon,52,5,6000.0,7.639086947481843
isophon,52,5,8000.0,25.175248409413314
isophon,52,6,250.0,-2.2861394251255263
isophon,52,6,500.0,-1.590263760779962
isophon,52,6,750.0,6.483295382700632
isophon,52,6,1000.0,6.94202597218495
isophon,52,6,1500.0,-2.098899213332004
isophon,52,6,2000.0,-2.0837021700840808
isophon,52,6,3000.0,0.5829093153016487
isophon,52,6,4000.0,5.090821912156983
isophon,52,6,6000.0,9.833800062605519
isophon,52,6,8000.0,25.56872817915398
isophon,52,7,250.0,-2.175779258026324
isophon,52,7,500.0,1.01690500917924
isophon,52,7,750.0,5.516596511208988
isophon,52,7,1000.0,11.453583716322157
isophon,52,7,1500.0,-1.995121353826704
isophon,52,7,2000.0,-3.73456292369049
isophon,52,7,3000.0,3.0820268415547503
isophon,52,7,4000.0,6.9886156989380055
isophon,52,7,6000.0,6.40022620589022
isophon,52,7,8000.0,25.49098198912951
isophon,52,8,250.0,-0.3782230041347958
isophon,52,8,500.0,-0.7203518526612527
isophon,52,8,750.0,3.4523616765917495
isophon,52,8,1000.0,6.316348796782705
isophon,52,8,1500.0,-7.4295315551756005
isophon,52,8,2000.0,-3.691095289555946
isophon,52,8,3000.0,0.8105628540130141
isophon,52,8,4000.0,8.185813436147924
isophon,52,8,6000.0,5.554402865257259
isophon,52,8,8000.0,25.547458479363826
isophon,52,9,250.0,-0.2559347946755395
isophon,52,9,500.0,-3.0828420952968543
isophon,52,9,750.0,0.5521796335962108
isophon,52,9,1000.0,3.6052136574051445
isophon,52,9,1500.0,-5.855227508544743
isophon,52,9,2000.0,-1.2400675562910664
isophon,52,9,3000.0,-3.5848497122794925
isophon,52,9,4000.0,8.73869743041422
isophon,52,9,6000.0,5.185377933382583
isophon,52,9,8000.0,22.89860681821351
isophon,52,10,250.0,1.823201756131482
isophon,52,10,500.0,-2.5632735256478725
isophon,52,10,750.0,0.3464721679687557
isophon,52,10,1000.0,-1.0742507934570256
isophon,52,10,1500.0,-5.523480987548652
isophon,52,10,2000.0,0.700061104113388
isophon,52,10,3000.0,-1.4263130187988224
isophon,52,10,4000.0,9.370828022862312
isophon,52,10,6000.0,5.511539402795734
isophon,52,10,8000.0,11.50744355486475
isophon,53,1,250.0,-1.9406828109685108
isophon,53,1,500.0,25.501002391476668
isophon,53,1,750.0,11.724149548123751
isophon,53,1,1000.0,-1.101167127777643
isophon,53,1,1500.0,-2.8665796472864074
isophon,53,1,2000.0,8.011395316315923
isophon,53,1,3000.0,6.6443557337813495
isophon,53,1,4000.0,1.3035154702408978
isophon,53,1,6000.0,11.917323314900443
isophon,53,1,8000.0,43.638119049072266
isophon,53,2,250.0,4.292544010511335
isophon,53,2,500.0,17.486005717397568
isophon,53,2,750.0,14.686048904130924
isophon,53,2,1000.0,5.664367522797292
isophon,53,2,1500.0,7.860448354801989
isophon,53,2,2000.0,11.184170250205025
isophon,53,2,3000.0,9.308872651731921
isophon,53,2,4000.0,9.77009880093221
isophon,53,2,6000.0,4.440002649105708
isophon,53,2,8000.0,26.195075673744455
isophon,53,3,250.0,-2.6150144870853467
isophon,53,3,500.0,1.4812561611086608
isophon,53,3,750.0,3.547165694642189
isophon,53,3,1000.0,-7.84019751064973
isophon,53,3,1500.0,7.364283974620591
isophon,53,3,2000.0,5.050495427705059
isophon,53,3,3000.0,-5.222208589478456
isophon,53,3,4000.0,4.823848310371403
isophon,53,3,6000.0,-1.3245951169889167
isophon,53,3,8000.0,21.156420622542896
isophon,53,4,250.0,-8.966600657561258
isophon,53,4,500.0,-12.049544401369701
isophon,53,4,750.0,-0.26912503688944867
isophon,53,4,1000.0,-3.6874214821297784
isophon,53,4,1500.0,2.4833949208733515
isophon,53,4,2000.0,3.2256548547447252
isophon,53,4,3000.0,-14.78697992737088
isophon,53,4,4000.0,0.5451293603447169
isophon,53,4,6000.0,-5.114044547152815
isophon,53,4,8000.0,8.294624259718546
isophon,53,5,250.0,-6.379641579223218
isophon,53,5,500.0,-1.3215694496231691
isophon,53,5,750.0,4.319402307464117
isophon,53,5,1000.0,4.633777571601399
isophon,53,5,1500.0,6.524808692849405
isophon,53,5,2000.0,4.632800093996849
isophon,53,5,3000.0,-11.615977939359624
isophon,53,5,4000.0,0.6944553112468128
isophon,53,5,6000.0,-0.6154852962261401
isophon,53,5,8000.0,6.9736828570430305
isophon,53,6,250.0,-1.1598603797627334
isophon,53,6,500.0,-1.3824907178087784
isophon,53,6,750.0,1.4919270966462506
isophon,53,6,1000.0,0.08018258119788868
isophon,53,6,1500.0,4.5216404131123795
isophon,53,6,2000.0,3.4716175445470867
isophon,53,6,3000.0,-8.762840169715531
isophon,53,6,4000.0,1.3708185245510265
isophon,53,6,6000.0,4.559674344301726
isophon,53,6,8000.0,8.339606743882243
isophon,53,7,250.0,2.628132844134811
isophon,53,7,500.0,1.855906407869199
isophon,53,7,750.0,4.819888346989799
isophon,53,7,1000.0,2.063884474729832
isophon,53,7,1500.0,2.9246294460506874
isophon,53,7,2000.0,4.085617331661453
isophon,53,7,3000.0,-3.2068804841569403
isophon,53,7,4000.0,7.024914184556081
isophon,53,7,6000.0,5.504384741105127
isophon,53,7,8000.0,10.770574386072028
isophon,53,8,250.0,1.6261865800103408
isophon,53,8,500.0,0.6279009752276323
isophon,53,8,750.0,3.674930086630738
isophon,53,8,1000.0,1.8405036015532232
isophon,53,8,1500.0,1.8178363029283275
isophon,53,8,2000.0,-0.7754773287320518
isophon,53,8,3000.0,-4.004125992599299
isophon,53,8,4000.0,6.794290070553515
isophon,53,8,6000.0,7.122126203690726
isophon,53,8,8000.0,12.10517153171466
isophon,53,9,250.0,1.895440378312955
isophon,53,9,500.0,1.1576758812146437
isophon,53,9,750.0,0.22223950966433392
isophon,53,9,1000.0,-1.2391577147058115
isophon,53,9,1500.0,-2.1277503142176357
isophon,53,9,2000.0,-2.800785491426268
isophon,53,9,3000.0,-6.831028723540129
isophon,53,9,4000.0,1.7892760219760788
isophon,53,9,6000.0,7.456457663687843
isophon,53,9,8000.0,12.667088589580018
isophon,53,10,250.0,1.4975576155723047
isophon,53,10,500.0,0.8336740159847409
isophon,53,10,750.0,-0.7698267330948596
isophon,53,10,1000.0,-3.8918611645250962
isophon,53,10,1500.0,-1.1308650477153606
isophon,53,10,2000.0,-2.6345691348807776
isophon,53,10,3000.0,-5.626487601980145
isophon,53,10,4000.0,3.1025258412249457
isophon,53,10,6000.0,8.855293928114946
isophon,53,10,8000.0,13.604788327128844
isophon,54,1,250.0,-14.86622486338264
isophon,54,1,500.0,-4.5777013310120935
isophon,54,1,750.0,-7.5181192710890805
isophon,54,1,1000.0,-0.46374983897518973
isophon,54,1,1500.0,2.862899659480826
isophon,54,1,2000.0,-4.126439294478033
isophon,54,1,3000.0,4.286612006296487
isophon,54,1,4000.0,3.2638582425324216
isophon,54,1,6000.0,4.217449684112879
isophon,54,1,8000.0,14.101733915515926
isophon,54,2,250.0,-3.1803623726779264
isophon,54,2,500.0,-4.033245835314823
isophon,54,2,750.0,-8.058824309178803
isophon,54,2,1000.0,-3.8719097477400624
isophon,54,2,1500.0,-2.6086282293391676
isophon,54,2,2000.0,9.506544001589369
isophon,54,2,3000.0,6.147978209105553
isophon,54,2,4000.0,-2.9944862508871637
isophon,54,2,6000.0,0.7049669421556359
isophon,54,2,8000.0,-5.340639676347848
isophon,54,3,250.0,1.4103754273189324
isophon,54,3,500.0,4.293293624307999
isophon,54,3,750.0,-1.7501630448489252
isophon,54,3,1000.0,-1.0099004791713782
isophon,54,3,1500.0,-7.256404235164069
isophon,54,3,2000.0,-4.538522668987447
isophon,54,3,3000.0,-0.15813318863754944
isophon,54,3,4000.0,-0.8128443482075056
isophon,54,3,6000.0,-0.8952762650359887
isophon,54,3,8000.0,1.0307616325108029
isophon,54,4,250.0,1.4080675052704663
isophon,54,4,500.0,2.1632595741593263
isophon,54,4,750.0,5.492621522842647
isophon,54,4,1000.0,0.26417138522710104
isophon,54,4,1500.0,-2.9571309663676146
isophon,54,4,2000.0,-8.918132207090721
isophon,54,4,3000.0,2.6987170554842237
isophon,54,4,4000.0,-2.7589649098482454
isophon,54,4,6000.0,1.744755193599488
isophon,54,4,8000.0,1.4435859702021787
isophon,54,5,250.0,2.2160637544422173
isophon,54,5,500.0,3.680717395064434
isophon,54,5,750.0,6.678212259025969
isophon,54,5,1000.0,0.30675099609210577
isophon,54,5,1500.0,0.3567673731594141
isophon,54,5,2000.0,-2.229332299684117
isophon,54,5,3000.0,8.029080901830525
isophon,54,5,4000.0,-3.0791032469382174
isophon,54,5,6000.0,6.848666056587746
isophon,54,5,8000.0,4.375473709315713
isophon,54,6,250.0,5.226791312533379
isophon,54,6,500.0,-0.7582980647418793
isophon,54,6,750.0,4.9197721709586375
isophon,54,6,1000.0,-1.623293615151681
isophon,54,6,1500.0,-2.5248714258117815
isophon,54,6,2000.0,-1.7289679972115408
isophon,54,6,3000.0,6.811165276269534
isophon,54,6,4000.0,-4.144522265444692
isophon,54,6,6000.0,3.6702616358119116
isophon,54,6,8000.0,-5.124572818833386
isophon,54,7,250.0,-3.5232161679679024
isophon,54,7,500.0,-4.207663963240975
isophon,54,7,750.0,-2.9264459268539866
isophon,54,7,1000.0,-3.8489869863567776
isophon,54,7,1500.0,-3.0282499375591385
isophon,54,7,2000.0,-0.665057862738081
isophon,54,7,3000.0,7.568970513789594
isophon,54,7,4000.0,-5.955214104895319
isophon,54,7,6000.0,2.201262093315492
isophon,54,7,8000.0,-2.194909586275628
isophon,54,8,250.0,-2.9882316779866898
isophon,54,8,500.0,-3.867345620078794
isophon,54,8,750.0,-3.8354105678949537
isophon,54,8,1000.0,-1.2227675171121462
isophon,54,8,1500.0,-5.292205839871997
isophon,54,8,2000.0,-1.0044614486740926
isophon,54,8,3000.0,5.629525125647575
isophon,54,8,4000.0,-6.461865681759122
isophon,54,8,6000.0,2.132487118079254
isophon,54,8,8000.0,-4.639438326019786
isophon,54,9,250.0,-1.9168506527437614
isophon,54,9,500.0,-3.6952202370293605
isophon,54,9,750.0,-2.745213722756972
isophon,54,9,1000.0,-2.8894584551860163
isophon,54,9,1500.0,-6.996156247187187
isophon,54,9,2000.0,-5.444668066463265
isophon,54,9,3000.0,2.219586906626404
isophon,54,9,4000.0,-4.231769880773598
isophon,54,9,6000.0,-0.0970665177581651
isophon,54,9,8000.0,-8.326196394665715
isophon,54,10,250.0,-5.979881371222518
isophon,54,10,500.0,-0.550549675198539
isophon,54,10,750.0,-2.6833255949241845
isophon,54,10,1000.0,-1.9790120627492342
isophon,54,10,1500.0,-7.830476935177316
isophon,54,10,2000.0,-9.483838233186958
isophon,54,10,3000.0,-6.005208400882736
isophon,54,10,4000.0,-2.278291239795152
isophon,54,10,6000.0,1.935418235784411
isophon,54,10,8000.0,-7.282884756060156
isophon,55,1,250.0,-15.06982765049154
isophon,55,1,500.0,-9.581736009845692
isophon,55,1,750.0,5.675276107788086
isophon,55,1,1000.0,0.7660149520078681
isophon,55,1,1500.0,-8.031272760010935
isophon,55,1,2000.0,5.067688796821864
isophon,55,1,3000.0,2.5584204864501956
isophon,55,1,4000.0,-17.38690647000498
isophon,55,1,6000.0,-17.93741290849676
isophon,55,1,8000.0,-7.532651687701603
isophon,55,2,250.0,-14.144740838947016
isophon,55,2,500.0,-3.7857229056726
isophon,55,2,750.0,0.1960043335629038
isophon,55,2,1000.0,8.261682496907383
isophon,55,2,1500.0,2.104972259563869
isophon,55,2,2000.0,2.3988712733758284
isophon,55,2,3000.0,-9.205260543823243
isophon,55,2,4000.0,-5.688315644799722
isophon,55,2,6000.0,-9.46927759082164
isophon,55,2,8000.0,-17.75445561527104
isophon,55,3,250.0,-16.86746534827418
isophon,55,3,500.0,-12.039641307157915
isophon,55,3,750.0,-5.3120332011399185
isophon,55,3,1000.0,-1.0930938298195514
isophon,55,3,1500.0,0.9531831658498291
isophon,55,3,2000.0,6.190039791863029
isophon,55,3,3000.0,-2.3803230632682997
isophon,55,3,4000.0,4.807950445382346
isophon,55,3,6000.0,-4.491274593371045
isophon,55,3,8000.0,-2.5066367433229075
isophon,55,4,250.0,-6.563333424353999
isophon,55,4,500.0,-10.302519081524736
isophon,55,4,750.0,-2.2408777150924095
isophon,55,4,1000.0,-3.671064002254951
isophon,55,4,1500.0,-2.518346571453037
isophon,55,4,2000.0,6.222377313674222
isophon,55,4,3000.0,-0.8136510208600498
isophon,55,4,4000.0,-5.1878989451396365
isophon,55,4,6000.0,-1.9578345449307335
isophon,55,4,8000.0,6.83959219261348
isophon,55,5,250.0,-9.17381906364912
isophon,55,5,500.0,-1.807683018924081
isophon,55,5,750.0,0.7516071036808682
isophon,55,5,1000.0,2.5635872716392356
isophon,55,5,1500.0,2.4131358569141526
isophon,55,5,2000.0,5.789156961550958
isophon,55,5,3000.0,1.193358973344374
isophon,55,5,4000.0,0.9148979866356797
isophon,55,5,6000.0,2.3866704795425733
isophon,55,5,8000.0,-2.462419163025544
isophon,55,6,250.0,-0.9157562592426132
isophon,55,6,500.0,1.5606811075882518
isophon,55,6,750.0,0.14716006605641496
isophon,55,6,1000.0,1.1619008393203245
isophon,55,6,1500.0,1.4923865715429088
isophon,55,6,2000.0,4.176535840499966
isophon,55,6,3000.0,1.0834192497126907
isophon,55,6,4000.0,-0.12693564288680648
isophon,55,6,6000.0,3.2439616591753975
isophon,55,6,8000.0,-2.436227855951074
isophon,55,7,250.0,2.362432639421627
isophon,55,7,500.0,1.681819543513015
isophon,55,7,750.0,1.5955776579436929
isophon,55,7,1000.0,3.6629929678184965
isophon,55,7,1500.0,6.77164674901411
isophon,55,7,2000.0,7.964211231711118
isophon,55,7,3000.0,7.576638091265437
isophon,55,7,4000.0,2.7155291749849226
isophon,55,7,6000.0,6.038520251578404
isophon,55,7,8000.0,0.6915897295911435
isophon,55,8,250.0,2.368996216975816
isophon,55,8,500.0,1.0931347267810878
isophon,55,8,750.0,-1.18822992729919
isophon,55,8,1000.0,2.0291501204527265
isophon,55,8,1500.0,4.610483382626725
isophon,55,8,2000.0,7.688633914500585
isophon,55,8,3000.0,4.319062505619897
isophon,55,8,4000.0,3.932600039392838
isophon,55,8,6000.0,7.59691349541599
isophon,55,8,8000.0,1.4632703524751918
isophon,55,9,250.0,0.6433487803150797
isophon,55,9,500.0,1.201779022657803
isophon,55,9,750.0,0.38895889282225937
isophon,55,9,1000.0,-0.24698338123991448
isophon,55,9,1500.0,1.292436799331341
isophon,55,9,2000.0,6.944261202076106
isophon,55,9,3000.0,-1.5015592956543031
isophon,55,9,4000.0,2.4554657522605225
isophon,55,9,6000.0,6.51236460738852
isophon,55,9,8000.0,3.0206973254216507
isophon,55,10,250.0,1.0808771595837499
isophon,55,10,500.0,2.3601583652019684
isophon,55,10,750.0,1.4536117553710994
isophon,55,10,1000.0,-1.3397766113281193
isophon,55,10,1500.0,0.7860177332281495
isophon,55,10,2000.0,1.2924229790223762
isophon,55,10,3000.0,-0.13979873657225994
isophon,55,10,4000.0,2.9786407054585027
isophon,55,10,6000.0,-1.2442205164878573
isophon,55,10,8000.0,-6.694822662690356
isophon,56,1,250.0,4.713230307084483
isophon,56,1,500.0,10.991117985416134
isophon,56,1,750.0,3.1926413835690237
isophon,56,1,1000.0,-4.872011710528929
isophon,56,1,1500.0,3.299100395012907
isophon,56,1,2000.0,-1.6118145534785207
isophon,56,1,3000.0,-13.92356335107214
isophon,56,1,4000.0,-7.648822428355425
isophon,56,1,6000.0,-15.932643089894725
isophon,56,1,8000.0,-0.10419443120198046
isophon,56,2,250.0,9.790290931524595
isophon,56,2,500.0,6.555758123528033
isophon,56,2,750.0,-7.39724419072369
isophon,56,2,1000.0,-1.7974809980958568
isophon,56,2,1500.0,0.684810184422318
isophon,56,2,2000.0,2.6677741588795136
isophon,56,2,3000.0,-2.4176923217133854
isophon,56,2,4000.0,3.6000572560500554
isophon,56,2,6000.0,1.6113119832800678
isophon,56,2,8000.0,-9.302148286158385
isophon,56,3,250.0,9.699872928265037
isophon,56,3,500.0,1.75691998407342
isophon,56,3,750.0,-7.582234625258799
isophon,56,3,1000.0,5.285010429969873
isophon,56,3,1500.0,-4.263950736416419
isophon,56,3,2000.0,0.2576843887998308
isophon,56,3,3000.0,7.567385590074586
isophon,56,3,4000.0,4.277372912191126
isophon,56,3,6000.0,-5.692432264088858
isophon,56,3,8000.0,-11.650385226662245
isophon,56,4,250.0,6.88999878932507
isophon,56,4,500.0,-11.043683816555387
isophon,56,4,750.0,-3.8443075851741497
isophon,56,4,1000.0,8.23682493666766
isophon,56,4,1500.0,-5.968590613821426
isophon,56,4,2000.0,4.613972877638716
isophon,56,4,3000.0,2.9914999984955344
isophon,56,4,4000.0,4.084017504650269
isophon,56,4,6000.0,-11.766338618650067
isophon,56,4,8000.0,-14.936329202368796
isophon,56,5,250.0,6.434929598241524
isophon,56,5,500.0,-9.65267949074088
isophon,56,5,750.0,-4.542593161587817
isophon,56,5,1000.0,5.218459276266508
isophon,56,5,1500.0,-10.988869252186362
isophon,56,5,2000.0,3.994347771937811
isophon,56,5,3000.0,0.964630744900937
isophon,56,5,4000.0,-1.3268298098677533
isophon,56,5,6000.0,-5.5329335891583895
isophon,56,5,8000.0,-14.220221612772576
isophon,56,6,250.0,4.318886094082885
isophon,56,6,500.0,-8.270392513878747
isophon,56,6,750.0,-5.22993987707676
isophon,56,6,1000.0,1.973592231039575
isophon,56,6,1500.0,-8.392207953232742
isophon,56,6,2000.0,3.4392398008573366
isophon,56,6,3000.0,1.711694360712869
isophon,56,6,4000.0,0.38542789092153384
isophon,56,6,6000.0,-9.35318154030736
isophon,56,6,8000.0,-17.88233359169466
isophon,56,7,250.0,4.453177066902597
isophon,56,7,500.0,-4.81989256554867
isophon,56,7,750.0,-0.8057466984660806
isophon,56,7,1000.0,5.841564430615989
isophon,56,7,1500.0,-6.718546965360758
isophon,56,7,2000.0,0.3748664212946977
isophon,56,7,3000.0,4.144145499488872
isophon,56,7,4000.0,1.0910888870849789
isophon,56,7,6000.0,-8.967062931852041
isophon,56,7,8000.0,-17.772187535468078
isophon,56,8,250.0,4.3927710765004235
isophon,56,8,500.0,-3.396459622254042
isophon,56,8,750.0,1.2824352405507113
isophon,56,8,1000.0,7.057633381975123
isophon,56,8,1500.0,-6.758246593673121
isophon,56,8,2000.0,0.6059215310016128
isophon,56,8,3000.0,-2.602143615977411
isophon,56,8,4000.0,1.8989824025876487
isophon,56,8,6000.0,-9.283338068814288
isophon,56,8,8000.0,-17.590861996507783
isophon,56,9,250.0,4.303486111718087
isophon,56,9,500.0,-2.279566906527549
isophon,56,9,750.0,2.7861983734679825
isophon,56,9,1000.0,8.515055648808513
isophon,56,9,1500.0,-6.4304188921839796
isophon,56,9,2000.0,2.0487723284138895
isophon,56,9,3000.0,-3.5655331193072755
isophon,56,9,4000.0,1.4439986779186853
isophon,56,9,6000.0,-13.67303583568335
isophon,56,9,8000.0,-18.031959562118047
isophon,56,10,250.0,3.230315562310423
isophon,56,10,500.0,-2.354167628286234
isophon,56,10,750.0,1.3059966736083908
isophon,56,10,1000.0,7.175007319236954
isophon,56,10,1500.0,-5.607619377216068
isophon,56,10,2000.0,6.791491592776254
isophon,56,10,3000.0,0.7278086361360607
isophon,56,10,4000.0,5.068805761526903
isophon,56,10,6000.0,-10.48246349722703
isophon,56,10,8000.0,-13.824733335704735
isophon,57,1,250.0,3.5293762487913796
isophon,57,1,500.0,10.9968699410188
isophon,57,1,750.0,2.14631383650309
isophon,57,1,1000.0,-7.561655030367163
isophon,57,1,1500.0,4.523101423340904
isophon,57,1,2000.0,7.474698812028791
isophon,57,1,3000.0,3.2449150739684995
isophon,57,1,4000.0,0.9388922961434218
isophon,57,1,6000.0,0.739981696484989
isophon,57,1,8000.0,9.360653934295357
isophon,57,2,250.0,-1.1738078734302704
isophon,57,2,500.0,-4.64455507678467
isophon,57,2,750.0,-3.132402766854213
isophon,57,2,1000.0,-7.257301676635521
isophon,57,2,1500.0,3.804660057724078
isophon,57,2,2000.0,-4.311873300334355
isophon,57,2,3000.0,-0.6169470672020978
isophon,57,2,4000.0,-5.291411886586218
isophon,57,2,6000.0,-0.1248645764830485
isophon,57,2,8000.0,9.061242672895617
isophon,57,3,250.0,2.161468357400736
isophon,57,3,500.0,4.128637440886138
isophon,57,3,750.0,3.017517030881308
isophon,57,3,1000.0,-1.5369416876763182
isophon,57,3,1500.0,0.6024869352516333
isophon,57,3,2000.0,-2.0033814170035953
isophon,57,3,3000.0,5.198859334872154
isophon,57,3,4000.0,1.1509333007439437
isophon,57,3,6000.0,-3.393644408237421
isophon,57,3,8000.0,6.821207831147717
isophon,57,4,250.0,1.1124103960104037
isophon,57,4,500.0,-3.356017188910826
isophon,57,4,750.0,-2.2179230845167126
isophon,57,4,1000.0,-2.605481083322317
isophon,57,4,1500.0,0.2848117132231778
isophon,57,4,2000.0,4.130937518812118
isophon,57,4,3000.0,8.064320384820078
isophon,57,4,4000.0,4.264257055825539
isophon,57,4,6000.0,3.7772995354065273
isophon,57,4,8000.0,12.702657386700452
isophon,57,5,250.0,0.9874095401873149
isophon,57,5,500.0,-0.7720452859045963
isophon,57,5,750.0,-4.010282434792316
isophon,57,5,1000.0,-3.2629177136032865
isophon,57,5,1500.0,-3.8951068352686775
isophon,57,5,2000.0,-2.939895027711529
isophon,57,5,3000.0,-2.9334556267098577
isophon,57,5,4000.0,-6.051122458594492
isophon,57,5,6000.0,1.6894239000267106
isophon,57,5,8000.0,4.447431684952704
isophon,57,6,250.0,0.28104446704119823
isophon,57,6,500.0,-2.2758249763037526
isophon,57,6,750.0,-7.068477686258859
isophon,57,6,1000.0,-6.810966014322275
isophon,57,6,1500.0,-2.9575370802561167
isophon,57,6,2000.0,-5.295534573171707
isophon,57,6,3000.0,-4.87065438822512
isophon,57,6,4000.0,-4.450227720473194
isophon,57,6,6000.0,0.4409518524552709
isophon,57,6,8000.0,-3.468107679931279
isophon,57,7,250.0,-4.198785329198557
isophon,57,7,500.0,-10.517608101018695
isophon,57,7,750.0,-11.435392303466799
isophon,57,7,1000.0,-8.258887222217481
isophon,57,7,1500.0,-4.212836151374248
isophon,57,7,2000.0,-5.731078036073171
isophon,57,7,3000.0,-6.682568133723507
isophon,57,7,4000.0,-4.729262700723098
isophon,57,7,6000.0,-3.4113718623749207
isophon,57,7,8000.0,-2.1183315166752976
isophon,57,8,250.0,-7.167852519181267
isophon,57,8,500.0,-9.845578789967306
isophon,57,8,750.0,-9.723518829345707
isophon,57,8,1000.0,-5.239443669946596
isophon,57,8,1500.0,-2.6968547295227836
isophon,57,8,2000.0,-5.291688462183146
isophon,57,8,3000.0,-4.995530021684218
isophon,57,8,4000.0,-3.7576271585804477
isophon,57,8,6000.0,-3.11463775026499
isophon,57,8,8000.0,-4.856619359390521
isophon,57,9,250.0,-8.045024512933395
isophon,57,9,500.0,-9.103293253361286
isophon,57,9,750.0,-8.000662841796881
isophon,57,9,1000.0,-4.2805635104336375
isophon,57,9,1500.0,-1.2193320475207656
isophon,57,9,2000.0,-4.517096867680053
isophon,57,9,3000.0,-4.061009834639918
isophon,57,9,4000.0,-2.6077868036017833
isophon,57,9,6000.0,-4.797283573120495
isophon,57,9,8000.0,-5.154625597972839
isophon,57,10,250.0,-6.164633819431671
isophon,57,10,500.0,-7.635451822162452
isophon,57,10,750.0,-6.736608123779291
isophon,57,10,1000.0,-5.286074659208751
isophon,57,10,1500.0,-0.6374780731687224
isophon,57,10,2000.0,-2.8451522888595377
isophon,57,10,3000.0,-7.203260036774225
isophon,57,10,4000.0,-1.642413356688877
isophon,57,10,6000.0,-4.299641181828548
isophon,57,10,8000.0,-3.0174044285141832
isophon,58,1,250.0,-0.09496830588769711
isophon,58,1,500.0,4.979655966706673
isophon,58,1,750.0,-1.3562614500872954
isophon,58,1,1000.0,8.402295823109613
isophon,58,1,1500.0,-8.305766392907643
isophon,58,1,2000.0,-9.424487509208276
isophon,58,1,3000.0,9.093122516355141
isophon,58,1,4000.0,9.86930486773133
isophon,58,1,6000.0,9.399310794335378
isophon,58,1,8000.0,-2.373350512521128
isophon,58,2,250.0,9.092938512687226
isophon,58,2,500.0,5.674921905729441
isophon,58,2,750.0,-2.6091789619798504
isophon,58,2,1000.0,-3.159516699765362
isophon,58,2,1500.0,-9.233310454904355
isophon,58,2,2000.0,-4.351825406780144
isophon,58,2,3000.0,1.2522577959045549
isophon,58,2,4000.0,-0.4847646986177381
isophon,58,2,6000.0,12.114749857632283
isophon,58,2,8000.0,14.476471386746233
isophon,58,3,250.0,7.984222777782129
isophon,58,3,500.0,14.05952180174716
isophon,58,3,750.0,-1.661818599019547
isophon,58,3,1000.0,-6.252488056501164
isophon,58,3,1500.0,-10.011541278295297
isophon,58,3,2000.0,2.38103173642223
isophon,58,3,3000.0,2.449028969685571
isophon,58,3,4000.0,2.4976271424896836
isophon,58,3,6000.0,7.372870783468244
isophon,58,3,8000.0,13.926783147817446
isophon,58,4,250.0,6.758808095517935
isophon,58,4,500.0,9.932498235792657
isophon,58,4,750.0,-0.06910170729987897
isophon,58,4,1000.0,-0.4372803413415056
isophon,58,4,1500.0,-7.486367875775628
isophon,58,4,2000.0,2.41603532067532
isophon,58,4,3000.0,2.2448925088170313
isophon,58,4,4000.0,5.616613633803681
isophon,58,4,6000.0,-1.0929367627759348
isophon,58,4,8000.0,-4.513984789241945
isophon,58,5,250.0,-1.9470585579273632
isophon,58,5,500.0,10.19129779022866
isophon,58,5,750.0,0.42884679928107516
isophon,58,5,1000.0,4.351116693102085
isophon,58,5,1500.0,-7.166660614022632
isophon,58,5,2000.0,0.803249654820803
isophon,58,5,3000.0,-1.5307513630753107
isophon,58,5,4000.0,-4.9264259313874135
isophon,58,5,6000.0,-6.317763998610829
isophon,58,5,8000.0,-10.637834782360912
isophon,58,6,250.0,-2.6224265869061156
isophon,58,6,500.0,7.981004433740452
isophon,58,6,750.0,-5.832359158329169
isophon,58,6,1000.0,-0.935680866499979
isophon,58,6,1500.0,-7.670593291387831
isophon,58,6,2000.0,1.1011868091978414
isophon,58,6,3000.0,3.991012850329355
isophon,58,6,4000.0,-1.1376482817307334
isophon,58,6,6000.0,-1.4837031292131115
isophon,58,6,8000.0,-6.626736856822632
isophon,58,7,250.0,-0.13684260246742497
isophon,58,7,500.0,10.47856672415574
isophon,58,7,750.0,-5.565361358851376
isophon,58,7,1000.0,0.36518202928995436
isophon,58,7,1500.0,-7.860605696804527
isophon,58,7,2000.0,0.31356305496217374
isophon,58,7,3000.0,4.224683780378811
isophon,58,7,4000.0,-2.7500191550756057
isophon,58,7,6000.0,-5.116813510798124
isophon,58,7,8000.0,-4.65232737600347
isophon,58,8,250.0,-0.19166630628996018
isophon,58,8,500.0,11.287382404224402
isophon,58,8,750.0,-7.432702212163903
isophon,58,8,1000.0,-0.3405928828084228
isophon,58,8,1500.0,-8.096147055254107
isophon,58,8,2000.0,-0.5148921825649211
isophon,58,8,3000.0,2.6658581049446894
isophon,58,8,4000.0,-0.8264360609699537
isophon,58,8,6000.0,-3.8845972053113087
isophon,58,8,8000.0,-3.725257874209831
isophon,58,9,250.0,-0.3792926748683243
isophon,58,9,500.0,9.219462834325498
isophon,58,9,750.0,-8.118450274069389
isophon,58,9,1000.0,-0.7941086564454167
isophon,58,9,1500.0,-8.58719819845156
isophon,58,9,2000.0,-0.35794220075787564
isophon,58,9,3000.0,1.79432752700302
isophon,58,9,4000.0,-0.33697362318902435
isophon,58,9,6000.0,-1.938484317483244
isophon,58,9,8000.0,-3.4161018871455724
isophon,58,10,250.0,3.6568613757319355
isophon,58,10,500.0,0.06401197807835501
isophon,58,10,750.0,-8.743762034864531
isophon,58,10,1000.0,-5.958861373965576
isophon,58,10,1500.0,-10.317128624035348
isophon,58,10,2000.0,0.8430031071552833
isophon,58,10,3000.0,4.7883371362827205
isophon,58,10,4000.0,3.0537301798025425
isophon,58,10,6000.0,-1.22199375853765
isophon,58,10,8000.0,-3.0422322939212165
isophon,59,1,250.0,-10.868615545166378
isophon,59,1,500.0,-4.850733041135385
isophon,59,1,750.0,1.6900256813483456
isophon,59,1,1000.0,-1.2749426189895843
isophon,59,1,1500.0,4.727889625090876
isophon,59,1,2000.0,9.556302041111191
isophon,59,1,3000.0,8.751017546280957
isophon,59,1,4000.0,0.282269920195084
isophon,59,1,6000.0,8.552028028751785
isophon,59,1,8000.0,9.629971411882877
isophon,59,2,250.0,7.33322669629235
isophon,59,2,500.0,-0.018551194149104333
isophon,59,2,750.0,-5.563520766418009
isophon,59,2,1000.0,-4.827207574604728
isophon,59,2,1500.0,10.002872573699399
isophon,59,2,2000.0,3.2296423402567314
isophon,59,2,3000.0,4.468125829205022
isophon,59,2,4000.0,2.329280776041621
isophon,59,2,6000.0,2.70137706704471
isophon,59,2,8000.0,4.566943536062354
isophon,59,3,250.0,1.568651785149342
isophon,59,3,500.0,-3.0974649853655336
isophon,59,3,750.0,-5.429521583473303
isophon,59,3,1000.0,3.5533515681825065
isophon,59,3,1500.0,16.016818176643874
isophon,59,3,2000.0,4.463344727475402
isophon,59,3,3000.0,3.464816323999756
isophon,59,3,4000.0,-1.5869459130310304
isophon,59,3,6000.0,8.195487793702185
isophon,59,3,8000.0,3.9735180812216413
isophon,59,4,250.0,-6.807012026899372
isophon,59,4,500.0,-10.595566215274474
isophon,59,4,750.0,-0.9738875946333962
isophon,59,4,1000.0,2.735999060204094
isophon,59,4,1500.0,14.145363322071688
isophon,59,4,2000.0,1.7145493376198004
isophon,59,4,3000.0,-2.0357158151242913
isophon,59,4,4000.0,-6.201138772681404
isophon,59,4,6000.0,4.38378409804605
isophon,59,4,8000.0,-0.5334488506156561
isophon,59,5,250.0,-5.313201197658643
isophon,59,5,500.0,0.04362468332239189
isophon,59,5,750.0,2.3959538020319826
isophon,59,5,1000.0,6.017618761556292
isophon,59,5,1500.0,10.763522937741953
isophon,59,5,2000.0,-6.257153724855129
isophon,59,5,3000.0,-5.697841362580007
isophon,59,5,4000.0,-8.092725210331054
isophon,59,5,6000.0,8.286123868185769
isophon,59,5,8000.0,3.992934280237222
isophon,59,6,250.0,2.5409277644966863
isophon,59,6,500.0,-2.1344198560538814
isophon,59,6,750.0,-0.5659560155819037
isophon,59,6,1000.0,2.460147980390005
isophon,59,6,1500.0,5.045318406080895
isophon,59,6,2000.0,-0.13748370620704975
isophon,59,6,3000.0,-0.4116516086360775
isophon,59,6,4000.0,-7.723270846517792
isophon,59,6,6000.0,3.264155678850642
isophon,59,6,8000.0,3.0994370426042224
isophon,59,7,250.0,-6.341737227170896
isophon,59,7,500.0,-4.559150890776323
isophon,59,7,750.0,0.8732631644597006
isophon,59,7,1000.0,-1.7071475192606727
isophon,59,7,1500.0,4.400437500151924
isophon,59,7,2000.0,-3.826633454528462
isophon,59,7,3000.0,-3.2269145305613165
isophon,59,7,4000.0,-7.953089182913473
isophon,59,7,6000.0,0.35805451039293246
isophon,59,7,8000.0,0.6286277607936341
isophon,59,8,250.0,-3.8225610706626156
isophon,59,8,500.0,-7.228204501389072
isophon,59,8,750.0,-2.4569411724631607
isophon,59,8,1000.0,-1.7830479488088429
isophon,59,8,1500.0,2.3102674654167856
isophon,59,8,2000.0,-5.8462400789489095
isophon,59,8,3000.0,-6.602710292634725
isophon,59,8,4000.0,-6.457914913232827
isophon,59,8,6000.0,-0.9329728597978999
isophon,59,8,8000.0,1.171889247493965
isophon,59,9,250.0,-2.829895868885828
isophon,59,9,500.0,-8.53448525793138
isophon,59,9,750.0,-1.1633249599792777
isophon,59,9,1000.0,-5.372960981795899
isophon,59,9,1500.0,0.08833067719825749
isophon,59,9,2000.0,-7.940970042657327
isophon,59,9,3000.0,-4.094171040381013
isophon,59,9,4000.0,-5.2700814652791905
isophon,59,9,6000.0,0.6929160183180016
isophon,59,9,8000.0,1.255197355128729
isophon,59,10,250.0,-4.4692396438972395
isophon,59,10,500.0,-6.272364933688323
isophon,59,10,750.0,-0.1360762451519122
isophon,59,10,1000.0,-3.286495093494352
isophon,59,10,1500.0,0.47255516433088474
isophon,59,10,2000.0,-6.528365684200637
isophon,59,10,3000.0,-0.8581028080262314
isophon,59,10,4000.0,-4.335700615077371
isophon,59,10,6000.0,1.3135447760254522
isophon,59,10,8000.0,2.0383643430039626
isophon,60,1,250.0,-4.541517422600762
isophon,60,1,500.0,3.742594611726787
isophon,60,1,750.0,5.226030816341961
isophon,60,1,1000.0,4.435355583403464
isophon,60,1,1500.0,0.8671880045709202
isophon,60,1,2000.0,-5.867261866876618
isophon,60,1,3000.0,17.85960704803467
isophon,60,1,4000.0,4.590342288853462
isophon,60,1,6000.0,-16.448760726614708
isophon,60,1,8000.0,-18.70695164483932
isophon,60,2,250.0,-2.5267179272413074
isophon,60,2,500.0,-3.6618042179276387
isophon,60,2,750.0,2.8635088130779422
isophon,60,2,1000.0,-4.011115714489321
isophon,60,2,1500.0,12.027607796079025
isophon,60,2,2000.0,8.213479708024323
isophon,60,2,3000.0,13.73194375034685
isophon,60,2,4000.0,13.219525919483772
isophon,60,2,6000.0,-13.293331924974467
isophon,60,2,8000.0,-13.089079109869502
isophon,60,3,250.0,9.394777024066485
isophon,60,3,500.0,-5.6827885710173405
isophon,60,3,750.0,9.055956625982894
isophon,60,3,1000.0,-1.4041155671707202
isophon,60,3,1500.0,-2.4684865037953614
isophon,60,3,2000.0,5.636963612623106
isophon,60,3,3000.0,1.0878447380899416
isophon,60,3,4000.0,8.340586889959084
isophon,60,3,6000.0,-7.204060881258343
isophon,60,3,8000.0,-12.037845746317132
isophon,60,4,250.0,18.53034957844656
isophon,60,4,500.0,-2.6002410839501096
isophon,60,4,750.0,5.808355400175941
isophon,60,4,1000.0,-3.1694865844107483
isophon,60,4,1500.0,-3.427465478435437
isophon,60,4,2000.0,-4.4840342749791375
isophon,60,4,3000.0,-6.365989840557461
isophon,60,4,4000.0,4.055013602811357
isophon,60,4,6000.0,-5.401353359397234
isophon,60,4,8000.0,-5.578026215667407
isophon,60,5,250.0,7.352050626395737
isophon,60,5,500.0,-2.4961971016413713
isophon,60,5,750.0,4.799515296595928
isophon,60,5,1000.0,0.5677739270561517
isophon,60,5,1500.0,-1.830409472038653
isophon,60,5,2000.0,-3.021199320798388
isophon,60,5,3000.0,-8.332762939009541
isophon,60,5,4000.0,3.2514085896340816
isophon,60,5,6000.0,-1.770906840218558
isophon,60,5,8000.0,-10.083661860709128
isophon,60,6,250.0,1.7529825087253528
isophon,60,6,500.0,-0.9626201079072985
isophon,60,6,750.0,3.4150271790497726
isophon,60,6,1000.0,1.388502635536156
isophon,60,6,1500.0,3.105559524338574
isophon,60,6,2000.0,2.0096577543817773
isophon,60,6,3000.0,-3.3959749141071995
isophon,60,6,4000.0,5.773092019656261
isophon,60,6,6000.0,-6.969774502546329
isophon,60,6,8000.0,-13.980664465745576
isophon,60,7,250.0,3.624695715342824
isophon,60,7,500.0,0.25295559548447955
isophon,60,7,750.0,0.5051424342554185
isophon,60,7,1000.0,-2.661872155713766
isophon,60,7,1500.0,-4.562694175169568
isophon,60,7,2000.0,2.1028676672683417
isophon,60,7,3000.0,-6.4267488856597055
isophon,60,7,4000.0,2.982966267368454
isophon,60,7,6000.0,-5.268617118539012
isophon,60,7,8000.0,-11.464664212167506
isophon,60,8,250.0,3.8136666249124573
isophon,60,8,500.0,-0.4315152744237025
isophon,60,8,750.0,-0.34692753606319116
isophon,60,8,1000.0,-2.94066050039541
isophon,60,8,1500.0,-4.35945264546946
isophon,60,8,2000.0,-0.10182025239805625
isophon,60,8,3000.0,-11.85876886793693
isophon,60,8,4000.0,0.054596595699280215
isophon,60,8,6000.0,-4.526867434254697
isophon,60,8,8000.0,-10.389917538788254
isophon,60,9,250.0,5.193885621661394
isophon,60,9,500.0,-0.8030560893917169
isophon,60,9,750.0,-0.891722777547642
isophon,60,9,1000.0,-1.729562504678242
isophon,60,9,1500.0,-4.733949525493756
isophon,60,9,2000.0,1.226310461013199
isophon,60,9,3000.0,-14.146964111328131
isophon,60,9,4000.0,-0.1528921873550786
isophon,60,9,6000.0,-5.162286645321046
isophon,60,9,8000.0,-9.81527135281921
isophon,60,10,250.0,7.939798858173802
isophon,60,10,500.0,1.7312597098884766
isophon,60,10,750.0,-5.265902321847861
isophon,60,10,1000.0,-0.10114086900192376
isophon,60,10,1500.0,-3.713472915335416
isophon,60,10,2000.0,1.639470756055161
isophon,60,10,3000.0,-11.206037139892572
isophon,60,10,4000.0,1.1840685943448506
isophon,60,10,6000.0,-4.314762822724603
isophon,60,10,8000.0,-7.762719252101263
isophon,61,1,250.0,5.711039173787238
isophon,61,1,500.0,-15.763874539960213
isophon,61,1,750.0,-19.60165882155915
isophon,61,1,1000.0,-2.9766631658130454
isophon,61,1,1500.0,-6.593803214950848
isophon,61,1,2000.0,-7.035818829519066
isophon,61,1,3000.0,-9.175967864990234
isophon,61,1,4000.0,-20.446475379591142
isophon,61,1,6000.0,-19.28283987215987
isophon,61,1,8000.0,-28.939450849812573
isophon,61,2,250.0,-3.6139498273992956
isophon,61,2,500.0,-5.374688618808648
isophon,61,2,750.0,2.941204339543873
isophon,61,2,1000.0,4.338632039159755
isophon,61,2,1500.0,-6.858331693495366
isophon,61,2,2000.0,-3.8900962286065166
isophon,61,2,3000.0,-7.828162951348617
isophon,61,2,4000.0,-19.8798641721393
isophon,61,2,6000.0,-5.488573904940353
isophon,61,2,8000.0,-30.566006948838478
isophon,61,3,250.0,-5.216778681074629
isophon,61,3,500.0,3.965466000924984
isophon,61,3,750.0,11.688383288776684
isophon,61,3,1000.0,2.2938169127216668
isophon,61,3,1500.0,-7.56599201890392
isophon,61,3,2000.0,-0.07297675517705215
isophon,61,3,3000.0,-0.13999936896821907
isophon,61,3,4000.0,-10.007176464950184
isophon,61,3,6000.0,2.2735232178252076
isophon,61,3,8000.0,-25.437082600327486
isophon,61,4,250.0,-0.9428981333021227
isophon,61,4,500.0,12.744040240775895
isophon,61,4,750.0,11.680442163205804
isophon,61,4,1000.0,-2.365225491877254
isophon,61,4,1500.0,-4.118905789536882
isophon,61,4,2000.0,0.8389345756785644
isophon,61,4,3000.0,9.027074543552835
isophon,61,4,4000.0,3.323504338485648
isophon,61,4,6000.0,7.310594428612134
isophon,61,4,8000.0,-11.999157795639988
isophon,61,5,250.0,7.7904735993395064
isophon,61,5,500.0,3.9943234799682443
isophon,61,5,750.0,-1.3467681254040258
isophon,61,5,1000.0,-4.503955075767863
isophon,61,5,1500.0,-2.622149869343289
isophon,61,5,2000.0,4.1332486206569286
isophon,61,5,3000.0,12.825666735696885
isophon,61,5,4000.0,-0.9611962680411352
isophon,61,5,6000.0,1.117457934714622
isophon,61,5,8000.0,-14.433314273860063
isophon,61,6,250.0,1.1341215661117587
isophon,61,6,500.0,-1.273542066012638
isophon,61,6,750.0,-4.486188256822004
isophon,61,6,1000.0,-0.5173349454781828
isophon,61,6,1500.0,-4.265268473254849
isophon,61,6,2000.0,-0.19868315105404122
isophon,61,6,3000.0,3.081537948258614
isophon,61,6,4000.0,-8.595081143543595
isophon,61,6,6000.0,-1.5529687786026045
isophon,61,6,8000.0,-7.7779978331140285
isophon,61,7,250.0,-2.978064492594683
isophon,61,7,500.0,-1.6201518283468204
isophon,61,7,750.0,-6.80335417909113
isophon,61,7,1000.0,-5.530337465995572
isophon,61,7,1500.0,-5.924491644232717
isophon,61,7,2000.0,-1.2974845942165842
isophon,61,7,3000.0,-1.074730268116781
isophon,61,7,4000.0,-8.307758361755347
isophon,61,7,6000.0,-1.6715330439667326
isophon,61,7,8000.0,-7.64966595922337
isophon,61,8,250.0,-3.9836397116464752
isophon,61,8,500.0,-1.6828476457369845
isophon,61,8,750.0,-4.3053314065282535
isophon,61,8,1000.0,-6.565564979022696
isophon,61,8,1500.0,-2.777118405725332
isophon,61,8,2000.0,-5.562544311344098
isophon,61,8,3000.0,-4.179371407071443
isophon,61,8,4000.0,-5.784920541420661
isophon,61,8,6000.0,-4.982358150115331
isophon,61,8,8000.0,-10.387191500607415
isophon,61,9,250.0,-5.212898031312605
isophon,61,9,500.0,-5.0265243893053935
isophon,61,9,750.0,-1.5448056778486148
isophon,61,9,1000.0,-5.375271496302474
isophon,61,9,1500.0,-0.9435827192845636
isophon,61,9,2000.0,-4.410526791170412
isophon,61,9,3000.0,-7.322665252685553
isophon,61,9,4000.0,-3.6686026567219017
isophon,61,9,6000.0,-6.036982574462897
isophon,61,9,8000.0,-11.945010223388678
isophon,61,10,250.0,-2.9960482092112386
isophon,61,10,500.0,-3.418025420510574
isophon,61,10,750.0,-0.705039418003679
isophon,61,10,1000.0,-2.7353421434947762
isophon,61,10,1500.0,-0.2232874314106681
isophon,61,10,2000.0,-1.93694483200683
isophon,61,10,3000.0,-4.932538604736322
isophon,61,10,4000.0,-2.7917486965879164
isophon,61,10,6000.0,-4.442010498046869
isophon,61,10,8000.0,-7.931085205078119
isophon,62,1,250.0,9.85390142218094
isophon,62,1,500.0,-1.3792913099645006
isophon,62,1,750.0,-26.49955802434951
isophon,62,1,1000.0,-7.288501895302687
isophon,62,1,1500.0,0.09750445875351943
isophon,62,1,2000.0,-20.33956503991017
isophon,62,1,3000.0,18.428746758488792
isophon,62,1,4000.0,-13.309857583036717
isophon,62,1,6000.0,-24.697554146702856
isophon,62,1,8000.0,-24.266264177531724
isophon,62,2,250.0,7.021178637583461
isophon,62,2,500.0,-1.4078952302700856
isophon,62,2,750.0,-4.957377972888537
isophon,62,2,1000.0,-2.887416594886645
isophon,62,2,1500.0,0.913979458048729
isophon,62,2,2000.0,-4.428384382345499
isophon,62,2,3000.0,3.2401373238419566
isophon,62,2,4000.0,0.06868387830817824
isophon,62,2,6000.0,-5.07476657734334
isophon,62,2,8000.0,-14.995262047593087
isophon,62,3,250.0,0.8855627126279444
isophon,62,3,500.0,-3.7693713420746633
isophon,62,3,750.0,-6.744682805540094
isophon,62,3,1000.0,0.08073806497259284
isophon,62,3,1500.0,3.2329002983653368
isophon,62,3,2000.0,-0.630894937964527
isophon,62,3,3000.0,1.9548696849492728
isophon,62,3,4000.0,1.9500103600171883
isophon,62,3,6000.0,-0.43917264537213896
isophon,62,3,8000.0,-14.349475083337666
isophon,62,4,250.0,4.23845268874328
isophon,62,4,500.0,2.8543319061300423
isophon,62,4,750.0,-5.9487341957838
isophon,62,4,1000.0,-0.12258125695198885
isophon,62,4,1500.0,3.1404063830770497
isophon,62,4,2000.0,10.761788094289585
isophon,62,4,3000.0,9.85031398627548
isophon,62,4,4000.0,7.111742629351866
isophon,62,4,6000.0,3.056491571553366
isophon,62,4,8000.0,-11.701657661382399
isophon,62,5,250.0,-1.3228030467353022
isophon,62,5,500.0,-5.80973560136195
isophon,62,5,750.0,-2.639132162169531
isophon,62,5,1000.0,-0.49517043015781326
isophon,62,5,1500.0,4.975882914642142
isophon,62,5,2000.0,7.632980420632833
isophon,62,5,3000.0,4.13110051044174
isophon,62,5,4000.0,3.2977559926497406
isophon,62,5,6000.0,0.11778106831154389
isophon,62,5,8000.0,-10.04255844885995
isophon,62,6,250.0,4.697476909204497
isophon,62,6,500.0,-6.38551855085035
isophon,62,6,750.0,-4.324634424995907
isophon,62,6,1000.0,-5.532468183574451
isophon,62,6,1500.0,-2.212875930452057
isophon,62,6,2000.0,-2.284994141549973
isophon,62,6,3000.0,-4.816102052529857
isophon,62,6,4000.0,-8.366442816534075
isophon,62,6,6000.0,-3.150846803229669
isophon,62,6,8000.0,-8.117790161789102
isophon,62,7,250.0,6.55263840880059
isophon,62,7,500.0,-5.031509321351635
isophon,62,7,750.0,-2.860360441331622
isophon,62,7,1000.0,-3.7658488396604355
isophon,62,7,1500.0,-1.8321917525629345
isophon,62,7,2000.0,-1.8399916650031258
isophon,62,7,3000.0,-5.427811300534302
isophon,62,7,4000.0,-7.886392844010615
isophon,62,7,6000.0,-2.285475456089486
isophon,62,7,8000.0,-7.091775644864043
isophon,62,8,250.0,3.925334174057255
isophon,62,8,500.0,-3.9803807424756883
isophon,62,8,750.0,-3.0179015396931703
isophon,62,8,1000.0,-3.2166721439032244
isophon,62,8,1500.0,-3.986378979809828
isophon,62,8,2000.0,-2.3481215720329516
isophon,62,8,3000.0,-5.087714733390115
isophon,62,8,4000.0,-9.256915340342019
isophon,62,8,6000.0,-1.9018059120439261
isophon,62,8,8000.0,-6.8078366974959295
isophon,62,9,250.0,0.7681240369750668
isophon,62,9,500.0,-3.3341818399745335
isophon,62,9,750.0,-3.8538098385744917
isophon,62,9,1000.0,-3.2147957148836923
isophon,62,9,1500.0,-7.0488568784292625
isophon,62,9,2000.0,-3.7971153401421986
isophon,62,9,3000.0,-5.788048952086697
isophon,62,9,4000.0,-7.806171017570222
isophon,62,9,6000.0,-1.8827808731385147
isophon,62,9,8000.0,-7.109337975305124
isophon,62,10,250.0,-4.806792648081455
isophon,62,10,500.0,-7.401102844923059
isophon,62,10,750.0,-2.5522574467344015
isophon,62,10,1000.0,-4.18698360396192
isophon,62,10,1500.0,-6.293775831326272
isophon,62,10,2000.0,-8.991749750169973
isophon,62,10,3000.0,-7.4592986787556015
isophon,62,10,4000.0,-6.743099520804577
isophon,62,10,6000.0,-1.2154043813901438
isophon,62,10,8000.0,-5.98047852197854
isophon,63,1,250.0,-16.022909662795882
isophon,63,1,500.0,-2.384500136830397
isophon,63,1,750.0,-7.024389894920986
isophon,63,1,1000.0,1.331055527694005
isophon,63,1,1500.0,-8.07688543753504
isophon,63,1,2000.0,1.9771936024462065
isophon,63,1,3000.0,-19.22543910815901
isophon,63,1,4000.0,17.432257599177916
isophon,63,1,6000.0,9.803749040554493
isophon,63,1,8000.0,10.835337079365615
isophon,63,2,250.0,-6.912577134931354
isophon,63,2,500.0,1.286521895563098
isophon,63,2,750.0,8.756128667961413
isophon,63,2,1000.0,0.39011429200854764
isophon,63,2,1500.0,13.818372218637236
isophon,63,2,2000.0,-0.32405533686791443
isophon,63,2,3000.0,-8.74228758696455
isophon,63,2,4000.0,1.8472556434861502
isophon,63,2,6000.0,-1.5661401504227115
isophon,63,2,8000.0,4.935910712409239
isophon,63,3,250.0,2.0518263245396895
isophon,63,3,500.0,-3.697588489782504
isophon,63,3,750.0,4.4495269013941865
isophon,63,3,1000.0,5.428736534033526
isophon,63,3,1500.0,7.096355792221452
isophon,63,3,2000.0,-5.246759514015622
isophon,63,3,3000.0,-6.830512084463237
isophon,63,3,4000.0,-0.99104606972071
isophon,63,3,6000.0,0.08911288888323554
isophon,63,3,8000.0,2.6662988681676154
isophon,63,4,250.0,9.977241432582701
isophon,63,4,500.0,-4.2149861039088705
isophon,63,4,750.0,-0.23199425658641815
isophon,63,4,1000.0,7.141403126085521
isophon,63,4,1500.0,12.235323645662206
isophon,63,4,2000.0,-1.340539353120917
isophon,63,4,3000.0,0.06030407625506484
isophon,63,4,4000.0,-0.17887851539113342
isophon,63,4,6000.0,2.881405012336913
isophon,63,4,8000.0,-4.777802484875124
isophon,63,5,250.0,1.0828846355347963
isophon,63,5,500.0,4.2304729980064195
isophon,63,5,750.0,-6.676767743904051
isophon,63,5,1000.0,-0.6400163301376125
isophon,63,5,1500.0,3.65279735932279
isophon,63,5,2000.0,-10.48702564217092
isophon,63,5,3000.0,2.715937401514239
isophon,63,5,4000.0,5.990424971637907
isophon,63,5,6000.0,3.882433922581285
isophon,63,5,8000.0,-0.11211355054895478
isophon,63,6,250.0,6.343516732732411
isophon,63,6,500.0,5.242579969644083
isophon,63,6,750.0,-3.8440585003513092
isophon,63,6,1000.0,2.9384252434395677
isophon,63,6,1500.0,10.788674369676201
isophon,63,6,2000.0,-3.321273663893038
isophon,63,6,3000.0,1.9878834615289662
isophon,63,6,4000.0,6.194564850141731
isophon,63,6,6000.0,8.518579314826411
isophon,63,6,8000.0,4.755491124744026
isophon,63,7,250.0,9.817871072861891
isophon,63,7,500.0,-3.029458765740074
isophon,63,7,750.0,-2.850610306762036
isophon,63,7,1000.0,-3.2096182249240286
isophon,63,7,1500.0,8.63247559217352
isophon,63,7,2000.0,-0.5972343189864375
isophon,63,7,3000.0,3.4696444732974356
isophon,63,7,4000.0,5.894290452396106
isophon,63,7,6000.0,5.236930610006368
isophon,63,7,8000.0,4.970767308826055
isophon,63,8,250.0,8.678916303354512
isophon,63,8,500.0,0.076653867049572
isophon,63,8,750.0,0.7647087519628144
isophon,63,8,1000.0,-0.05083650894289349
isophon,63,8,1500.0,11.104324614396916
isophon,63,8,2000.0,1.30949828759384
isophon,63,8,3000.0,3.856608472125089
isophon,63,8,4000.0,6.778405382987685
isophon,63,8,6000.0,6.233751925910397
isophon,63,8,8000.0,5.8683333877912105
isophon,63,9,250.0,7.841304782015953
isophon,63,9,500.0,2.2259635577831602
isophon,63,9,750.0,3.686939154246204
isophon,63,9,1000.0,1.7124175911550594
isophon,63,9,1500.0,12.110137655702061
isophon,63,9,2000.0,3.26428722371503
isophon,63,9,3000.0,5.715873909386602
isophon,63,9,4000.0,6.76728466634826
isophon,63,9,6000.0,7.0953124813899535
isophon,63,9,8000.0,5.91405937001646
isophon,63,10,250.0,5.201902022400901
isophon,63,10,500.0,3.181465199769221
isophon,63,10,750.0,4.348187972424398
isophon,63,10,1000.0,3.1095649558788807
isophon,63,10,1500.0,6.067694926551141
isophon,63,10,2000.0,4.8830887395165945
isophon,63,10,3000.0,6.959531506512775
isophon,63,10,4000.0,6.418739552961313
isophon,63,10,6000.0,5.190272451404468
isophon,63,10,8000.0,5.359236145019537
isophon,64,1,250.0,-12.954317366046524
isophon,64,1,500.0,0.3539569759442216
isophon,64,1,750.0,6.077613232078164
isophon,64,1,1000.0,5.123770713865554
isophon,64,1,1500.0,5.526774016240026
isophon,64,1,2000.0,1.8239606926404122
isophon,64,1,3000.0,10.354242472883257
isophon,64,1,4000.0,7.530733865167264
isophon,64,1,6000.0,-16.23842820468309
isophon,64,1,8000.0,-18.698742183352067
isophon,64,2,250.0,-11.380751098418756
isophon,64,2,500.0,-0.5478482313375821
isophon,64,2,750.0,-1.4903899349098566
isophon,64,2,1000.0,3.1147168990956686
isophon,64,2,1500.0,2.4251689476899827
isophon,64,2,2000.0,-2.0470913363494674
isophon,64,2,3000.0,-2.654680896064164
isophon,64,2,4000.0,-1.6481286377305082
isophon,64,2,6000.0,-8.38957291380629
isophon,64,2,8000.0,-21.474331744793048
isophon,64,3,250.0,-4.886744466356859
isophon,64,3,500.0,-7.997056763214204
isophon,64,3,750.0,-8.918156272323301
isophon,64,3,1000.0,-3.4466952442115684
isophon,64,3,1500.0,-1.4940175953792902
isophon,64,3,2000.0,-2.2134078763066043
isophon,64,3,3000.0,-0.7992589907735805
isophon,64,3,4000.0,-2.225493834902096
isophon,64,3,6000.0,-6.919478004391081
isophon,64,3,8000.0,-17.31187195170223
isophon,64,4,250.0,-0.8143711590594052
isophon,64,4,500.0,-7.084159751502341
isophon,64,4,750.0,-7.663916452700889
isophon,64,4,1000.0,-3.336772011612112
isophon,64,4,1500.0,-5.224141754094774
isophon,64,4,2000.0,-4.800397295298453
isophon,64,4,3000.0,-0.3966288759904728
isophon,64,4,4000.0,0.9095453897518837
isophon,64,4,6000.0,-5.751830061480774
isophon,64,4,8000.0,-17.74668158057301
isophon,64,5,250.0,-2.19488636890199
isophon,64,5,500.0,-1.802220829752173
isophon,64,5,750.0,-1.3974272786152113
isophon,64,5,1000.0,-2.218552945000738
isophon,64,5,1500.0,-1.6086105581690617
isophon,64,5,2000.0,-4.51854293651904
isophon,64,5,3000.0,-5.581070079992912
isophon,64,5,4000.0,3.958626782016836
isophon,64,5,6000.0,-1.0679062294456827
isophon,64,5,8000.0,-11.911463685065215
isophon,64,6,250.0,-8.369216292238804
isophon,64,6,500.0,2.6912392619227887
isophon,64,6,750.0,1.2428192443305761
isophon,64,6,1000.0,2.559419033156672
isophon,64,6,1500.0,1.827732028577671
isophon,64,6,2000.0,-1.7835616478902097
isophon,64,6,3000.0,-2.28819050313038
isophon,64,6,4000.0,1.774654410951797
isophon,64,6,6000.0,-0.7811090667584892
isophon,64,6,8000.0,-15.81351157517092
isophon,64,7,250.0,-4.975672535552448
isophon,64,7,500.0,2.2380115459448575
isophon,64,7,750.0,6.420430840413687
isophon,64,7,1000.0,2.0140540021603215
isophon,64,7,1500.0,1.119558231455045
isophon,64,7,2000.0,-3.3370462033099813
isophon,64,7,3000.0,0.8332136417422049
isophon,64,7,4000.0,3.301167823230699
isophon,64,7,6000.0,0.599349471655998
isophon,64,7,8000.0,-13.336028294200545
isophon,64,8,250.0,-5.403518364788113
isophon,64,8,500.0,1.0706841817037827
isophon,64,8,750.0,3.124847910843499
isophon,64,8,1000.0,-2.0338064363128296
isophon,64,8,1500.0,-0.22981830965292716
isophon,64,8,2000.0,-2.2987607467919844
isophon,64,8,3000.0,0.3482137289614258
isophon,64,8,4000.0,3.110927101019186
isophon,64,8,6000.0,-0.5767082846594889
isophon,64,8,8000.0,-14.668505651670174
isophon,64,9,250.0,-6.161238423202207
isophon,64,9,500.0,0.27800361948034435
isophon,64,9,750.0,-0.3502269363716124
isophon,64,9,1000.0,-3.877932707595903
isophon,64,9,1500.0,-0.7224170131504906
isophon,64,9,2000.0,-4.107515801643032
isophon,64,9,3000.0,-0.3365880501373226
isophon,64,9,4000.0,0.31851466170529363
isophon,64,9,6000.0,-2.8784614907699932
isophon,64,9,8000.0,-16.03002511432456
isophon,64,10,250.0,-2.9490295534084794
isophon,64,10,500.0,-0.5969133094064318
isophon,64,10,750.0,0.2808803986243191
isophon,64,10,1000.0,-5.698902307856073
isophon,64,10,1500.0,-2.655260191757833
isophon,64,10,2000.0,-4.318232970485852
isophon,64,10,3000.0,-2.6212849071499136
isophon,64,10,4000.0,-6.071851388511789
isophon,64,10,6000.0,-7.258802343284813
isophon,64,10,8000.0,-12.128671264648432
isophon,65,1,250.0,2.222929900797496
isophon,65,1,500.0,12.16692987974379
isophon,65,1,750.0,6.11066545683704
isophon,65,1,1000.0,-4.252567868362114
isophon,65,1,1500.0,5.502582809617792
isophon,65,1,2000.0,12.978654778677225
isophon,65,1,3000.0,3.1203408799997305
isophon,65,1,4000.0,-2.137297784818344
isophon,65,1,6000.0,-0.8292646953797487
isophon,65,1,8000.0,-19.73162479589078
isophon,65,2,250.0,13.129506666259203
isophon,65,2,500.0,2.4641635861073325
isophon,65,2,750.0,-0.6527678686250908
isophon,65,2,1000.0,0.37019030999086056
isophon,65,2,1500.0,7.1865750536584585
isophon,65,2,2000.0,-7.137318228718414
isophon,65,2,3000.0,-3.4862299444339726
isophon,65,2,4000.0,-3.627031463157124
isophon,65,2,6000.0,-0.7583115520484114
isophon,65,2,8000.0,-17.56957870832005
isophon,65,3,250.0,6.292232829320234
isophon,65,3,500.0,0.7042930353589512
isophon,65,3,750.0,1.3280601093237223
isophon,65,3,1000.0,-1.5791140254560787
isophon,65,3,1500.0,-0.6265124993505609
isophon,65,3,2000.0,-4.470484297647147
isophon,65,3,3000.0,-2.3456646062992093
isophon,65,3,4000.0,-3.019538153181969
isophon,65,3,6000.0,-0.1524156679062969
isophon,65,3,8000.0,-18.2993850169846
isophon,65,4,250.0,4.00886018424039
isophon,65,4,500.0,-7.729024399779135
isophon,65,4,750.0,-7.620235955565292
isophon,65,4,1000.0,1.0766338455873665
isophon,65,4,1500.0,-0.7908236055758806
isophon,65,4,2000.0,-4.090327743659614
isophon,65,4,3000.0,-2.6421646208860494
isophon,65,4,4000.0,-1.0616045721537972
isophon,65,4,6000.0,-0.10191578661866174
isophon,65,4,8000.0,-18.44564949962549
isophon,65,5,250.0,-3.4610640298930377
isophon,65,5,500.0,0.017657052497156656
isophon,65,5,750.0,-2.6372226633577753
isophon,65,5,1000.0,7.748165023756954
isophon,65,5,1500.0,3.9121700678920917
isophon,65,5,2000.0,-2.066162159221193
isophon,65,5,3000.0,-5.121356308531688
isophon,65,5,4000.0,-9.727421567509097
isophon,65,5,6000.0,-1.3713036754997603
isophon,65,5,8000.0,-14.736243285121105
isophon,65,6,250.0,1.503112737406184
isophon,65,6,500.0,-2.646624519784382
isophon,65,6,750.0,-7.884777586421876
isophon,65,6,1000.0,5.729248560316179
isophon,65,6,1500.0,-0.2747667072364237
isophon,65,6,2000.0,-0.22207606514605516
isophon,65,6,3000.0,-3.3518186708908217
isophon,65,6,4000.0,-5.861134161508176
isophon,65,6,6000.0,2.2347213896610327
isophon,65,6,8000.0,-10.250857840840169
isophon,65,7,250.0,7.155170719050631
isophon,65,7,500.0,3.6189640148316187
isophon,65,7,750.0,-1.9154902650142134
isophon,65,7,1000.0,7.017747750216898
isophon,65,7,1500.0,0.6664734930425595
isophon,65,7,2000.0,-0.8892215980550304
isophon,65,7,3000.0,-1.7493217295416343
isophon,65,7,4000.0,-3.3189974091981753
isophon,65,7,6000.0,4.0381188919464535
isophon,65,7,8000.0,-8.758406628071867
isophon,65,8,250.0,9.434718501867877
isophon,65,8,500.0,8.12723347982471
isophon,65,8,750.0,1.3772623488152362
isophon,65,8,1000.0,10.980512340220656
isophon,65,8,1500.0,4.9976964885391055
isophon,65,8,2000.0,-2.404815135383359
isophon,65,8,3000.0,-3.8574572252405233
isophon,65,8,4000.0,-0.6425932169617994
isophon,65,8,6000.0,4.951888724096634
isophon,65,8,8000.0,-6.025055973028557
isophon,65,9,250.0,11.07265916026087
isophon,65,9,500.0,10.780023635541582
isophon,65,9,750.0,4.434562292496693
isophon,65,9,1000.0,14.405203171601869
isophon,65,9,1500.0,8.039605847595425
isophon,65,9,2000.0,-5.123363844041506
isophon,65,9,3000.0,-1.1567373657226625
isophon,65,9,4000.0,0.8067519970358461
isophon,65,9,6000.0,4.529787256649939
isophon,65,9,8000.0,-3.245081999647738
isophon,65,10,250.0,11.921272970987445
isophon,65,10,500.0,4.0724026584082935
isophon,65,10,750.0,-1.5840367261506287
isophon,65,10,1000.0,13.94480992241921
isophon,65,10,1500.0,11.677804828993814
isophon,65,10,2000.0,-1.4857349000026687
isophon,65,10,3000.0,0.49545516967774006
isophon,65,10,4000.0,2.1826701148268484
isophon,65,10,6000.0,5.871892175710499
isophon,65,10,8000.0,-2.258479456101142
isophon,66,1,250.0,-14.089837595097649
isophon,66,1,500.0,-11.17200279074109
isophon,66,1,750.0,0.8392034127990797
isophon,66,1,1000.0,6.271758499953208
isophon,66,1,1500.0,-3.7323861781707564
isophon,66,1,2000.0,-11.657742970805941
isophon,66,1,3000.0,-2.7756203638760297
isophon,66,1,4000.0,14.748191309423945
isophon,66,1,6000.0,-1.384306795380354
isophon,66,1,8000.0,14.74516272742666
isophon,66,2,250.0,-9.179844870334591
isophon,66,2,500.0,1.226327741551927
isophon,66,2,750.0,4.232963080373366
isophon,66,2,1000.0,5.513825520458106
isophon,66,2,1500.0,-1.8449728557038583
isophon,66,2,2000.0,-1.8459015521751283
isophon,66,2,3000.0,1.2704053682949734
isophon,66,2,4000.0,-0.06905419828107995
isophon,66,2,6000.0,11.412413937981938
isophon,66,2,8000.0,10.578066826364278
isophon,66,3,250.0,-3.9776117368945734
isophon,66,3,500.0,-8.28050831066119
isophon,66,3,750.0,-5.809909492437143
isophon,66,3,1000.0,-5.148038255959193
isophon,66,3,1500.0,-3.1960743410176207
isophon,66,3,2000.0,0.2767211867315851
isophon,66,3,3000.0,-0.4020784749100983
isophon,66,3,4000.0,-1.756266000276696
isophon,66,3,6000.0,3.143126386487978
isophon,66,3,8000.0,15.18369303632224
isophon,66,4,250.0,-0.5231717525640533
isophon,66,4,500.0,-10.456615152397745
isophon,66,4,750.0,-6.551649598456535
isophon,66,4,1000.0,-6.441426280339357
isophon,66,4,1500.0,-10.569783586171297
isophon,66,4,2000.0,-0.13648724868728834
isophon,66,4,3000.0,-3.846122566382803
isophon,66,4,4000.0,-4.330560354261536
isophon,66,4,6000.0,-0.24967574299098771
isophon,66,4,8000.0,12.322580631583406
isophon,66,5,250.0,0.3412492209959339
isophon,66,5,500.0,-0.8148541676302017
isophon,66,5,750.0,-0.17988089537641372
isophon,66,5,1000.0,-4.180726914968588
isophon,66,5,1500.0,-6.200767894449314
isophon,66,5,2000.0,-0.30230381268816586
isophon,66,5,3000.0,-5.07337418543284
isophon,66,5,4000.0,-0.18564531508442883
isophon,66,5,6000.0,3.3715252422047968
isophon,66,5,8000.0,14.546989255783075
isophon,66,6,250.0,-8.002940464022885
isophon,66,6,500.0,2.0298675519463103
isophon,66,6,750.0,3.793177109831163
isophon,66,6,1000.0,1.4951134610151797
isophon,66,6,1500.0,-3.5249291126460065
isophon,66,6,2000.0,1.8523941562336432
isophon,66,6,3000.0,-3.551523319001987
isophon,66,6,4000.0,0.3307800961117522
isophon,66,6,6000.0,3.9969531891988765
isophon,66,6,8000.0,9.68080447162393
isophon,66,7,250.0,-5.5956583742750325
isophon,66,7,500.0,2.408225217193092
isophon,66,7,750.0,2.6482428994312386
isophon,66,7,1000.0,4.180908019766747
isophon,66,7,1500.0,-2.753653799286795
isophon,66,7,2000.0,2.474788752474808
isophon,66,7,3000.0,0.014136684449226777
isophon,66,7,4000.0,2.060141724027517
isophon,66,7,6000.0,3.3980033893447796
isophon,66,7,8000.0,10.688153026965708
isophon,66,8,250.0,-6.453063187787407
isophon,66,8,500.0,-0.17250716099108843
isophon,66,8,750.0,-0.8401543741378106
isophon,66,8,1000.0,-0.585001111064571
isophon,66,8,1500.0,-5.336869005292513
isophon,66,8,2000.0,3.7675220577503836
isophon,66,8,3000.0,1.0020160888060872
isophon,66,8,4000.0,2.767957821961133
isophon,66,8,6000.0,2.310605105179391
isophon,66,8,8000.0,7.843060618089922
isophon,66,9,250.0,-7.556728404640637
isophon,66,9,500.0,-1.9917588509425457
isophon,66,9,750.0,2.1872036627223963
isophon,66,9,1000.0,-2.00715917093234
isophon,66,9,1500.0,-5.7256861329574065
isophon,66,9,2000.0,2.722179070034798
isophon,66,9,3000.0,1.4124281758524972
isophon,66,9,4000.0,0.6702308583046204
isophon,66,9,6000.0,0.30019933477402105
isophon,66,9,8000.0,4.1274877268031105
isophon,66,10,250.0,-4.514276759707158
isophon,66,10,500.0,-2.145852739532728
isophon,66,10,750.0,1.9433184215841663
isophon,66,10,1000.0,-4.903877186121889
isophon,66,10,1500.0,-7.791952355914873
isophon,66,10,2000.0,1.6889812221886729
isophon,66,10,3000.0,1.5876997435855458
isophon,66,10,4000.0,-4.042568859909522
isophon,66,10,6000.0,-2.113873922125279
isophon,66,10,8000.0,4.425854089239749
isophon,67,1,250.0,19.447351422255956
isophon,67,1,500.0,-0.9265834429073436
isophon,67,1,750.0,4.287740236740177
isophon,67,1,1000.0,9.498253068570662
isophon,67,1,1500.0,1.6996584207842602
isophon,67,1,2000.0,-8.302147280773283
isophon,67,1,3000.0,-11.36124689163708
isophon,67,1,4000.0,6.372264294480459
isophon,67,1,6000.0,-6.288715390875623
isophon,67,1,8000.0,9.982970069863796
isophon,67,2,250.0,1.1598371302708728
isophon,67,2,500.0,2.6084986323291446
isophon,67,2,750.0,5.346470244198329
isophon,67,2,1000.0,0.21813584140055298
isophon,67,2,1500.0,1.4924837032668279
isophon,67,2,2000.0,-5.590100334667127
isophon,67,2,3000.0,-0.8370002014323177
isophon,67,2,4000.0,7.495802620984875
isophon,67,2,6000.0,-0.5708297430116858
isophon,67,2,8000.0,8.683024498924738
isophon,67,3,250.0,2.568023099327803
isophon,67,3,500.0,3.9454735276451203
isophon,67,3,750.0,3.1509768893415924
isophon,67,3,1000.0,-4.54345181653575
isophon,67,3,1500.0,-6.5739499374717525
isophon,67,3,2000.0,-4.568898633512006
isophon,67,3,3000.0,-2.124139573022859
isophon,67,3,4000.0,6.375011508048374
isophon,67,3,6000.0,-1.264991042945411
isophon,67,3,8000.0,6.2060289758659195
isophon,67,4,250.0,-4.292499647852708
isophon,67,4,500.0,-1.3309174786146798
isophon,67,4,750.0,0.8691640660271815
isophon,67,4,1000.0,-2.9301375299496186
isophon,67,4,1500.0,-8.663667442934099
isophon,67,4,2000.0,-9.966250150051778
isophon,67,4,3000.0,-3.9149373108705987
isophon,67,4,4000.0,1.4387136780286767
isophon,67,4,6000.0,-4.3299984577907225
isophon,67,4,8000.0,5.349222721446765
isophon,67,5,250.0,1.6903719165628672
isophon,67,5,500.0,5.173452826705983
isophon,67,5,750.0,3.429865658900127
isophon,67,5,1000.0,0.005589070797469731
isophon,67,5,1500.0,-8.131219421333583
isophon,67,5,2000.0,-8.853121957211599
isophon,67,5,3000.0,-2.151009361747711
isophon,67,5,4000.0,4.576145802132999
isophon,67,5,6000.0,-3.683454697560805
isophon,67,5,8000.0,3.4651944840205573
isophon,67,6,250.0,-1.4744523057447623
isophon,67,6,500.0,-0.020253435810118958
isophon,67,6,750.0,3.38872672595177
isophon,67,6,1000.0,5.253072546335332
isophon,67,6,1500.0,-2.028100600685761
isophon,67,6,2000.0,-3.9252788717812876
isophon,67,6,3000.0,0.5587702566641468
isophon,67,6,4000.0,3.534128885718218
isophon,67,6,6000.0,-2.076268530615579
isophon,67,6,8000.0,4.808147530169421
isophon,67,7,250.0,0.3897067491473223
isophon,67,7,500.0,4.403038043411499
isophon,67,7,750.0,3.5263661516780758
isophon,67,7,1000.0,2.110911917617358
isophon,67,7,1500.0,-0.1533075645416062
isophon,67,7,2000.0,-2.9182869199972146
isophon,67,7,3000.0,3.150156568278888
isophon,67,7,4000.0,5.906468643573646
isophon,67,7,6000.0,-1.2855520270401968
isophon,67,7,8000.0,4.464819762077951
isophon,67,8,250.0,-2.046541321323076
isophon,67,8,500.0,4.408203935146233
isophon,67,8,750.0,4.322082483347984
isophon,67,8,1000.0,1.2381219467635134
isophon,67,8,1500.0,-1.2590433534163878
isophon,67,8,2000.0,-5.8922906477761074
isophon,67,8,3000.0,3.9728152295259775
isophon,67,8,4000.0,7.522116509222741
isophon,67,8,6000.0,-0.531827139532524
isophon,67,8,8000.0,5.252760033072761
isophon,67,9,250.0,-4.23717815991823
isophon,67,9,500.0,4.711601842482452
isophon,67,9,750.0,4.3888314579377266
isophon,67,9,1000.0,1.7480949519385547
isophon,67,9,1500.0,-4.372291393034459
isophon,67,9,2000.0,-7.130887447810267
isophon,67,9,3000.0,2.584635093979216
isophon,67,9,4000.0,8.313722822067902
isophon,67,9,6000.0,0.6463177926401755
isophon,67,9,8000.0,5.576666758950353
isophon,67,10,250.0,-1.0074919503572488
isophon,67,10,500.0,6.932927367265066
isophon,67,10,750.0,3.1675230611772776
isophon,67,10,1000.0,2.6124124533043442
isophon,67,10,1500.0,-2.923504896887124
isophon,67,10,2000.0,-5.266542877716887
isophon,67,10,3000.0,2.377905078853459
isophon,67,10,4000.0,9.650120033410303
isophon,67,10,6000.0,2.3723123905888315
isophon,67,10,8000.0,4.856317654789578
isophon,68,1,250.0,-6.78558577324398
isophon,68,1,500.0,11.21381586506757
isophon,68,1,750.0,21.476487730172593
isophon,68,1,1000.0,7.176141581936747
isophon,68,1,1500.0,3.3350981218688105
isophon,68,1,2000.0,-0.8676596357150004
isophon,68,1,3000.0,5.460958483309589
isophon,68,1,4000.0,14.65358182033441
isophon,68,1,6000.0,-3.152655519341664
isophon,68,1,8000.0,15.89122335812155
isophon,68,2,250.0,-5.125547279378942
isophon,68,2,500.0,1.7394729059655845
isophon,68,2,750.0,10.225692709996608
isophon,68,2,1000.0,6.20035515457559
isophon,68,2,1500.0,0.7003685477679653
isophon,68,2,2000.0,-1.1106171057308245
isophon,68,2,3000.0,1.6995477851758096
isophon,68,2,4000.0,5.347433657875044
isophon,68,2,6000.0,-4.508286855320804
isophon,68,2,8000.0,4.054383051100871
isophon,68,3,250.0,-4.554863722049674
isophon,68,3,500.0,-7.089376526995892
isophon,68,3,750.0,0.7860709712799121
isophon,68,3,1000.0,-0.8342367761844969
isophon,68,3,1500.0,2.44313196409027
isophon,68,3,2000.0,-0.13179234883081392
isophon,68,3,3000.0,0.681370703074279
isophon,68,3,4000.0,6.610950271059579
isophon,68,3,6000.0,0.2700122325833689
isophon,68,3,8000.0,4.326769845474743
isophon,68,4,250.0,0.4163202539376556
isophon,68,4,500.0,-2.872486249987503
isophon,68,4,750.0,1.6702145176979144
isophon,68,4,1000.0,1.510671234887326
isophon,68,4,1500.0,2.91029587934932
isophon,68,4,2000.0,4.088294396715483
isophon,68,4,3000.0,5.615138492013102
isophon,68,4,4000.0,12.806933331454687
isophon,68,4,6000.0,8.23349663909633
isophon,68,4,8000.0,6.418034444154387
isophon,68,5,250.0,0.11490002670674926
isophon,68,5,500.0,0.8447443947669058
isophon,68,5,750.0,5.860511944538445
isophon,68,5,1000.0,7.875540589895223
isophon,68,5,1500.0,8.867422896004712
isophon,68,5,2000.0,8.814901807011637
isophon,68,5,3000.0,12.40540564244138
isophon,68,5,4000.0,15.817295916063557
isophon,68,5,6000.0,8.173258755509366
isophon,68,5,8000.0,7.468201862727426
isophon,68,6,250.0,-7.447364859747324
isophon,68,6,500.0,6.695548406111698
isophon,68,6,750.0,9.591913319860183
isophon,68,6,1000.0,7.4155905406653915
isophon,68,6,1500.0,4.322529783436792
isophon,68,6,2000.0,10.791425423305938
isophon,68,6,3000.0,15.43689860035201
isophon,68,6,4000.0,19.472344023498053
isophon,68,6,6000.0,10.216246654614338
isophon,68,6,8000.0,9.64120928275024
isophon,68,7,250.0,-1.5839941617594064
isophon,68,7,500.0,5.359501812823396
isophon,68,7,750.0,10.663934915439825
isophon,68,7,1000.0,11.948746404620323
isophon,68,7,1500.0,5.487190140380406
isophon,68,7,2000.0,8.664875005503902
isophon,68,7,3000.0,16.53487235059201
isophon,68,7,4000.0,19.30961877820387
isophon,68,7,6000.0,10.523512527304206
isophon,68,7,8000.0,7.749926019759172
isophon,68,8,250.0,0.09080026601429836
isophon,68,8,500.0,3.01577911406838
isophon,68,8,750.0,7.502118708901207
isophon,68,8,1000.0,6.068904021525228
isophon,68,8,1500.0,6.727179937570469
isophon,68,8,2000.0,6.636271830711024
isophon,68,8,3000.0,14.751001914832727
isophon,68,8,4000.0,17.383625951836848
isophon,68,8,6000.0,11.19687139076214
isophon,68,8,8000.0,7.773905369800886
isophon,68,9,250.0,0.14480968675562167
isophon,68,9,500.0,3.506230426328088
isophon,68,9,750.0,6.590339540539347
isophon,68,9,1000.0,4.779007236657222
isophon,68,9,1500.0,6.835262117442468
isophon,68,9,2000.0,7.015926456919445
isophon,68,9,3000.0,12.084980800866319
isophon,68,9,4000.0,15.01206515167938
isophon,68,9,6000.0,12.043462399807169
isophon,68,9,8000.0,7.584783528262221
isophon,68,10,250.0,3.628509230637661
isophon,68,10,500.0,3.8652522404352965
isophon,68,10,750.0,4.7099266553186965
isophon,68,10,1000.0,8.005756567813137
isophon,68,10,1500.0,6.999610319105145
isophon,68,10,2000.0,7.488282534856822
isophon,68,10,3000.0,12.851013920419646
isophon,68,10,4000.0,13.651336159113328
isophon,68,10,6000.0,12.398517445473459
isophon,68,10,8000.0,7.977969925266692
isophon,69,1,250.0,-5.346095331802644
isophon,69,1,500.0,3.047116899176075
isophon,69,1,750.0,10.271777856651909
isophon,69,1,1000.0,12.916021182511926
isophon,69,1,1500.0,9.166629747973076
isophon,69,1,2000.0,0.49203267860991673
isophon,69,1,3000.0,-4.6052077773280615
isophon,69,1,4000.0,-15.277017369800632
isophon,69,1,6000.0,-11.32146676598775
isophon,69,1,8000.0,-27.56283552840813
isophon,69,2,250.0,-1.7417075954826942
isophon,69,2,500.0,8.563278208192251
isophon,69,2,750.0,3.999189283195662
isophon,69,2,1000.0,1.7441679023593224
isophon,69,2,1500.0,2.6554627486316065
isophon,69,2,2000.0,-3.0094652484490325
isophon,69,2,3000.0,-2.569389398535975
isophon,69,2,4000.0,1.826757121489777
isophon,69,2,6000.0,-8.01786108639969
isophon,69,2,8000.0,-21.567216466911404
isophon,69,3,250.0,1.3038604277041514
isophon,69,3,500.0,7.012372769798276
isophon,69,3,750.0,-3.4007019969447327
isophon,69,3,1000.0,-2.3469788479296767
isophon,69,3,1500.0,2.0995092851345305
isophon,69,3,2000.0,2.0275542860402282
isophon,69,3,3000.0,1.814111986072433
isophon,69,3,4000.0,8.396654254303087
isophon,69,3,6000.0,-3.6496404474052895
isophon,69,3,8000.0,-16.067162041528974
isophon,69,4,250.0,-0.7104519137141665
isophon,69,4,500.0,9.528160662303463
isophon,69,4,750.0,1.4914273841589818
isophon,69,4,1000.0,1.0977532879511074
isophon,69,4,1500.0,-1.6256878456591153
isophon,69,4,2000.0,-3.076466819600739
isophon,69,4,3000.0,2.656738893520753
isophon,69,4,4000.0,6.257872033624693
isophon,69,4,6000.0,-1.0531187802615705
isophon,69,4,8000.0,-17.986286269930773
isophon,69,5,250.0,-0.7682076415341612
isophon,69,5,500.0,-1.0213789022417927
isophon,69,5,750.0,-1.951459780572364
isophon,69,5,1000.0,-4.162214231465271
isophon,69,5,1500.0,-5.942259447553326
isophon,69,5,2000.0,-4.9833169839399005
isophon,69,5,3000.0,1.2634577983750006
isophon,69,5,4000.0,4.246057654650414
isophon,69,5,6000.0,-3.055888367215829
isophon,69,5,8000.0,-13.597975525489332
isophon,69,6,250.0,5.775747644940182
isophon,69,6,500.0,-2.633411972796125
isophon,69,6,750.0,-2.507405624799503
isophon,69,6,1000.0,-3.634295325108141
isophon,69,6,1500.0,-3.372347305067123
isophon,69,6,2000.0,-1.4009847771237247
isophon,69,6,3000.0,3.3841381091495464
isophon,69,6,4000.0,7.039235848197336
isophon,69,6,6000.0,0.21208716467786815
isophon,69,6,8000.0,-12.623422397117054
isophon,69,7,250.0,4.344906115193993
isophon,69,7,500.0,1.1456660316461864
isophon,69,7,750.0,0.9000078842051806
isophon,69,7,1000.0,-0.5792749837225131
isophon,69,7,1500.0,-2.5163873510684454
isophon,69,7,2000.0,-4.935043653935807
isophon,69,7,3000.0,5.888842736320768
isophon,69,7,4000.0,8.097060111624415
isophon,69,7,6000.0,2.6446553012120546
isophon,69,7,8000.0,-10.502217708667402
isophon,69,8,250.0,5.8423626909902
isophon,69,8,500.0,3.6748073005054636
isophon,69,8,750.0,1.1976823750958658
isophon,69,8,1000.0,-1.446118484899742
isophon,69,8,1500.0,-1.6397122279281007
isophon,69,8,2000.0,-2.6761507763053487
isophon,69,8,3000.0,3.5348514635051487
isophon,69,8,4000.0,10.572778202367644
isophon,69,8,6000.0,3.9844155138455477
isophon,69,8,8000.0,-11.943238417613955
isophon,69,9,250.0,6.864112841563056
isophon,69,9,500.0,4.660311817235652
isophon,69,9,750.0,0.7693152839590454
isophon,69,9,1000.0,-0.7809941928287856
isophon,69,9,1500.0,-1.3262823073346937
isophon,69,9,2000.0,-1.8873433294059794
isophon,69,9,3000.0,1.2396588791349217
isophon,69,9,4000.0,12.49526566498345
isophon,69,9,6000.0,4.479581999508596
isophon,69,9,8000.0,-9.432646317047542
isophon,69,10,250.0,8.453837046586415
isophon,69,10,500.0,3.9502135189042633
isophon,69,10,750.0,2.261623058702753
isophon,69,10,1000.0,-0.04244028397920374
isophon,69,10,1500.0,1.2072106196755925
isophon,69,10,2000.0,-2.655817291435042
isophon,69,10,3000.0,2.2868651248552823
isophon,69,10,4000.0,13.26045436800591
isophon,69,10,6000.0,1.3819911984817708
isophon,69,10,8000.0,-6.899745323214262
isophon,70,1,250.0,5.147527308759521
isophon,70,1,500.0,-3.123622224249509
isophon,70,1,750.0,-6.151766575670834
isophon,70,1,1000.0,-6.302394115773538
isophon,70,1,1500.0,6.468591049027509
isophon,70,1,2000.0,21.284676832375702
isophon,70,1,3000.0,7.642377525469129
isophon,70,1,4000.0,-5.962954385608143
isophon,70,1,6000.0,9.650627367433373
isophon,70,1,8000.0,23.095529142617778
isophon,70,2,250.0,2.764967801080431
isophon,70,2,500.0,2.4483201486625035
isophon,70,2,750.0,-0.567626452546051
isophon,70,2,1000.0,-0.5785998544997852
isophon,70,2,1500.0,-4.116351680003078
isophon,70,2,2000.0,0.8150610802423301
isophon,70,2,3000.0,-3.7233952165571225
isophon,70,2,4000.0,2.8302304609702276
isophon,70,2,6000.0,0.848716814025039
isophon,70,2,8000.0,9.318514021821287
isophon,70,3,250.0,-0.7560203111250843
isophon,70,3,500.0,1.9462866992219148
isophon,70,3,750.0,-0.1815550336186078
isophon,70,3,1000.0,-1.075805607288011
isophon,70,3,1500.0,4.63881828952421
isophon,70,3,2000.0,6.669200909305886
isophon,70,3,3000.0,1.7874531882236226
isophon,70,3,4000.0,1.64466419085349
isophon,70,3,6000.0,2.0383211060870394
isophon,70,3,8000.0,8.556787211495987
isophon,70,4,250.0,1.5187901899513463
isophon,70,4,500.0,4.300739964347812
isophon,70,4,750.0,1.3107347494828048
isophon,70,4,1000.0,1.418611700145334
isophon,70,4,1500.0,4.730154794718132
isophon,70,4,2000.0,5.521842703224678
isophon,70,4,3000.0,4.224883414910806
isophon,70,4,4000.0,-0.6014809909595726
isophon,70,4,6000.0,-2.8300788136454145
isophon,70,4,8000.0,2.3517191389468195
isophon,70,5,250.0,9.851624317102491
isophon,70,5,500.0,5.3130568616971345
isophon,70,5,750.0,4.351838172734375
isophon,70,5,1000.0,6.525179261598481
isophon,70,5,1500.0,3.331556818702751
isophon,70,5,2000.0,0.19548823466880094
isophon,70,5,3000.0,-3.1738571950888286
isophon,70,5,4000.0,1.866689785832321
isophon,70,5,6000.0,0.2491523131895832
isophon,70,5,8000.0,-2.0212263503384236
isophon,70,6,250.0,3.849601327951916
isophon,70,6,500.0,-1.0962881353465974
isophon,70,6,750.0,1.8461357005414811
isophon,70,6,1000.0,-3.641780694241035
isophon,70,6,1500.0,-1.0025349193219881
isophon,70,6,2000.0,-4.068415686010667
isophon,70,6,3000.0,-2.0128960300033185
isophon,70,6,4000.0,1.8983086007064998
isophon,70,6,6000.0,-1.6155153617483222
isophon,70,6,8000.0,2.1550317163309103
isophon,70,7,250.0,4.1916882060361615
isophon,70,7,500.0,4.604925452596589
isophon,70,7,750.0,1.4683251202490624
isophon,70,7,1000.0,0.17797291485105404
isophon,70,7,1500.0,3.2632053255231597
isophon,70,7,2000.0,-4.762810085867159
isophon,70,7,3000.0,-2.5102261735342495
isophon,70,7,4000.0,1.328954008420851
isophon,70,7,6000.0,2.338487304204179
isophon,70,7,8000.0,-1.7727796617159157
isophon,70,8,250.0,2.978796684876997
isophon,70,8,500.0,1.3798144880995409
isophon,70,8,750.0,1.4852304584778437
isophon,70,8,1000.0,3.412285128099043
isophon,70,8,1500.0,2.817226465174869
isophon,70,8,2000.0,-1.4352663211325876
isophon,70,8,3000.0,-0.682786556813312
isophon,70,8,4000.0,3.7449004239118295
isophon,70,8,6000.0,2.728250455468128
isophon,70,8,8000.0,-0.041978546418903306
isophon,70,9,250.0,-0.48127162127376266
isophon,70,9,500.0,-0.5428732252796777
isophon,70,9,750.0,1.477739636456164
isophon,70,9,1000.0,5.116351109621277
isophon,70,9,1500.0,1.7702827007879876
isophon,70,9,2000.0,-0.7368104199085224
isophon,70,9,3000.0,4.002556566113483
isophon,70,9,4000.0,5.0212076507220615
isophon,70,9,6000.0,1.3735171522230445
isophon,70,9,8000.0,1.0340816894916856
isophon,70,10,250.0,1.0654091868286457
isophon,70,10,500.0,0.5368195487876051
isophon,70,10,750.0,3.308474440084993
isophon,70,10,1000.0,-0.9695945967394408
isophon,70,10,1500.0,-0.4274521976239498
isophon,70,10,2000.0,0.3107906469585089
isophon,70,10,3000.0,3.061089456631919
isophon,70,10,4000.0,5.692865259621755
isophon,70,10,6000.0,2.6089982567386585
isophon,70,10,8000.0,3.336252856540156
isophon,71,1,250.0,-15.031728805416861
isophon,71,1,500.0,-4.757016513645169
isophon,71,1,750.0,-5.109406193141538
isophon,71,1,1000.0,-5.609575227902312
isophon,71,1,1500.0,-25.849265878389062
isophon,71,1,2000.0,-21.310314013804636
isophon,71,1,3000.0,-16.235458504078736
isophon,71,1,4000.0,-8.22480871193656
isophon,71,1,6000.0,2.315703622149556
isophon,71,1,8000.0,3.192732885892923
isophon,71,2,250.0,-3.0864420903183287
isophon,71,2,500.0,0.3595583434170351
isophon,71,2,750.0,7.1393734957122135
isophon,71,2,1000.0,4.564261018637119
isophon,71,2,1500.0,-3.8527468087333503
isophon,71,2,2000.0,5.409695774698719
isophon,71,2,3000.0,-9.848337925704186
isophon,71,2,4000.0,-8.715782391163103
isophon,71,2,6000.0,-3.4624345872004483
isophon,71,2,8000.0,1.2134655805037369
isophon,71,3,250.0,-3.7415333289961694
isophon,71,3,500.0,6.732239914454134
isophon,71,3,750.0,6.040988668268952
isophon,71,3,1000.0,2.4127173345004564
isophon,71,3,1500.0,3.952713266312081
isophon,71,3,2000.0,5.096594055118757
isophon,71,3,3000.0,-3.186749046892217
isophon,71,3,4000.0,-2.7398974475341475
isophon,71,3,6000.0,2.1514903983840554
isophon,71,3,8000.0,7.061507587761298
isophon,71,4,250.0,-3.089200339905119
isophon,71,4,500.0,5.08363098970176
isophon,71,4,750.0,3.6581506705502704
isophon,71,4,1000.0,-4.477388282521858
isophon,71,4,1500.0,0.5695582637331569
isophon,71,4,2000.0,7.388923927084434
isophon,71,4,3000.0,-5.261056368710911
isophon,71,4,4000.0,-1.4463188679732752
isophon,71,4,6000.0,0.09630761827334311
isophon,71,4,8000.0,6.4437629453802
isophon,71,5,250.0,1.9830851429169485
isophon,71,5,500.0,6.290487646611638
isophon,71,5,750.0,0.28891651901292903
isophon,71,5,1000.0,-3.5698644555015733
isophon,71,5,1500.0,1.1038367014338348
isophon,71,5,2000.0,7.9501030910873
isophon,71,5,3000.0,-7.6786233988652555
isophon,71,5,4000.0,-2.7106126821352348
isophon,71,5,6000.0,-0.5619611763646475
isophon,71,5,8000.0,0.47145020891905176
isophon,71,6,250.0,0.4629116482724953
isophon,71,6,500.0,-2.0136136486786853
isophon,71,6,750.0,-2.1893893786364345
isophon,71,6,1000.0,-4.086046854764874
isophon,71,6,1500.0,1.9500950988836507
isophon,71,6,2000.0,2.3362043155809715
isophon,71,6,3000.0,-5.919103568993293
isophon,71,6,4000.0,1.4672200567463705
isophon,71,6,6000.0,2.830049949298896
isophon,71,6,8000.0,4.8048348287520355
isophon,71,7,250.0,3.0170121044295826
isophon,71,7,500.0,-1.0041835710196523
isophon,71,7,750.0,-1.2419066023676208
isophon,71,7,1000.0,-0.9701392378293718
isophon,71,7,1500.0,4.502683986890105
isophon,71,7,2000.0,7.149302052633914
isophon,71,7,3000.0,-8.222924063921056
isophon,71,7,4000.0,-0.47943341834543673
isophon,71,7,6000.0,0.9128498201034461
isophon,71,7,8000.0,1.912452458439887
isophon,71,8,250.0,-0.33568943859361866
isophon,71,8,500.0,-2.1768602782359636
isophon,71,8,750.0,-1.1206819246915387
isophon,71,8,1000.0,-1.1259993869268357
isophon,71,8,1500.0,3.3027426665817075
isophon,71,8,2000.0,6.048533269712422
isophon,71,8,3000.0,-6.459174046852894
isophon,71,8,4000.0,-4.519929035382674
isophon,71,8,6000.0,0.018146716534630514
isophon,71,8,8000.0,2.6531853955776086
isophon,71,9,250.0,-2.627970610951465
isophon,71,9,500.0,-2.577169086250848
isophon,71,9,750.0,-2.7232949529436183
isophon,71,9,1000.0,-2.2902241209495457
isophon,71,9,1500.0,1.6057719536524218
isophon,71,9,2000.0,7.120932581632516
isophon,71,9,3000.0,-1.5966069366787679
isophon,71,9,4000.0,-5.207941096931563
isophon,71,9,6000.0,-0.5800614843054319
isophon,71,9,8000.0,2.6428223064591094
isophon,71,10,250.0,0.28278617807735884
isophon,71,10,500.0,-6.276005232530963
isophon,71,10,750.0,-6.0042402291304455
isophon,71,10,1000.0,-6.509323799668209
isophon,71,10,1500.0,-3.103864826473057
isophon,71,10,2000.0,7.562849973354531
isophon,71,10,3000.0,1.5492183865690237
isophon,71,10,4000.0,-3.198473428099433
isophon,71,10,6000.0,-1.5774505152793807
isophon,71,10,8000.0,0.600582265304709
isophon,72,1,250.0,1.6853603584746395
isophon,72,1,500.0,-4.0740467600640216
isophon,72,1,750.0,-3.3029027675675025
isophon,72,1,1000.0,-7.8199679189769284
isophon,72,1,1500.0,-1.5027147230593272
isophon,72,1,2000.0,-7.487138699914453
isophon,72,1,3000.0,-1.681073361513583
isophon,72,1,4000.0,1.8067296096368182
isophon,72,1,6000.0,-3.9291032190358663
isophon,72,1,8000.0,-13.377120952885491
isophon,72,2,250.0,-1.8683370210729322
isophon,72,2,500.0,0.6780229182262616
isophon,72,2,750.0,-4.1248246203549
isophon,72,2,1000.0,5.340075517285072
isophon,72,2,1500.0,6.006302533378772
isophon,72,2,2000.0,6.6516272239095215
isophon,72,2,3000.0,3.8900674962334563
isophon,72,2,4000.0,6.983489307307451
isophon,72,2,6000.0,-1.4565129713123213
isophon,72,2,8000.0,-12.436623875762535
isophon,72,3,250.0,-1.1884600391252889
isophon,72,3,500.0,1.0401316982037798
isophon,72,3,750.0,-3.2386053777421893
isophon,72,3,1000.0,-6.816428213866672
isophon,72,3,1500.0,-4.915091039123695
isophon,72,3,2000.0,-2.823233742457063
isophon,72,3,3000.0,2.031379668824414
isophon,72,3,4000.0,3.899146113897288
isophon,72,3,6000.0,5.559430746269939
isophon,72,3,8000.0,-8.215120732397097
isophon,72,4,250.0,0.4122697226873271
isophon,72,4,500.0,-0.21060648742277976
isophon,72,4,750.0,1.664577639228071
isophon,72,4,1000.0,-2.0408995712288203
isophon,72,4,1500.0,-5.163189949348208
isophon,72,4,2000.0,-8.794866349040646
isophon,72,4,3000.0,-1.8694554775873655
isophon,72,4,4000.0,1.1089137558289224
isophon,72,4,6000.0,2.935730511866666
isophon,72,4,8000.0,-3.1237633423926354
isophon,72,5,250.0,4.662997311749521
isophon,72,5,500.0,4.839193380219243
isophon,72,5,750.0,5.267887446775873
isophon,72,5,1000.0,1.3081304612951499
isophon,72,5,1500.0,-2.5170665995292296
isophon,72,5,2000.0,-5.980806304798719
isophon,72,5,3000.0,-7.612047459602181
isophon,72,5,4000.0,-2.432666286254161
isophon,72,5,6000.0,-0.7896639822462248
isophon,72,5,8000.0,-7.920255042149904
isophon,72,6,250.0,-1.1452384332910839
isophon,72,6,500.0,5.734794713132715
isophon,72,6,750.0,1.641756527270104
isophon,72,6,1000.0,-3.054367153094759
isophon,72,6,1500.0,2.9802813076372843
isophon,72,6,2000.0,-1.0499303230493524
isophon,72,6,3000.0,-3.58621425496176
isophon,72,6,4000.0,-4.220421209690372
isophon,72,6,6000.0,-3.7569485056158527
isophon,72,6,8000.0,-3.587979398982256
isophon,72,7,250.0,-2.0163569250964883
isophon,72,7,500.0,-5.343169599007638
isophon,72,7,750.0,-2.9653298757675657
isophon,72,7,1000.0,-1.16800595234497
isophon,72,7,1500.0,0.839931826224884
isophon,72,7,2000.0,2.195868740768887
isophon,72,7,3000.0,-1.8911590754769776
isophon,72,7,4000.0,-1.8983838202726133
isophon,72,7,6000.0,-5.000911077076694
isophon,72,7,8000.0,-2.167761918002441
isophon,72,8,250.0,-1.4364819548145107
isophon,72,8,500.0,-4.182635552329359
isophon,72,8,750.0,-2.9931837876283254
isophon,72,8,1000.0,-3.6648956824139702
isophon,72,8,1500.0,-1.5907790957672319
isophon,72,8,2000.0,-1.311908495294702
isophon,72,8,3000.0,-2.962788426106499
isophon,72,8,4000.0,-4.098392207060343
isophon,72,8,6000.0,-4.04896681501171
isophon,72,8,8000.0,-0.8991694868865494
isophon,72,9,250.0,-1.1079343307611254
isophon,72,9,500.0,-2.8221594400304753
isophon,72,9,750.0,-3.0283778342902536
isophon,72,9,1000.0,-5.493964253571519
isophon,72,9,1500.0,-5.896264278296982
isophon,72,9,2000.0,-5.984883531840879
isophon,72,9,3000.0,-4.198571517612734
isophon,72,9,4000.0,-3.9462724263119924
isophon,72,9,6000.0,-5.299463408878651
isophon,72,9,8000.0,0.008819362453280633
isophon,72,10,250.0,-4.782597204819226
isophon,72,10,500.0,-3.714737114891733
isophon,72,10,750.0,-2.796375029872493
isophon,72,10,1000.0,-3.079702959975407
isophon,72,10,1500.0,-3.5592920767288376
isophon,72,10,2000.0,-7.724449354301925
isophon,72,10,3000.0,-5.56655248535283
isophon,72,10,4000.0,-2.457353112958046
isophon,72,10,6000.0,-3.76891314703947
isophon,72,10,8000.0,1.0909496106906715
isophon,73,1,250.0,15.31510324427731
isophon,73,1,500.0,-17.88421967955145
isophon,73,1,750.0,-8.92164832139244
isophon,73,1,1000.0,3.4903524993206645
isophon,73,1,1500.0,6.551016270059076
isophon,73,1,2000.0,-15.493080284399667
isophon,73,1,3000.0,8.662423963479796
isophon,73,1,4000.0,-8.906691249060032
isophon,73,1,6000.0,-8.155950903312373
isophon,73,1,8000.0,2.644434907727913
isophon,73,2,250.0,3.1322246511650036
isophon,73,2,500.0,-8.768963287746303
isophon,73,2,750.0,0.6265605173315976
isophon,73,2,1000.0,2.267124627991464
isophon,73,2,1500.0,-3.691020822212309
isophon,73,2,2000.0,-2.108405626332342
isophon,73,2,3000.0,-3.3030821908563723
isophon,73,2,4000.0,-4.217961541362357
isophon,73,2,6000.0,-6.691759113191978
isophon,73,2,8000.0,4.031850471965228
isophon,73,3,250.0,-9.576486370751923
isophon,73,3,500.0,-8.528369423419761
isophon,73,3,750.0,-1.6568371377219222
isophon,73,3,1000.0,-1.1033070110215846
isophon,73,3,1500.0,-0.8815096777041873
isophon,73,3,2000.0,-1.8667933509161827
isophon,73,3,3000.0,-1.4335917624515275
isophon,73,3,4000.0,-2.546810380295369
isophon,73,3,6000.0,-5.096966169552701
isophon,73,3,8000.0,5.39554861211964
isophon,73,4,250.0,-8.098820453431657
isophon,73,4,500.0,-9.402952137075033
isophon,73,4,750.0,0.09495261766564056
isophon,73,4,1000.0,1.3668135400563983
isophon,73,4,1500.0,2.3351985956797847
isophon,73,4,2000.0,1.380518188318689
isophon,73,4,3000.0,-4.155174265417656
isophon,73,4,4000.0,-7.499902114874345
isophon,73,4,6000.0,-8.902886906532757
isophon,73,4,8000.0,4.613908010719712
isophon,73,5,250.0,2.253854684362352
isophon,73,5,500.0,-2.185745081930321
isophon,73,5,750.0,0.49164377142429316
isophon,73,5,1000.0,2.4542616919277123
isophon,73,5,1500.0,2.7480658836058183
isophon,73,5,2000.0,4.254255087779072
isophon,73,5,3000.0,-1.185168287581746
isophon,73,5,4000.0,-4.345251414520902
isophon,73,5,6000.0,-6.642946677585357
isophon,73,5,8000.0,3.5209121033802546
isophon,73,6,250.0,8.460771353726244
isophon,73,6,500.0,-1.0262139456006878
isophon,73,6,750.0,3.509868322330135
isophon,73,6,1000.0,-2.0850910303213652
isophon,73,6,1500.0,-4.122930897369969
isophon,73,6,2000.0,-4.502209116260374
isophon,73,6,3000.0,-7.434746101925825
isophon,73,6,4000.0,-8.682699971131271
isophon,73,6,6000.0,-2.76777971612934
isophon,73,6,8000.0,7.649064911933763
isophon,73,7,250.0,0.8889974234210598
isophon,73,7,500.0,3.7708145007932785
isophon,73,7,750.0,4.406420612487381
isophon,73,7,1000.0,5.139575281405314
isophon,73,7,1500.0,-2.9254595691881633
isophon,73,7,2000.0,-6.231839605743346
isophon,73,7,3000.0,-8.716270065195545
isophon,73,7,4000.0,-4.919321189116431
isophon,73,7,6000.0,-4.008183978903077
isophon,73,7,8000.0,6.447535667368925
isophon,73,8,250.0,1.1097916898080058
isophon,73,8,500.0,2.4648368845260222
isophon,73,8,750.0,4.568431940325183
isophon,73,8,1000.0,4.481241733496105
isophon,73,8,1500.0,-5.875542996579469
isophon,73,8,2000.0,-7.612884589837151
isophon,73,8,3000.0,-9.73603150550943
isophon,73,8,4000.0,-3.806596523098378
isophon,73,8,6000.0,-2.434350874352475
isophon,73,8,8000.0,8.331853648150457
isophon,73,9,250.0,-0.2610208950712547
isophon,73,9,500.0,3.566070010961724
isophon,73,9,750.0,4.321627456997476
isophon,73,9,1000.0,2.2265054591438656
isophon,73,9,1500.0,-3.2551608356885566
isophon,73,9,2000.0,-9.363137743073324
isophon,73,9,3000.0,-9.38930478374128
isophon,73,9,4000.0,-3.940424940699529
isophon,73,9,6000.0,-0.7206485321666207
isophon,73,9,8000.0,9.780274768227855
isophon,73,10,250.0,-1.2513250928801085
isophon,73,10,500.0,-0.8737751174549402
isophon,73,10,750.0,1.0314556233055043
isophon,73,10,1000.0,-2.2774582137752617
isophon,73,10,1500.0,0.7272242455128008
isophon,73,10,2000.0,-5.12813206757167
isophon,73,10,3000.0,-6.449619122732557
isophon,73,10,4000.0,-1.3880831491971009
isophon,73,10,6000.0,-0.4002979729766736
isophon,73,10,8000.0,9.551882744788628
isophon,74,1,250.0,11.501508089090876
isophon,74,1,500.0,5.136738346595088
isophon,74,1,750.0,4.79497750544742
isophon,74,1,1000.0,0.5869360718508574
isophon,74,1,1500.0,6.736698920126116
isophon,74,1,2000.0,8.241612396757489
isophon,74,1,3000.0,0.5186938406688455
isophon,74,1,4000.0,2.5758961166982743
isophon,74,1,6000.0,-5.521327629229461
isophon,74,1,8000.0,-9.740847580452481
isophon,74,2,250.0,4.472245308820433
isophon,74,2,500.0,7.882285196088404
isophon,74,2,750.0,4.871137030240476
isophon,74,2,1000.0,-7.050034494821929
isophon,74,2,1500.0,-3.582852640743255
isophon,74,2,2000.0,0.049377617934709406
isophon,74,2,3000.0,1.9976606163293695
isophon,74,2,4000.0,0.585056073390902
isophon,74,2,6000.0,-0.938934196771811
isophon,74,2,8000.0,-3.0075774130162074
isophon,74,3,250.0,4.0932581903478535
isophon,74,3,500.0,11.491727658761818
isophon,74,3,750.0,6.355932166225557
isophon,74,3,1000.0,-3.4485609083643425
isophon,74,3,1500.0,-0.4298488865609613
isophon,74,3,2000.0,2.163234177453134
isophon,74,3,3000.0,2.9585705515509346
isophon,74,3,4000.0,2.017836342104374
isophon,74,3,6000.0,0.8398735846673304
isophon,74,3,8000.0,-6.29567741607039
isophon,74,4,250.0,0.09578579582775149
isophon,74,4,500.0,8.920192168725322
isophon,74,4,750.0,-1.3318405009030556
isophon,74,4,1000.0,-3.1917861806460337
isophon,74,4,1500.0,-0.9475520489931739
isophon,74,4,2000.0,2.6642836323451746
isophon,74,4,3000.0,1.9998897914405376
isophon,74,4,4000.0,1.6091082089845088
isophon,74,4,6000.0,-3.6563161428330204
isophon,74,4,8000.0,-8.68399943902405
isophon,74,5,250.0,-2.1018981840716577
isophon,74,5,500.0,9.059305553978305
isophon,74,5,750.0,-0.38313490660840444
isophon,74,5,1000.0,-2.0865120357306637
isophon,74,5,1500.0,-0.9212578511891536
isophon,74,5,2000.0,-1.3303317760847193
isophon,74,5,3000.0,-0.3824000050719718
isophon,74,5,4000.0,-0.9456566384310747
isophon,74,5,6000.0,-3.31184414129946
isophon,74,5,8000.0,-6.192989662299155
isophon,74,6,250.0,-0.5298864010691631
isophon,74,6,500.0,-6.7445964230459055
isophon,74,6,750.0,-8.451620390572458
isophon,74,6,1000.0,-4.314692766897537
isophon,74,6,1500.0,-1.3104680574822254
isophon,74,6,2000.0,-1.695688942555023
isophon,74,6,3000.0,-4.040732902924859
isophon,74,6,4000.0,-2.481472446215008
isophon,74,6,6000.0,-2.0095083145951804
isophon,74,6,8000.0,-2.8281480159904504
isophon,74,7,250.0,-6.070662656678422
isophon,74,7,500.0,-4.199673708790655
isophon,74,7,750.0,-5.970498504680251
isophon,74,7,1000.0,-3.6215848346295445
isophon,74,7,1500.0,-4.677157109787089
isophon,74,7,2000.0,-2.64343927706976
isophon,74,7,3000.0,-2.7555825296777954
isophon,74,7,4000.0,-3.217012750037682
isophon,74,7,6000.0,-3.020108347558974
isophon,74,7,8000.0,-2.964269402644902
isophon,74,8,250.0,-6.208967505158256
isophon,74,8,500.0,-3.230163052661979
isophon,74,8,750.0,-5.8989926727549005
isophon,74,8,1000.0,-3.325886748284958
isophon,74,8,1500.0,-2.7012502456178
isophon,74,8,2000.0,-6.9734776989713225
isophon,74,8,3000.0,-3.406298613066639
isophon,74,8,4000.0,-1.8130169077750793
isophon,74,8,6000.0,-1.9807735812652254
isophon,74,8,8000.0,-3.6577317179909556
isophon,74,9,250.0,-6.238570261263945
isophon,74,9,500.0,-2.720537045245649
isophon,74,9,750.0,-3.7979672973849574
isophon,74,9,1000.0,-2.0175567784131943
isophon,74,9,1500.0,-0.9668592562907463
isophon,74,9,2000.0,-5.113657340525194
isophon,74,9,3000.0,-2.191333718167158
isophon,74,9,4000.0,-2.97362451790012
isophon,74,9,6000.0,-2.5941075921937227
isophon,74,9,8000.0,-4.165437317787479
isophon,74,10,250.0,-3.800337117151912
isophon,74,10,500.0,-0.6790863533373539
isophon,74,10,750.0,-2.158719701265767
isophon,74,10,1000.0,1.8540614763384582
isophon,74,10,1500.0,1.7871398870648534
isophon,74,10,2000.0,-2.88708908699536
isophon,74,10,3000.0,-1.4840649531093248
isophon,74,10,4000.0,-2.4013802267419067
isophon,74,10,6000.0,-0.9569757781594745
isophon,74,10,8000.0,-1.3353806236382155
isophon,75,1,250.0,-11.404128635480674
isophon,75,1,500.0,-13.379618101559373
isophon,75,1,750.0,-4.779785639271942
isophon,75,1,1000.0,-0.9060357015630558
isophon,75,1,1500.0,10.132574138255297
isophon,75,1,2000.0,5.694099596337368
isophon,75,1,3000.0,8.12612488980264
isophon,75,1,4000.0,12.07778905506142
isophon,75,1,6000.0,32.107550357308945
isophon,75,1,8000.0,18.6749747401781
isophon,75,2,250.0,0.972110126974215
isophon,75,2,500.0,-4.409422215024435
isophon,75,2,750.0,-3.3519610138973235
isophon,75,2,1000.0,2.9613703438639405
isophon,75,2,1500.0,9.908654862676734
isophon,75,2,2000.0,6.43334622667799
isophon,75,2,3000.0,6.067292113747712
isophon,75,2,4000.0,5.632734641145099
isophon,75,2,6000.0,7.453534459675183
isophon,75,2,8000.0,0.8903168042761678
isophon,75,3,250.0,2.1701350409189217
isophon,75,3,500.0,-2.043939763977008
isophon,75,3,750.0,-0.4046225645663668
isophon,75,3,1000.0,-0.5696497435041721
isophon,75,3,1500.0,3.4108865799596586
isophon,75,3,2000.0,5.7916665616462595
isophon,75,3,3000.0,-1.2839414723796807
isophon,75,3,4000.0,-3.4079913972508535
isophon,75,3,6000.0,10.022260565043752
isophon,75,3,8000.0,-4.152017253136336
isophon,75,4,250.0,-4.850696082632169
isophon,75,4,500.0,-3.9368469404244166
isophon,75,4,750.0,-0.23809400021750093
isophon,75,4,1000.0,1.30508241057737
isophon,75,4,1500.0,1.2377452264628062
isophon,75,4,2000.0,0.26428753269246386
isophon,75,4,3000.0,-9.95497300999817
isophon,75,4,4000.0,-10.834363346455206
isophon,75,4,6000.0,-0.0022592802476708584
isophon,75,4,8000.0,-7.425452905325898
isophon,75,5,250.0,1.2809304244942012
isophon,75,5,500.0,-2.781857295041064
isophon,75,5,750.0,1.0553107282899248
isophon,75,5,1000.0,1.9389705889566926
isophon,75,5,1500.0,1.8874525404877716
isophon,75,5,2000.0,-0.31413650255325365
isophon,75,5,3000.0,-5.991455765132741
isophon,75,5,4000.0,-6.636269990954531
isophon,75,5,6000.0,-1.5299771850153974
isophon,75,5,8000.0,-5.930216744651517
isophon,75,6,250.0,5.429509127254093
isophon,75,6,500.0,-3.328115615690294
isophon,75,6,750.0,-1.2734941438216936
isophon,75,6,1000.0,1.0626124064439182
isophon,75,6,1500.0,4.047179541885114
isophon,75,6,2000.0,7.157016106983306
isophon,75,6,3000.0,-3.736151450901417
isophon,75,6,4000.0,-3.921235557173361
isophon,75,6,6000.0,2.5049544674735955
isophon,75,6,8000.0,-0.6266389719810377
isophon,75,7,250.0,1.9500585408385689
isophon,75,7,500.0,0.3344273128330144
isophon,75,7,750.0,-2.1291665366626944
isophon,75,7,1000.0,3.3010809974638846
isophon,75,7,1500.0,6.459251630044449
isophon,75,7,2000.0,4.2895060191276
isophon,75,7,3000.0,-2.5956352899596453
isophon,75,7,4000.0,0.21695152731773248
isophon,75,7,6000.0,3.7486766656313364
isophon,75,7,8000.0,1.0060492226201205
isophon,75,8,250.0,1.2959819730363904
isophon,75,8,500.0,-4.938156752900014
isophon,75,8,750.0,-5.86653690359438
isophon,75,8,1000.0,2.143939689555708
isophon,75,8,1500.0,7.959700058557814
isophon,75,8,2000.0,5.757658516557939
isophon,75,8,3000.0,-4.104185939775874
isophon,75,8,4000.0,-5.209299417812403
isophon,75,8,6000.0,1.425355607746539
isophon,75,8,8000.0,2.6298988812119433
isophon,75,9,250.0,1.0065574526184378
isophon,75,9,500.0,-9.023684224372644
isophon,75,9,750.0,-3.147112761271387
isophon,75,9,1000.0,1.2055103273501118
isophon,75,9,1500.0,8.387837148736395
isophon,75,9,2000.0,8.241745246892222
isophon,75,9,3000.0,-2.7378935395504556
isophon,75,9,4000.0,-6.418037395677018
isophon,75,9,6000.0,1.077138664917726
isophon,75,9,8000.0,3.2593842950888217
isophon,75,10,250.0,2.135181873241322
isophon,75,10,500.0,-7.0648302906135285
isophon,75,10,750.0,-0.7811987377371707
isophon,75,10,1000.0,0.07422846627858348
isophon,75,10,1500.0,4.576110310244999
isophon,75,10,2000.0,5.945497486446641
isophon,75,10,3000.0,0.34383884269678333
isophon,75,10,4000.0,-3.8279011466735113
isophon,75,10,6000.0,1.5146408420833666
isophon,75,10,8000.0,1.878503079496312
isophon,76,1,250.0,12.753081671226283
isophon,76,1,500.0,-8.274190845015596
isophon,76,1,750.0,0.27619295808844413
isophon,76,1,1000.0,-0.5167372023810515
isophon,76,1,1500.0,5.583673984302095
isophon,76,1,2000.0,5.699965156491089
isophon,76,1,3000.0,19.21291984356192
isophon,76,1,4000.0,-7.232953628724914
isophon,76,1,6000.0,-1.527002789162566
isophon,76,1,8000.0,8.771439044269442
isophon,76,2,250.0,7.725434843578
isophon,76,2,500.0,7.232708206819353
isophon,76,2,750.0,4.02021469354014
isophon,76,2,1000.0,6.369240926316067
isophon,76,2,1500.0,-5.69558364730625
isophon,76,2,2000.0,-0.18476115319356268
isophon,76,2,3000.0,5.563432073775289
isophon,76,2,4000.0,-1.7151298544415567
isophon,76,2,6000.0,1.1187041569150864
isophon,76,2,8000.0,13.715550984429782
isophon,76,3,250.0,-1.7429368647255785
isophon,76,3,500.0,0.7739445098014954
isophon,76,3,750.0,2.47550539147322
isophon,76,3,1000.0,8.51918588057329
isophon,76,3,1500.0,-5.092277771582175
isophon,76,3,2000.0,-3.4353026983250317
isophon,76,3,3000.0,1.5167003178952
isophon,76,3,4000.0,-2.7104647126618318
isophon,76,3,6000.0,-4.159877012669909
isophon,76,3,8000.0,5.662814176191162
isophon,76,4,250.0,-5.584914532447613
isophon,76,4,500.0,-4.913439942393325
isophon,76,4,750.0,-0.38446152375530573
isophon,76,4,1000.0,0.8292811166496534
isophon,76,4,1500.0,-8.995951966818893
isophon,76,4,2000.0,-1.9586380366930172
isophon,76,4,3000.0,-0.8239650474593248
isophon,76,4,4000.0,-2.273417124225432
isophon,76,4,6000.0,-2.349391605346412
isophon,76,4,8000.0,3.1279452644449606
isophon,76,5,250.0,1.4320123944340963
isophon,76,5,500.0,3.279749884186316
isophon,76,5,750.0,5.969040819533632
isophon,76,5,1000.0,7.581023819840297
isophon,76,5,1500.0,-4.210041577027738
isophon,76,5,2000.0,2.2903104801526837
isophon,76,5,3000.0,2.1042373872365374
isophon,76,5,4000.0,1.6780229898336927
isophon,76,5,6000.0,1.25574587626069
isophon,76,5,8000.0,6.490641231597593
isophon,76,6,250.0,0.1285046204847049
isophon,76,6,500.0,1.3787626032519427
isophon,76,6,750.0,0.9006290751402304
isophon,76,6,1000.0,-0.5185912002778394
isophon,76,6,1500.0,-6.364813105195836
isophon,76,6,2000.0,-2.072862372013475
isophon,76,6,3000.0,3.3341558804361995
isophon,76,6,4000.0,5.097817657341849
isophon,76,6,6000.0,4.986749962047668
isophon,76,6,8000.0,9.669142462352895
isophon,76,7,250.0,3.8828547486585308
isophon,76,7,500.0,2.398892952429989
isophon,76,7,750.0,2.4516934434777795
isophon,76,7,1000.0,1.9984010060004351
isophon,76,7,1500.0,-0.27177885138991087
isophon,76,7,2000.0,-1.5461825561523455
isophon,76,7,3000.0,6.990555411926934
isophon,76,7,4000.0,8.418733659595034
isophon,76,7,6000.0,6.71321983558515
isophon,76,7,8000.0,9.2405632388151
isophon,76,8,250.0,3.616912384033199
isophon,76,8,500.0,4.616141918801318
isophon,76,8,750.0,5.911968976277066
isophon,76,8,1000.0,4.603549517039369
isophon,76,8,1500.0,2.0827250024105126
isophon,76,8,2000.0,1.0860324096679648
isophon,76,8,3000.0,9.746990772586472
isophon,76,8,4000.0,9.619493361940314
isophon,76,8,6000.0,7.0275386373771624
isophon,76,8,8000.0,11.07583521546485
isophon,76,9,250.0,3.5896844482421812
isophon,76,9,500.0,6.041575576666105
isophon,76,9,750.0,7.882822839000639
isophon,76,9,1000.0,6.313080706909204
isophon,76,9,1500.0,2.8794700475899333
isophon,76,9,2000.0,3.2628984069824156
isophon,76,9,3000.0,7.8635797022133005
isophon,76,9,4000.0,9.575413534371762
isophon,76,9,6000.0,8.368818633618801
isophon,76,9,8000.0,12.462832756868522
isophon,76,10,250.0,3.7619689941406307
isophon,76,10,500.0,6.450450428550667
isophon,76,10,750.0,8.144094058967724
isophon,76,10,1000.0,9.201350930781587
isophon,76,10,1500.0,4.718272994204995
isophon,76,10,2000.0,4.650446319580084
isophon,76,10,3000.0,8.271479746694013
isophon,76,10,4000.0,8.80608212316639
isophon,76,10,6000.0,8.718554175162524
isophon,76,10,8000.0,12.26363496743349
isophon,77,1,250.0,-4.7898945418859
isophon,77,1,500.0,11.320649810209183
isophon,77,1,750.0,-9.422220086538317
isophon,77,1,1000.0,-0.9711653613956983
isophon,77,1,1500.0,3.154155074773257
isophon,77,1,2000.0,19.337806829963952
isophon,77,1,3000.0,-10.228563031877087
isophon,77,1,4000.0,-8.40273419836717
isophon,77,1,6000.0,-23.434823909304797
isophon,77,1,8000.0,-15.93857659718148
isophon,77,2,250.0,-7.341183765017092
isophon,77,2,500.0,5.421849272825064
isophon,77,2,750.0,-0.7272755746989077
isophon,77,2,1000.0,5.705772634437778
isophon,77,2,1500.0,2.2919190749563256
isophon,77,2,2000.0,2.6272737246815154
isophon,77,2,3000.0,9.881621621639852
isophon,77,2,4000.0,2.9632178968976177
isophon,77,2,6000.0,-2.895247573994695
isophon,77,2,8000.0,-7.1623565353118295
isophon,77,3,250.0,-3.2577953123313534
isophon,77,3,500.0,6.850534756120226
isophon,77,3,750.0,-1.9863038920754121
isophon,77,3,1000.0,-3.0422875066211645
isophon,77,3,1500.0,5.8443568801735
isophon,77,3,2000.0,0.6125721002106985
isophon,77,3,3000.0,3.853229763290841
isophon,77,3,4000.0,0.3632686145344479
isophon,77,3,6000.0,-2.8337731248234093
isophon,77,3,8000.0,-6.513445435727746
isophon,77,4,250.0,3.555513399529616
isophon,77,4,500.0,7.746830862380463
isophon,77,4,750.0,-4.529389460206005
isophon,77,4,1000.0,-8.802179940353213
isophon,77,4,1500.0,0.89235189371351
isophon,77,4,2000.0,4.07215923756911
isophon,77,4,3000.0,-0.2596085901480478
isophon,77,4,4000.0,2.5340246525058774
isophon,77,4,6000.0,-0.3054293050508079
isophon,77,4,8000.0,-6.658721159614245
isophon,77,5,250.0,5.423521712695987
isophon,77,5,500.0,14.292575595731833
isophon,77,5,750.0,-1.3443103274213826
isophon,77,5,1000.0,-6.588263616663113
isophon,77,5,1500.0,0.760629921326256
isophon,77,5,2000.0,8.011657022274534
isophon,77,5,3000.0,3.897989759493484
isophon,77,5,4000.0,6.694007937049278
isophon,77,5,6000.0,1.5245935681985259
isophon,77,5,8000.0,-4.921395734132901
isophon,77,6,250.0,1.8549670738706538
isophon,77,6,500.0,0.22573716507002928
isophon,77,6,750.0,-3.5158401261710424
isophon,77,6,1000.0,-5.024116968558786
isophon,77,6,1500.0,-2.595728484744356
isophon,77,6,2000.0,-0.13200158164525533
isophon,77,6,3000.0,-3.3569538206212286
isophon,77,6,4000.0,1.6566426691519496
isophon,77,6,6000.0,-1.5423218800224276
isophon,77,6,8000.0,-0.4338582549499961
isophon,77,7,250.0,1.312942479144823
isophon,77,7,500.0,3.0126528820514693
isophon,77,7,750.0,-0.9332588975078835
isophon,77,7,1000.0,-9.03112030038072
isophon,77,7,1500.0,0.3340577477180062
isophon,77,7,2000.0,-2.0187847796781995
isophon,77,7,3000.0,-1.946400160534651
isophon,77,7,4000.0,-1.7267439306228312
isophon,77,7,6000.0,-0.7256190598690182
isophon,77,7,8000.0,0.07033053621087504
isophon,77,8,250.0,3.9794355620149418
isophon,77,8,500.0,5.0872508582057065
isophon,77,8,750.0,-1.8516543213244034
isophon,77,8,1000.0,-5.658587360158137
isophon,77,8,1500.0,0.08698627088571698
isophon,77,8,2000.0,-0.36694003834394096
isophon,77,8,3000.0,-0.05413521292371115
isophon,77,8,4000.0,-2.1382448432688363
isophon,77,8,6000.0,-1.0249238136759118
isophon,77,8,8000.0,0.5674234983273863
isophon,77,9,250.0,5.416137565573578
isophon,77,9,500.0,5.234058394776881
isophon,77,9,750.0,-3.1538958986214425
isophon,77,9,1000.0,-4.204817307935556
isophon,77,9,1500.0,-2.0382403292431235
isophon,77,9,2000.0,0.5258558874323995
isophon,77,9,3000.0,1.0188774748896776
isophon,77,9,4000.0,-3.961778025407895
isophon,77,9,6000.0,-2.3244692833835927
isophon,77,9,8000.0,0.5254125827090377
isophon,77,10,250.0,2.281467561467565
isophon,77,10,500.0,-6.030870095736077
isophon,77,10,750.0,-4.105937340224628
isophon,77,10,1000.0,-4.724078663095568
isophon,77,10,1500.0,-5.159929364362895
isophon,77,10,2000.0,1.3653903106370677
isophon,77,10,3000.0,2.396980204928326
isophon,77,10,4000.0,-3.6853461684690103
isophon,77,10,6000.0,-1.3539333438882153
isophon,77,10,8000.0,0.8286269931098076
isophon,78,1,250.0,16.049222673441292
isophon,78,1,500.0,46.354162955562586
isophon,78,1,750.0,42.58561999313254
isophon,78,1,1000.0,50.675261244518275
isophon,78,1,1500.0,26.79420876563013
isophon,78,1,2000.0,-2.048564094276202
isophon,78,1,3000.0,-3.0865282773684726
isophon,78,1,4000.0,18.050304298283947
isophon,78,1,6000.0,49.52392144535813
isophon,78,1,8000.0,18.01504458691683
isophon,78,2,250.0,12.456152337977116
isophon,78,2,500.0,28.829246734322595
isophon,78,2,750.0,20.76215124729221
isophon,78,2,1000.0,4.354091155060843
isophon,78,2,1500.0,11.53966899254516
isophon,78,2,2000.0,2.7312845774901007
isophon,78,2,3000.0,-0.19712477808798212
isophon,78,2,4000.0,5.613627651204666
isophon,78,2,6000.0,17.02684676464966
isophon,78,2,8000.0,7.947967332880722
isophon,78,3,250.0,-2.2041979801589946
isophon,78,3,500.0,4.106958420143457
isophon,78,3,750.0,2.839141386911521
isophon,78,3,1000.0,0.6846681615982249
isophon,78,3,1500.0,3.515157515198709
isophon,78,3,2000.0,-3.475388402161485
isophon,78,3,3000.0,-6.37364918638805
isophon,78,3,4000.0,-11.303587606322196
isophon,78,3,6000.0,2.3741933666183286
isophon,78,3,8000.0,4.815063435066747
isophon,78,4,250.0,-5.374054844577799
isophon,78,4,500.0,-1.2760304463532322
isophon,78,4,750.0,-4.426689275278505
isophon,78,4,1000.0,-1.637280726775657
isophon,78,4,1500.0,1.5727561425020156
isophon,78,4,2000.0,-4.026496392540096
isophon,78,4,3000.0,-9.212170082697682
isophon,78,4,4000.0,-0.4167179763467175
isophon,78,4,6000.0,0.06486076099028537
isophon,78,4,8000.0,0.82667757553196
isophon,78,5,250.0,4.252090056831122
isophon,78,5,500.0,5.364870307912739
isophon,78,5,750.0,-0.6494001242600831
isophon,78,5,1000.0,1.415637348911119
isophon,78,5,1500.0,6.871177530551506
isophon,78,5,2000.0,6.559330061402676
isophon,78,5,3000.0,-0.9290510158320586
isophon,78,5,4000.0,5.868423421520262
isophon,78,5,6000.0,5.279322467466983
isophon,78,5,8000.0,6.396590837239842
isophon,78,6,250.0,17.967345785459173
isophon,78,6,500.0,19.690814205383973
isophon,78,6,750.0,14.52005047485575
isophon,78,6,1000.0,15.292408741733382
isophon,78,6,1500.0,19.462312021518287
isophon,78,6,2000.0,19.171344926908702
isophon,78,6,3000.0,11.702763565504725
isophon,78,6,4000.0,22.074304006237057
isophon,78,6,6000.0,15.306594949387772
isophon,78,6,8000.0,12.213574479817964
isophon,78,7,250.0,25.8705057104289
isophon,78,7,500.0,22.137085417967597
isophon,78,7,750.0,19.426120416576907
isophon,78,7,1000.0,20.533601944460955
isophon,78,7,1500.0,25.079670740974805
isophon,78,7,2000.0,27.66076381670078
isophon,78,7,3000.0,20.836516340074112
isophon,78,7,4000.0,26.066302647642104
isophon,78,7,6000.0,15.85519100358843
isophon,78,7,8000.0,13.50066615462265
isophon,78,8,250.0,24.918540552714788
isophon,78,8,500.0,27.610639518403246
isophon,78,8,750.0,22.26465510851125
isophon,78,8,1000.0,19.238747604356902
isophon,78,8,1500.0,28.0449507397541
isophon,78,8,2000.0,31.597582491044705
isophon,78,8,3000.0,26.181812664820185
isophon,78,8,4000.0,25.908069152832027
isophon,78,8,6000.0,16.106675310888193
isophon,78,8,8000.0,12.470425151433744
isophon,78,9,250.0,23.451127623904483
isophon,78,9,500.0,30.468578605122104
isophon,78,9,750.0,21.258774742765297
isophon,78,9,1000.0,18.496656378078782
isophon,78,9,1500.0,26.196131660694576
isophon,78,9,2000.0,33.337016964010374
isophon,78,9,3000.0,31.381413569218395
isophon,78,9,4000.0,24.661904296874994
isophon,78,9,6000.0,16.713652595492718
isophon,78,9,8000.0,12.487006323307227
isophon,78,10,250.0,19.463118468307755
isophon,78,10,500.0,26.764830769084497
isophon,78,10,750.0,19.808969660445257
isophon,78,10,1000.0,15.95086517333985
isophon,78,10,1500.0,21.07391204833985
isophon,78,10,2000.0,33.89060917289336
isophon,78,10,3000.0,27.25960683220785
isophon,78,10,4000.0,20.938627624511724
isophon,78,10,6000.0,16.25098016224794
isophon,78,10,8000.0,8.6395248413086
isophon,79,1,250.0,-20.517081213262543
isophon,79,1,500.0,2.557387418350208
isophon,79,1,750.0,7.699825647234888
isophon,79,1,1000.0,-0.7180273043938179
isophon,79,1,1500.0,0.6999115191068626
isophon,79,1,2000.0,-16.35429968454723
isophon,79,1,3000.0,2.1542651451225225
isophon,79,1,4000.0,-16.560518776671444
isophon,79,1,6000.0,11.544783924820536
isophon,79,1,8000.0,1.2968820710933358
isophon,79,2,250.0,4.1528345563256295
isophon,79,2,500.0,11.735019820814337
isophon,79,2,750.0,10.993069009551107
isophon,79,2,1000.0,3.7380975239348118
isophon,79,2,1500.0,0.5574682450915844
isophon,79,2,2000.0,-1.0334261995899041
isophon,79,2,3000.0,-6.0750794482657255
isophon,79,2,4000.0,-0.17420238604722726
isophon,79,2,6000.0,20.87156865463649
isophon,79,2,8000.0,3.875398694991503
isophon,79,3,250.0,-7.659227552897292
isophon,79,3,500.0,-1.7886627550473122
isophon,79,3,750.0,4.0725975016220275
isophon,79,3,1000.0,-0.9055083933283115
isophon,79,3,1500.0,1.2390120381388599
isophon,79,3,2000.0,4.792964331758412
isophon,79,3,3000.0,1.5517888380860967
isophon,79,3,4000.0,1.299325995162036
isophon,79,3,6000.0,23.267899364531303
isophon,79,3,8000.0,8.97083795044233
isophon,79,4,250.0,-5.8804786250431675
isophon,79,4,500.0,-5.820152638182151
isophon,79,4,750.0,-1.8363937413742235
isophon,79,4,1000.0,-5.968765776941041
isophon,79,4,1500.0,2.5536597043547005
isophon,79,4,2000.0,7.932769552538659
isophon,79,4,3000.0,2.853066594484872
isophon,79,4,4000.0,-0.5593205094902061
isophon,79,4,6000.0,17.069786834792325
isophon,79,4,8000.0,11.2337284213569
isophon,79,5,250.0,0.3808443742754548
isophon,79,5,500.0,-4.22224569362848
isophon,79,5,750.0,-0.5038084169408421
isophon,79,5,1000.0,-3.084946329099452
isophon,79,5,1500.0,4.2623611468072085
isophon,79,5,2000.0,7.02818484050519
isophon,79,5,3000.0,5.748374984161103
isophon,79,5,4000.0,3.7120807243699545
isophon,79,5,6000.0,6.28833190353302
isophon,79,5,8000.0,10.934386788294049
isophon,79,6,250.0,3.7668208734192348
isophon,79,6,500.0,3.1533192669227645
isophon,79,6,750.0,4.0051708739425465
isophon,79,6,1000.0,-2.973683962050316
isophon,79,6,1500.0,0.05871986345087521
isophon,79,6,2000.0,-0.29049259534183136
isophon,79,6,3000.0,-0.3648094320885633
isophon,79,6,4000.0,1.5251496619375189
isophon,79,6,6000.0,11.48192830066796
isophon,79,6,8000.0,15.295340255571006
isophon,79,7,250.0,2.934087341164556
isophon,79,7,500.0,1.3360094551710944
isophon,79,7,750.0,5.069366066699956
isophon,79,7,1000.0,0.7153592427883382
isophon,79,7,1500.0,3.8909847732947895
isophon,79,7,2000.0,3.427794252257357
isophon,79,7,3000.0,3.4938320176582494
isophon,79,7,4000.0,4.003192704254033
isophon,79,7,6000.0,10.575399494918827
isophon,79,7,8000.0,14.720666272105333
isophon,79,8,250.0,-0.7087342334428541
isophon,79,8,500.0,2.993856275777418
isophon,79,8,750.0,5.196477913796599
isophon,79,8,1000.0,0.9691178823194093
isophon,79,8,1500.0,1.9033460849768744
isophon,79,8,2000.0,4.377198063936973
isophon,79,8,3000.0,7.871022074343529
isophon,79,8,4000.0,4.63918548525055
isophon,79,8,6000.0,8.29053507778059
isophon,79,8,8000.0,14.925297537405555
isophon,79,9,250.0,-1.1921418712438765
isophon,79,9,500.0,4.369077253159247
isophon,79,9,750.0,5.195354107370946
isophon,79,9,1000.0,-0.25177329902193435
isophon,79,9,1500.0,1.4438597913400883
isophon,79,9,2000.0,4.574719080477323
isophon,79,9,3000.0,9.769663488042653
isophon,79,9,4000.0,4.618393200755364
isophon,79,9,6000.0,6.33901303326185
isophon,79,9,8000.0,14.342546439395306
isophon,79,10,250.0,1.7646246106684629
isophon,79,10,500.0,4.0045699601162426
isophon,79,10,750.0,6.037690509737786
isophon,79,10,1000.0,-2.3127576611408642
isophon,79,10,1500.0,2.7013868109853973
isophon,79,10,2000.0,3.3607271028621426
isophon,79,10,3000.0,4.541094360772462
isophon,79,10,4000.0,5.384067662570544
isophon,79,10,6000.0,6.810340527251142
isophon,79,10,8000.0,12.695507665819903
isophon,80,1,250.0,-0.5928214352985322
isophon,80,1,500.0,-1.670581613596383
isophon,80,1,750.0,-0.8964646798227562
isophon,80,1,1000.0,6.636958664613424
isophon,80,1,1500.0,5.655200148901628
isophon,80,1,2000.0,12.551082519905982
isophon,80,1,3000.0,3.9556210320968006
isophon,80,1,4000.0,-0.45786777008112267
isophon,80,1,6000.0,-6.839545710889183
isophon,80,1,8000.0,2.664234863372414
isophon,80,2,250.0,-0.6704547410025441
isophon,80,2,500.0,-1.4793260737817633
isophon,80,2,750.0,3.367662891957721
isophon,80,2,1000.0,4.877444935939366
isophon,80,2,1500.0,2.7578140807338514
isophon,80,2,2000.0,5.1682773933089265
isophon,80,2,3000.0,19.532448758240676
isophon,80,2,4000.0,10.185157188745478
isophon,80,2,6000.0,-6.007468829664418
isophon,80,2,8000.0,6.954664159703569
isophon,80,3,250.0,3.222515900442943
isophon,80,3,500.0,-3.3391748267420382
isophon,80,3,750.0,2.009403580796061
isophon,80,3,1000.0,-1.4717471701127778
isophon,80,3,1500.0,-7.388464805453708
isophon,80,3,2000.0,4.838937262829873
isophon,80,3,3000.0,5.353895522459837
isophon,80,3,4000.0,5.944928388039415
isophon,80,3,6000.0,-2.5636746761814635
isophon,80,3,8000.0,8.344365061433905
isophon,80,4,250.0,-7.44936810114929
isophon,80,4,500.0,-4.330292541133559
isophon,80,4,750.0,1.8375661870079085
isophon,80,4,1000.0,-0.6168613618795007
isophon,80,4,1500.0,-4.032413781368291
isophon,80,4,2000.0,-4.739885226849864
isophon,80,4,3000.0,-0.6698304387656862
isophon,80,4,4000.0,-6.447603390301637
isophon,80,4,6000.0,-1.420369331315797
isophon,80,4,8000.0,10.398215937863625
isophon,80,5,250.0,-4.431964882752254
isophon,80,5,500.0,-0.23192414703179054
isophon,80,5,750.0,3.5618358603638143
isophon,80,5,1000.0,1.4780957640813739
isophon,80,5,1500.0,-3.026271587271495
isophon,80,5,2000.0,-3.7472715170668778
isophon,80,5,3000.0,-1.071008864529304
isophon,80,5,4000.0,-5.611216858144701
isophon,80,5,6000.0,-1.3932814354878218
isophon,80,5,8000.0,8.98632462334983
isophon,80,6,250.0,2.8036972916137586
isophon,80,6,500.0,3.0721640537629327
isophon,80,6,750.0,3.683763761258078
isophon,80,6,1000.0,5.458312481080696
isophon,80,6,1500.0,0.7685952086567482
isophon,80,6,2000.0,-0.3669295676039894
isophon,80,6,3000.0,0.986418961398428
isophon,80,6,4000.0,-3.0104919836323347
isophon,80,6,6000.0,-0.6893648301283264
isophon,80,6,8000.0,4.909236502630861
isophon,80,7,250.0,5.533634026194349
isophon,80,7,500.0,3.132062976367081
isophon,80,7,750.0,1.954735918857395
isophon,80,7,1000.0,-0.3618406190639689
isophon,80,7,1500.0,-0.8593578999250298
isophon,80,7,2000.0,-2.231604341271762
isophon,80,7,3000.0,2.1280218971894413
isophon,80,7,4000.0,-3.1581220794276845
isophon,80,7,6000.0,-0.2934816574559562
isophon,80,7,8000.0,4.402175035628005
isophon,80,8,250.0,2.844112127354464
isophon,80,8,500.0,5.1358170870766315
isophon,80,8,750.0,2.3531585968110136
isophon,80,8,1000.0,-1.6212895504520901
isophon,80,8,1500.0,1.3828726106424085
isophon,80,8,2000.0,-3.905560939157411
isophon,80,8,3000.0,-2.9607924526173406
isophon,80,8,4000.0,-2.001207598805337
isophon,80,8,6000.0,0.06852829667727178
isophon,80,8,8000.0,4.411534316611096
isophon,80,9,250.0,3.4155396450349826
isophon,80,9,500.0,6.7577925753437285
isophon,80,9,750.0,-0.9459928517799341
isophon,80,9,1000.0,-1.0791689580223078
isophon,80,9,1500.0,3.235774417874495
isophon,80,9,2000.0,-6.948224985659252
isophon,80,9,3000.0,-5.3912916564941185
isophon,80,9,4000.0,-1.4315013797162521
isophon,80,9,6000.0,0.9428818856953001
isophon,80,9,8000.0,3.6306539851564565
isophon,80,10,250.0,-0.171151295097701
isophon,80,10,500.0,-4.387187372033807
isophon,80,10,750.0,0.21700899354173941
isophon,80,10,1000.0,2.239318435266739
isophon,80,10,1500.0,5.35200050543402
isophon,80,10,2000.0,-5.171979522705072
isophon,80,10,3000.0,-3.322862243652324
isophon,80,10,4000.0,-0.6711549475456309
isophon,80,10,6000.0,2.005985401248722
isophon,80,10,8000.0,2.7399766249934316
isophon,81,1,250.0,23.908329793571
isophon,81,1,500.0,7.060722648380004
isophon,81,1,750.0,4.633506126403802
isophon,81,1,1000.0,6.470275230407715
isophon,81,1,1500.0,6.2946319884656035
isophon,81,1,2000.0,10.388846960674503
isophon,81,1,3000.0,12.621602363586426
isophon,81,1,4000.0,-1.368497098444287
isophon,81,1,6000.0,19.814116269331727
isophon,81,1,8000.0,-26.991525383385493
isophon,81,2,250.0,8.290928804489624
isophon,81,2,500.0,-1.1804686824214343
isophon,81,2,750.0,1.4256756341766703
isophon,81,2,1000.0,-6.373167863966138
isophon,81,2,1500.0,0.5797253794971553
isophon,81,2,2000.0,-3.0729327370997765
isophon,81,2,3000.0,0.5908801269531239
isophon,81,2,4000.0,-14.835098377328961
isophon,81,2,6000.0,9.85163405441434
isophon,81,2,8000.0,-21.50459435397306
isophon,81,3,250.0,1.6419856011890204
isophon,81,3,500.0,3.072556714988856
isophon,81,3,750.0,3.9915995733688447
isophon,81,3,1000.0,-4.325069467983397
isophon,81,3,1500.0,-4.470721008506551
isophon,81,3,2000.0,-2.1209657804398603
isophon,81,3,3000.0,0.3418330887295298
isophon,81,3,4000.0,-2.4666624219124884
isophon,81,3,6000.0,7.501404504972378
isophon,81,3,8000.0,-13.70023453869591
isophon,81,4,250.0,-3.2504611450976597
isophon,81,4,500.0,0.34804130538637423
isophon,81,4,750.0,2.673664522851624
isophon,81,4,1000.0,-4.191215875857651
isophon,81,4,1500.0,-9.38216442825302
isophon,81,4,2000.0,-0.8797547853475578
isophon,81,4,3000.0,1.413018285448814
isophon,81,4,4000.0,0.9470614711647869
isophon,81,4,6000.0,4.1262498031660755
isophon,81,4,8000.0,-14.537644081964714
isophon,81,5,250.0,-4.43667274972745
isophon,81,5,500.0,-0.9514639333361288
isophon,81,5,750.0,1.1042046907780474
isophon,81,5,1000.0,-4.625687550487854
isophon,81,5,1500.0,-11.559812442000009
isophon,81,5,2000.0,-6.151931522463599
isophon,81,5,3000.0,-2.2003942943256334
isophon,81,5,4000.0,-7.200826113209445
isophon,81,5,6000.0,1.089958717109596
isophon,81,5,8000.0,-8.693594177065492
isophon,81,6,250.0,-5.088051197518254
isophon,81,6,500.0,-8.587470193062302
isophon,81,6,750.0,-2.5139097627918687
isophon,81,6,1000.0,2.103979978739858
isophon,81,6,1500.0,-0.7842732650103414
isophon,81,6,2000.0,5.9719565778151775
isophon,81,6,3000.0,6.848132194932177
isophon,81,6,4000.0,2.134187170893199
isophon,81,6,6000.0,8.85250276998839
isophon,81,6,8000.0,-5.394619095533329
isophon,81,7,250.0,-4.1511361450459106
isophon,81,7,500.0,-5.106647472377929
isophon,81,7,750.0,-7.073748692369563
isophon,81,7,1000.0,-3.4285102173926703
isophon,81,7,1500.0,3.868525911753423
isophon,81,7,2000.0,0.5478602200377196
isophon,81,7,3000.0,1.9242576276911763
isophon,81,7,4000.0,-0.8897537308235854
isophon,81,7,6000.0,10.375570657310647
isophon,81,7,8000.0,-3.1921317866980985
isophon,81,8,250.0,-4.263553798478682
isophon,81,8,500.0,-1.9360024982862143
isophon,81,8,750.0,-4.392337268305496
isophon,81,8,1000.0,-1.325316004381051
isophon,81,8,1500.0,7.315618412366362
isophon,81,8,2000.0,2.446462500596226
isophon,81,8,3000.0,5.732118027219698
isophon,81,8,4000.0,-1.7249015120535915
isophon,81,8,6000.0,9.544589926550998
isophon,81,8,8000.0,-1.126545138625005
isophon,81,9,250.0,-3.7044192960174627
isophon,81,9,500.0,0.4459421478382666
isophon,81,9,750.0,-1.6886740112303897
isophon,81,9,1000.0,0.8772076467419936
isophon,81,9,1500.0,9.30391889181692
isophon,81,9,2000.0,4.992161287891292
isophon,81,9,3000.0,9.147512308045293
isophon,81,9,4000.0,-0.6943389674600127
isophon,81,9,6000.0,7.520382430290951
isophon,81,9,8000.0,0.7084142235984388
isophon,81,10,250.0,-1.5622805765509042
isophon,81,10,500.0,2.37364912363536
isophon,81,10,750.0,-0.384629821777267
isophon,81,10,1000.0,3.648631994009179
isophon,81,10,1500.0,10.50706826050407
isophon,81,10,2000.0,-0.8546549561130519
isophon,81,10,3000.0,3.968054830409983
isophon,81,10,4000.0,0.07546327324840263
isophon,81,10,6000.0,1.0575241088867386
isophon,81,10,8000.0,2.2223609905548045
isophon,82,1,250.0,-7.754472397127003
isophon,82,1,500.0,14.689214888187884
isophon,82,1,750.0,19.108305202237418
isophon,82,1,1000.0,16.732304052339042
isophon,82,1,1500.0,-1.5023809787222238
isophon,82,1,2000.0,-4.681086077996449
isophon,82,1,3000.0,5.548872137146589
isophon,82,1,4000.0,6.549857605370434
isophon,82,1,6000.0,-12.52927094296858
isophon,82,1,8000.0,6.340195718736425
isophon,82,2,250.0,-1.265421935200962
isophon,82,2,500.0,0.577633614817735
isophon,82,2,750.0,9.750770190290005
isophon,82,2,1000.0,5.463000040696457
isophon,82,2,1500.0,6.966510502517174
isophon,82,2,2000.0,-4.297744038866675
isophon,82,2,3000.0,-8.47301912899188
isophon,82,2,4000.0,-4.299313661474528
isophon,82,2,6000.0,4.769930010212292
isophon,82,2,8000.0,8.778449575521933
isophon,82,3,250.0,1.8404307731401985
isophon,82,3,500.0,-6.888975156460845
isophon,82,3,750.0,-0.07325576599421879
isophon,82,3,1000.0,-2.033735514906013
isophon,82,3,1500.0,3.3461370207245764
isophon,82,3,2000.0,3.46862482834414
isophon,82,3,3000.0,0.09470501886524829
isophon,82,3,4000.0,-1.2823568299196637
isophon,82,3,6000.0,-1.1736905763522145
isophon,82,3,8000.0,15.775181886923022
isophon,82,4,250.0,8.773410247116985
isophon,82,4,500.0,-11.38589910703547
isophon,82,4,750.0,-2.28199051590056
isophon,82,4,1000.0,-5.380752364938047
isophon,82,4,1500.0,-5.19139774039899
isophon,82,4,2000.0,1.2503574987690484
isophon,82,4,3000.0,-0.32239427383358077
isophon,82,4,4000.0,1.4160436157588805
isophon,82,4,6000.0,-2.1451022440329695
isophon,82,4,8000.0,17.676136440848722
isophon,82,5,250.0,0.9507088276688762
isophon,82,5,500.0,-3.035907163834935
isophon,82,5,750.0,-0.6516431845888775
isophon,82,5,1000.0,-9.226314596480563
isophon,82,5,1500.0,-7.890877670359359
isophon,82,5,2000.0,3.739741320082544
isophon,82,5,3000.0,1.9648825613492207
isophon,82,5,4000.0,2.0163430207511936
isophon,82,5,6000.0,0.834412712825511
isophon,82,5,8000.0,16.63097636800987
isophon,82,6,250.0,3.3505333277683036
isophon,82,6,500.0,6.053294905820863
isophon,82,6,750.0,3.7801466598996996
isophon,82,6,1000.0,-5.798434525206375
isophon,82,6,1500.0,-9.81381970137818
isophon,82,6,2000.0,-3.632454484427285
isophon,82,6,3000.0,-9.064769193292705
isophon,82,6,4000.0,-2.7015652917639272
isophon,82,6,6000.0,-0.6799343779223506
isophon,82,6,8000.0,13.085817864491787
isophon,82,7,250.0,5.72408518874164
isophon,82,7,500.0,3.431502535894154
isophon,82,7,750.0,7.22142962262653
isophon,82,7,1000.0,-3.4846184128310824
isophon,82,7,1500.0,-5.796311261634514
isophon,82,7,2000.0,0.3907708747633478
isophon,82,7,3000.0,-6.9255565185164585
isophon,82,7,4000.0,0.11486620353738886
isophon,82,7,6000.0,-1.9009843619404876
isophon,82,7,8000.0,11.783096882742228
isophon,82,8,250.0,5.130508547288144
isophon,82,8,500.0,2.610147732987741
isophon,82,8,750.0,7.80424856885125
isophon,82,8,1000.0,-0.9994015994530088
isophon,82,8,1500.0,-3.9056741835270117
isophon,82,8,2000.0,4.49078343663659
isophon,82,8,3000.0,-3.6289656731116082
isophon,82,8,4000.0,1.5205812699115029
isophon,82,8,6000.0,-0.9841456187556759
isophon,82,8,8000.0,11.789217454810782
isophon,82,9,250.0,4.97722285001916
isophon,82,9,500.0,3.574117865029365
isophon,82,9,750.0,7.000799005523206
isophon,82,9,1000.0,2.6052011111850533
isophon,82,9,1500.0,-0.00671882449837824
isophon,82,9,2000.0,8.303614608554227
isophon,82,9,3000.0,1.5695722247575645
isophon,82,9,4000.0,-0.3956177789757618
isophon,82,9,6000.0,0.7413043363506944
isophon,82,9,8000.0,11.805395322734498
isophon,82,10,250.0,-0.2592378571045231
isophon,82,10,500.0,-2.769899318735554
isophon,82,10,750.0,2.846531786350994
isophon,82,10,1000.0,0.17700002910738988
isophon,82,10,1500.0,0.26953928484078915
isophon,82,10,2000.0,6.656347235976355
isophon,82,10,3000.0,2.3219932159335883
isophon,82,10,4000.0,-1.0263312271078888
isophon,82,10,6000.0,2.7944661056922655
isophon,82,10,8000.0,9.317380432403766
isophon,83,1,250.0,9.79249858239838
isophon,83,1,500.0,23.14110195927907
isophon,83,1,750.0,14.037968209820406
isophon,83,1,1000.0,3.014173962708817
isophon,83,1,1500.0,-10.955256506177115
isophon,83,1,2000.0,-8.298708741900413
isophon,83,1,3000.0,-5.172398764849476
isophon,83,1,4000.0,12.248701485133012
isophon,83,1,6000.0,2.1132163807977236
isophon,83,1,8000.0,0.6136493093362247
isophon,83,2,250.0,8.067580360112075
isophon,83,2,500.0,0.5746632799002782
isophon,83,2,750.0,-1.8278992732140438
isophon,83,2,1000.0,-0.7488534659607353
isophon,83,2,1500.0,-4.202232217941443
isophon,83,2,2000.0,-1.4767054430620306
isophon,83,2,3000.0,0.39892587790265566
isophon,83,2,4000.0,0.34218248891343706
isophon,83,2,6000.0,3.317986761368985
isophon,83,2,8000.0,-3.1706164906287597
isophon,83,3,250.0,-4.736421816516767
isophon,83,3,500.0,-4.476542816048905
isophon,83,3,750.0,-1.1451160434220924
isophon,83,3,1000.0,-1.3708798953002201
isophon,83,3,1500.0,-3.3807260115930404
isophon,83,3,2000.0,0.8558844603386007
isophon,83,3,3000.0,-1.7417307149237615
isophon,83,3,4000.0,-3.8318620478914625
isophon,83,3,6000.0,-1.1114176883974238
isophon,83,3,8000.0,-5.48597595783626
isophon,83,4,250.0,-6.697083452760651
isophon,83,4,500.0,-5.897225778622442
isophon,83,4,750.0,-0.5998386863872014
isophon,83,4,1000.0,-0.0086648755844152
isophon,83,4,1500.0,-2.939486660651511
isophon,83,4,2000.0,2.7561486819417667
isophon,83,4,3000.0,-1.8527348261233385
isophon,83,4,4000.0,-3.2125173339362476
isophon,83,4,6000.0,-1.269287768186956
isophon,83,4,8000.0,-2.6876078528280374
isophon,83,5,250.0,-1.093433301564275
isophon,83,5,500.0,-5.7787961330941755
isophon,83,5,750.0,-3.2744424014341433
isophon,83,5,1000.0,-4.120265919772635
isophon,83,5,1500.0,-2.7746683282272215
isophon,83,5,2000.0,3.9886152486312483
isophon,83,5,3000.0,-1.3692930480293768
isophon,83,5,4000.0,-6.683840193362727
isophon,83,5,6000.0,-3.7712400163459705
isophon,83,5,8000.0,-9.424442565705263
isophon,83,6,250.0,-0.04596541365323503
isophon,83,6,500.0,1.078093631804009
isophon,83,6,750.0,3.1038750158479758
isophon,83,6,1000.0,1.5006860122326628
isophon,83,6,1500.0,1.4062449077523098
isophon,83,6,2000.0,2.611797999227605
isophon,83,6,3000.0,1.088314921863855
isophon,83,6,4000.0,-2.046188444072129
isophon,83,6,6000.0,-1.256155714891321
isophon,83,6,8000.0,-6.033644956932548
isophon,83,7,250.0,0.025999391781567738
isophon,83,7,500.0,-0.05069388557998877
isophon,83,7,750.0,-0.4917918417188645
isophon,83,7,1000.0,1.4649378085377691
isophon,83,7,1500.0,0.7575733522741928
isophon,83,7,2000.0,2.3116207724901443
isophon,83,7,3000.0,3.6961379350435095
isophon,83,7,4000.0,1.6027184076771732
isophon,83,7,6000.0,-4.747990986254663
isophon,83,7,8000.0,-3.88627038417863
isophon,83,8,250.0,0.23135356768696624
isophon,83,8,500.0,0.3488212169173721
isophon,83,8,750.0,-0.08297641748849571
isophon,83,8,1000.0,-0.4498442976901913
isophon,83,8,1500.0,-2.873464058937529
isophon,83,8,2000.0,-4.275098296357754
isophon,83,8,3000.0,-1.2294503633560652
isophon,83,8,4000.0,1.180781318116388
isophon,83,8,6000.0,-4.979011615272782
isophon,83,8,8000.0,-8.124236615052624
isophon,83,9,250.0,1.0377378848779983
isophon,83,9,500.0,1.0528387595919213
isophon,83,9,750.0,-4.133717538866804
isophon,83,9,1000.0,-3.0769328054814906
isophon,83,9,1500.0,-5.592766060375013
isophon,83,9,2000.0,-4.604764558652164
isophon,83,9,3000.0,-3.909121169532966
isophon,83,9,4000.0,-2.5223341704607947
isophon,83,9,6000.0,-6.154559519971102
isophon,83,9,8000.0,-8.606738128662116
isophon,83,10,250.0,3.328915181261223
isophon,83,10,500.0,5.03963426223082
isophon,83,10,750.0,-4.2623387905707375
isophon,83,10,1000.0,0.5513444158571161
isophon,83,10,1500.0,-1.7667884211811185
isophon,83,10,2000.0,-0.9251054735468074
isophon,83,10,3000.0,-1.3729744036373006
isophon,83,10,4000.0,-1.6405210636652754
isophon,83,10,6000.0,-4.007543717693736
isophon,83,10,8000.0,-7.734979248046869
isophon,84,1,250.0,6.678600312482217
isophon,84,1,500.0,17.08511837781343
isophon,84,1,750.0,4.332030598714461
isophon,84,1,1000.0,2.335023599351672
isophon,84,1,1500.0,-9.456648671705722
isophon,84,1,2000.0,-2.3235529292371666
isophon,84,1,3000.0,-3.747001332050047
isophon,84,1,4000.0,-8.605406776485381
isophon,84,1,6000.0,-12.429814533051172
isophon,84,1,8000.0,-13.84941874217175
isophon,84,2,250.0,-5.981509713697946
isophon,84,2,500.0,22.15734786248482
isophon,84,2,750.0,13.410184623010977
isophon,84,2,1000.0,2.922654986453928
isophon,84,2,1500.0,0.7165415236910917
isophon,84,2,2000.0,5.380766411853337
isophon,84,2,3000.0,0.1842860776040851
isophon,84,2,4000.0,-6.010319936944342
isophon,84,2,6000.0,-2.074031604584377
isophon,84,2,8000.0,-7.086703031683996
isophon,84,3,250.0,-0.4967439725130163
isophon,84,3,500.0,7.824612301527132
isophon,84,3,750.0,3.334030705019238
isophon,84,3,1000.0,0.639433679492015
isophon,84,3,1500.0,7.15541608205514
isophon,84,3,2000.0,6.731304098922834
isophon,84,3,3000.0,3.3257275416248007
isophon,84,3,4000.0,-2.254268565684498
isophon,84,3,6000.0,3.817393947783785
isophon,84,3,8000.0,-10.08865687424381
isophon,84,4,250.0,5.18294172066021
isophon,84,4,500.0,3.5471838738384918
isophon,84,4,750.0,-1.5785135516637183
isophon,84,4,1000.0,-0.7213997720233749
isophon,84,4,1500.0,2.7412299374456097
isophon,84,4,2000.0,3.9626748357743793
isophon,84,4,3000.0,7.513321447826669
isophon,84,4,4000.0,3.66110216523208
isophon,84,4,6000.0,9.193280330840423
isophon,84,4,8000.0,-6.120842009131508
isophon,84,5,250.0,0.32902239384570464
isophon,84,5,500.0,-3.5104535269798873
isophon,84,5,750.0,-7.606882841321678
isophon,84,5,1000.0,-12.192611150952501
isophon,84,5,1500.0,-5.426755573380234
isophon,84,5,2000.0,-1.8446817188906266
isophon,84,5,3000.0,0.46206620165693835
isophon,84,5,4000.0,2.2443036650056456
isophon,84,5,6000.0,9.050537772001192
isophon,84,5,8000.0,-0.6360040574713537
isophon,84,6,250.0,0.6864721465841654
isophon,84,6,500.0,6.20963961297349
isophon,84,6,750.0,-3.4310313527603284
isophon,84,6,1000.0,-10.290891183911498
isophon,84,6,1500.0,-3.625944346748099
isophon,84,6,2000.0,0.7058008830598084
isophon,84,6,3000.0,-0.9973947514333048
isophon,84,6,4000.0,-0.28655735131540894
isophon,84,6,6000.0,7.442563932451705
isophon,84,6,8000.0,-5.19675972818051
isophon,84,7,250.0,-0.24237008493187773
isophon,84,7,500.0,6.298892237299626
isophon,84,7,750.0,-2.2047391223793085
isophon,84,7,1000.0,-5.893499153011689
isophon,84,7,1500.0,-0.5425905726363283
isophon,84,7,2000.0,1.3040636197297175
isophon,84,7,3000.0,-0.5521950391427595
isophon,84,7,4000.0,1.4171724117542368
isophon,84,7,6000.0,11.394232600521903
isophon,84,7,8000.0,-6.639188863547972
isophon,84,8,250.0,0.9403088753596478
isophon,84,8,500.0,2.914747412141807
isophon,84,8,750.0,-1.878372517242596
isophon,84,8,1000.0,-5.043576731833895
isophon,84,8,1500.0,2.612363989391042
isophon,84,8,2000.0,4.554290044022679
isophon,84,8,3000.0,0.44263180381267375
isophon,84,8,4000.0,-4.141280061159705
isophon,84,8,6000.0,6.051645535660128
isophon,84,8,8000.0,-7.624184334582509
isophon,84,9,250.0,0.4649880715756609
isophon,84,9,500.0,-0.6476174587616867
isophon,84,9,750.0,0.1679162345817531
isophon,84,9,1000.0,-2.710979247114949
isophon,84,9,1500.0,3.814626010358083
isophon,84,9,2000.0,7.223183825149633
isophon,84,9,3000.0,2.466774300168936
isophon,84,9,4000.0,-2.6336288276867634
isophon,84,9,6000.0,1.557579394500877
isophon,84,9,8000.0,-7.89943039351995
isophon,84,10,250.0,2.439831131480531
isophon,84,10,500.0,1.4107189066257035
isophon,84,10,750.0,2.042470432773385
isophon,84,10,1000.0,1.108966732056615
isophon,84,10,1500.0,2.227482277256115
isophon,84,10,2000.0,4.4821301584112945
isophon,84,10,3000.0,0.9029624725339858
isophon,84,10,4000.0,-1.8779303418976383
isophon,84,10,6000.0,-3.2495933532714787
isophon,84,10,8000.0,-5.966352081298822
isophon,85,1,250.0,10.766326666388068
isophon,85,1,500.0,0.8385135869045897
isophon,85,1,750.0,7.926205462911042
isophon,85,1,1000.0,-9.59535676639674
isophon,85,1,1500.0,12.094420577230835
isophon,85,1,2000.0,4.412968677895719
isophon,85,1,3000.0,12.43770256261466
isophon,85,1,4000.0,19.81681652968652
isophon,85,1,6000.0,10.472645556060712
isophon,85,1,8000.0,9.897410515538922
isophon,85,2,250.0,18.232424757356213
isophon,85,2,500.0,-5.288039796130477
isophon,85,2,750.0,-2.212371891135618
isophon,85,2,1000.0,-0.9119148154216532
isophon,85,2,1500.0,7.1971772238287315
isophon,85,2,2000.0,-2.8463477985295214
isophon,85,2,3000.0,4.7958435337624366
isophon,85,2,4000.0,12.35732974764764
isophon,85,2,6000.0,20.7278479500102
isophon,85,2,8000.0,10.076304298650996
isophon,85,3,250.0,7.982751919894824
isophon,85,3,500.0,0.7792995543868244
isophon,85,3,750.0,-2.879629184001871
isophon,85,3,1000.0,-0.9930091174076381
isophon,85,3,1500.0,3.309443146679939
isophon,85,3,2000.0,-3.904707751583402
isophon,85,3,3000.0,9.684854249195652
isophon,85,3,4000.0,14.439632048123045
isophon,85,3,6000.0,11.574052636771825
isophon,85,3,8000.0,17.228865535486932
isophon,85,4,250.0,7.687123431931937
isophon,85,4,500.0,4.6267745480713955
isophon,85,4,750.0,-7.961511441610071
isophon,85,4,1000.0,-1.7341531410852298
isophon,85,4,1500.0,-1.907669513241359
isophon,85,4,2000.0,-1.5517812595681733
isophon,85,4,3000.0,8.92285297237089
isophon,85,4,4000.0,14.47212474155819
isophon,85,4,6000.0,9.358111405692185
isophon,85,4,8000.0,19.282232452056462
isophon,85,5,250.0,5.802846116328922
isophon,85,5,500.0,-1.2566776338664738
isophon,85,5,750.0,-6.614686478621735
isophon,85,5,1000.0,-5.2300780851376345
isophon,85,5,1500.0,-6.448077315192336
isophon,85,5,2000.0,-4.422241939879669
isophon,85,5,3000.0,1.2743987417591995
isophon,85,5,4000.0,8.4422259952309
isophon,85,5,6000.0,-1.2796786496396066
isophon,85,5,8000.0,13.837676069918984
isophon,85,6,250.0,-6.634009955686622
isophon,85,6,500.0,4.881699248166413
isophon,85,6,750.0,-1.106200682126257
isophon,85,6,1000.0,-0.1608228582377791
isophon,85,6,1500.0,-0.47432881500070323
isophon,85,6,2000.0,0.7665030535705029
isophon,85,6,3000.0,3.1774031021141553
isophon,85,6,4000.0,7.060418166994978
isophon,85,6,6000.0,-1.7336926333067595
isophon,85,6,8000.0,7.359861999745306
isophon,85,7,250.0,-4.776647347116935
isophon,85,7,500.0,-1.906491811629877
isophon,85,7,750.0,-4.291888027918148
isophon,85,7,1000.0,3.481681351781745
isophon,85,7,1500.0,-2.245120272349567
isophon,85,7,2000.0,-0.30663151923512544
isophon,85,7,3000.0,-1.2088649194838297
isophon,85,7,4000.0,0.5907952058971517
isophon,85,7,6000.0,-1.9961641468238724
isophon,85,7,8000.0,8.533676655604012
isophon,85,8,250.0,-4.118894168577242
isophon,85,8,500.0,-0.8152302231686122
isophon,85,8,750.0,-6.694149120769225
isophon,85,8,1000.0,0.3478014147249411
isophon,85,8,1500.0,-3.2695245812671914
isophon,85,8,2000.0,-2.513050825103633
isophon,85,8,3000.0,-3.4221247595035322
isophon,85,8,4000.0,3.0245481465103836
isophon,85,8,6000.0,-2.125046426514345
isophon,85,8,8000.0,6.814971434513666
isophon,85,9,250.0,-3.960011246657075
isophon,85,9,500.0,-0.5087426718200163
isophon,85,9,750.0,-6.516880707184967
isophon,85,9,1000.0,-2.9746981384554942
isophon,85,9,1500.0,-4.911233103464298
isophon,85,9,2000.0,-5.162790561711091
isophon,85,9,3000.0,-1.4267966983578901
isophon,85,9,4000.0,3.0234127698630004
isophon,85,9,6000.0,-4.0854432764710396
isophon,85,9,8000.0,3.931590991948795
isophon,85,10,250.0,-3.3005276627109197
isophon,85,10,500.0,-1.31869322771351
isophon,85,10,750.0,-5.78576466154675
isophon,85,10,1000.0,-6.642216371147413
isophon,85,10,1500.0,-6.747446262344951
isophon,85,10,2000.0,-10.26461135157544
isophon,85,10,3000.0,-4.4748198569666755
isophon,85,10,4000.0,2.3657822535875823
isophon,85,10,6000.0,-8.572674898801111
isophon,85,10,8000.0,-0.6836615637392782
isophon,86,1,250.0,-12.746732918316184
isophon,86,1,500.0,-25.668857344536747
isophon,86,1,750.0,-20.750645889342756
isophon,86,1,1000.0,-6.900860757830088
isophon,86,1,1500.0,-6.701896587944901
isophon,86,1,2000.0,4.973597153865661
isophon,86,1,3000.0,9.02358685757882
isophon,86,1,4000.0,22.917484606139947
isophon,86,1,6000.0,1.0535527022855433
isophon,86,1,8000.0,28.17141394213038
isophon,86,2,250.0,-11.159683570537837
isophon,86,2,500.0,-6.1035906471568495
isophon,86,2,750.0,-5.785050224268815
isophon,86,2,1000.0,-1.4403952078914415
isophon,86,2,1500.0,1.3431993121480446
isophon,86,2,2000.0,5.208576974425462
isophon,86,2,3000.0,11.442615729924533
isophon,86,2,4000.0,22.135386725620663
isophon,86,2,6000.0,4.889385897765521
isophon,86,2,8000.0,28.50296376608283
isophon,86,3,250.0,-5.453849637007323
isophon,86,3,500.0,-2.9763406460089925
isophon,86,3,750.0,-2.0643552704904664
isophon,86,3,1000.0,-5.532542735621348
isophon,86,3,1500.0,-5.712218178474544
isophon,86,3,2000.0,1.23358746537167
isophon,86,3,3000.0,5.632621583062601
isophon,86,3,4000.0,13.434593750614432
isophon,86,3,6000.0,-0.9380724425253959
isophon,86,3,8000.0,14.291713879674433
isophon,86,4,250.0,2.721171485270361
isophon,86,4,500.0,-3.119916046639446
isophon,86,4,750.0,0.8756724086476311
isophon,86,4,1000.0,0.24899174561984694
isophon,86,4,1500.0,-2.7030320963409338
isophon,86,4,2000.0,-0.4891139532017803
isophon,86,4,3000.0,-1.6320274808392128
isophon,86,4,4000.0,0.7992761390306669
isophon,86,4,6000.0,-2.538334817626719
isophon,86,4,8000.0,3.5886632233522846
isophon,86,5,250.0,2.9210837918786154
isophon,86,5,500.0,9.680912925156278
isophon,86,5,750.0,10.761778036563072
isophon,86,5,1000.0,10.302446677822488
isophon,86,5,1500.0,-0.17060727853311164
isophon,86,5,2000.0,-3.638775411706476
isophon,86,5,3000.0,-5.584051640878911
isophon,86,5,4000.0,-0.24433240115976673
isophon,86,5,6000.0,-2.492120135621093
isophon,86,5,8000.0,4.666967152273301
isophon,86,6,250.0,10.577145722672682
isophon,86,6,500.0,13.19142715944281
isophon,86,6,750.0,13.986180057363569
isophon,86,6,1000.0,8.15696521102592
isophon,86,6,1500.0,0.9840811422890283
isophon,86,6,2000.0,-0.9784411412879308
isophon,86,6,3000.0,-2.5498120907813586
isophon,86,6,4000.0,6.278080990917559
isophon,86,6,6000.0,0.03441514093174192
isophon,86,6,8000.0,3.099468604197398
isophon,86,7,250.0,7.985475836108392
isophon,86,7,500.0,13.557216605790472
isophon,86,7,750.0,11.459736966830363
isophon,86,7,1000.0,4.393847093583403
isophon,86,7,1500.0,5.793956932142592
isophon,86,7,2000.0,-2.47625779665492
isophon,86,7,3000.0,-0.28462591273721216
isophon,86,7,4000.0,10.550201781597366
isophon,86,7,6000.0,2.9651701186308657
isophon,86,7,8000.0,4.491649110848755
isophon,86,8,250.0,8.652192987745451
isophon,86,8,500.0,14.900716126023497
isophon,86,8,750.0,10.10065188866642
isophon,86,8,1000.0,2.491998014122089
isophon,86,8,1500.0,4.929225288355852
isophon,86,8,2000.0,0.4441255212050095
isophon,86,8,3000.0,4.768942838168186
isophon,86,8,4000.0,13.985252068416003
isophon,86,8,6000.0,5.108163196990148
isophon,86,8,8000.0,7.41439799446006
isophon,86,9,250.0,8.556176850941227
isophon,86,9,500.0,15.164063326422834
isophon,86,9,750.0,8.38008874775116
isophon,86,9,1000.0,2.4390416457724484
isophon,86,9,1500.0,4.415957366600793
isophon,86,9,2000.0,1.877113790044433
isophon,86,9,3000.0,10.6250705158007
isophon,86,9,4000.0,15.740810370144956
isophon,86,9,6000.0,6.259681534998123
isophon,86,9,8000.0,9.846036542647226
isophon,86,10,250.0,7.939072438628557
isophon,86,10,500.0,11.3857091437784
isophon,86,10,750.0,5.76863966005692
isophon,86,10,1000.0,1.7495152146376682
isophon,86,10,1500.0,0.5371961588076033
isophon,86,10,2000.0,4.630612421124965
isophon,86,10,3000.0,11.981794878725708
isophon,86,10,4000.0,16.172731264048878
isophon,86,10,6000.0,7.920591425796175
isophon,86,10,8000.0,9.649863817517783
isophon,87,1,250.0,-5.8007182771726775
isophon,87,1,500.0,3.337143502494996
isophon,87,1,750.0,4.210608812145921
isophon,87,1,1000.0,-0.7916776688405349
isophon,87,1,1500.0,-12.152615562540916
isophon,87,1,2000.0,-0.8343313608101326
isophon,87,1,3000.0,3.3455767235832923
isophon,87,1,4000.0,-1.3181069281200735
isophon,87,1,6000.0,6.091214500700403
isophon,87,1,8000.0,7.533269136942437
isophon,87,2,250.0,4.468869261499435
isophon,87,2,500.0,3.7425260444875335
isophon,87,2,750.0,-0.4878923784066558
isophon,87,2,1000.0,-0.5810011430912994
isophon,87,2,1500.0,-5.589686656416063
isophon,87,2,2000.0,-5.0788450900429325
isophon,87,2,3000.0,-0.04352776068536457
isophon,87,2,4000.0,3.271124058105187
isophon,87,2,6000.0,3.9551253200975793
isophon,87,2,8000.0,6.44403395968547
isophon,87,3,250.0,5.92988241959047
isophon,87,3,500.0,4.38155971824564
isophon,87,3,750.0,1.6879022323168158
isophon,87,3,1000.0,1.5159151628719485
isophon,87,3,1500.0,-1.8447413957535872
isophon,87,3,2000.0,-1.5200991351799615
isophon,87,3,3000.0,1.1858199819178168
isophon,87,3,4000.0,3.1026908713720616
isophon,87,3,6000.0,6.872058320278072
isophon,87,3,8000.0,5.0816975326933544
isophon,87,4,250.0,12.549167321754496
isophon,87,4,500.0,6.439146684420194
isophon,87,4,750.0,4.397838545087112
isophon,87,4,1000.0,0.07206749612788599
isophon,87,4,1500.0,0.3153404661548791
isophon,87,4,2000.0,0.7632709456845674
isophon,87,4,3000.0,1.1168944486621655
isophon,87,4,4000.0,6.697018111105038
isophon,87,4,6000.0,7.895757977054899
isophon,87,4,8000.0,5.958407849641091
isophon,87,5,250.0,1.0095520272416252
isophon,87,5,500.0,-4.443647889943392
isophon,87,5,750.0,-6.414088615150433
isophon,87,5,1000.0,-1.870521476325905
isophon,87,5,1500.0,-3.72149141275014
isophon,87,5,2000.0,-1.7940221999606365
isophon,87,5,3000.0,4.884953200998154
isophon,87,5,4000.0,11.127931873761568
isophon,87,5,6000.0,4.260179620594329
isophon,87,5,8000.0,-5.568857243991275
isophon,87,6,250.0,4.464686266024074
isophon,87,6,500.0,0.3358294079407784
isophon,87,6,750.0,-1.2159371459751895
isophon,87,6,1000.0,-1.0579223739586467
isophon,87,6,1500.0,-2.849186333020697
isophon,87,6,2000.0,-5.085361326577157
isophon,87,6,3000.0,1.3724528049289688
isophon,87,6,4000.0,11.579425853911943
isophon,87,6,6000.0,4.0156011683020125
isophon,87,6,8000.0,-1.98084398030376
isophon,87,7,250.0,6.712438422961625
isophon,87,7,500.0,0.3870673517589722
isophon,87,7,750.0,-0.5922548060230923
isophon,87,7,1000.0,1.0149079824484772
isophon,87,7,1500.0,0.8008762557711719
isophon,87,7,2000.0,-1.5385141917110303
isophon,87,7,3000.0,-1.2212080335430642
isophon,87,7,4000.0,7.321394510953937
isophon,87,7,6000.0,2.7116731960586833
isophon,87,7,8000.0,-2.0642071521032364
isophon,87,8,250.0,5.512093621047455
isophon,87,8,500.0,1.9761864231025612
isophon,87,8,750.0,2.126073318621593
isophon,87,8,1000.0,3.9131029244314277
isophon,87,8,1500.0,2.5564470512764643
isophon,87,8,2000.0,2.174398498264381
isophon,87,8,3000.0,1.2944024605404678
isophon,87,8,4000.0,5.1329178855516915
isophon,87,8,6000.0,4.254826706368277
isophon,87,8,8000.0,0.564770913931568
isophon,87,9,250.0,6.119262277459555
isophon,87,9,500.0,3.4802080581334707
isophon,87,9,750.0,3.041234672158623
isophon,87,9,1000.0,5.546261808854666
isophon,87,9,1500.0,3.143021738999124
isophon,87,9,2000.0,4.6672374923978595
isophon,87,9,3000.0,5.991271473920236
isophon,87,9,4000.0,6.361771059256057
isophon,87,9,6000.0,4.832350657346765
isophon,87,9,8000.0,2.9693149734323185
isophon,87,10,250.0,6.506230908245641
isophon,87,10,500.0,5.009741823519917
isophon,87,10,750.0,2.2976181069390407
isophon,87,10,1000.0,6.931400756915366
isophon,87,10,1500.0,0.758753584548316
isophon,87,10,2000.0,3.105668837772299
isophon,87,10,3000.0,6.693008434971446
isophon,87,10,4000.0,6.64001743875825
isophon,87,10,6000.0,2.7411898452454864
isophon,87,10,8000.0,3.4721618653915414
isophon,88,1,250.0,23.660681079706592
isophon,88,1,500.0,3.226469655164138
isophon,88,1,750.0,-5.307063764668733
isophon,88,1,1000.0,-2.9161604289932797
isophon,88,1,1500.0,13.126748686361736
isophon,88,1,2000.0,27.46272955520371
isophon,88,1,3000.0,-2.8668531129715475
isophon,88,1,4000.0,5.986605539425284
isophon,88,1,6000.0,33.936379163815076
isophon,88,1,8000.0,36.296878052549914
isophon,88,2,250.0,-0.38513176697104257
isophon,88,2,500.0,-3.1750894590983023
isophon,88,2,750.0,1.3661441809056711
isophon,88,2,1000.0,1.8059767645758598
isophon,88,2,1500.0,3.158960227272459
isophon,88,2,2000.0,7.3491523687532805
isophon,88,2,3000.0,0.37165244982199397
isophon,88,2,4000.0,-1.4751521803274557
isophon,88,2,6000.0,6.906407663677371
isophon,88,2,8000.0,20.902738595719853
isophon,88,3,250.0,-0.008859342760864308
isophon,88,3,500.0,-6.508273912458193
isophon,88,3,750.0,-0.15577281196055281
isophon,88,3,1000.0,4.524576633736537
isophon,88,3,1500.0,2.0904829037416164
isophon,88,3,2000.0,-5.826721031063272
isophon,88,3,3000.0,-2.6473206537843907
isophon,88,3,4000.0,0.5567499769497744
isophon,88,3,6000.0,1.1444094712855843
isophon,88,3,8000.0,9.61298088925038
isophon,88,4,250.0,-0.5304381333822903
isophon,88,4,500.0,-6.147844114846848
isophon,88,4,750.0,-3.4586302553626354
isophon,88,4,1000.0,-0.6729210158554295
isophon,88,4,1500.0,0.7415421841701288
isophon,88,4,2000.0,-6.554183922820698
isophon,88,4,3000.0,-0.9580648495883111
isophon,88,4,4000.0,-0.9481445192800919
isophon,88,4,6000.0,-1.7538810961758315
isophon,88,4,8000.0,3.587266457482329
isophon,88,5,250.0,3.0505621967611063
isophon,88,5,500.0,-3.9912980013026527
isophon,88,5,750.0,-3.5868723098967195
isophon,88,5,1000.0,3.7644023827734614
isophon,88,5,1500.0,-0.8165301735513992
isophon,88,5,2000.0,-7.801270086511835
isophon,88,5,3000.0,-4.375776215140846
isophon,88,5,4000.0,0.029775525922786983
isophon,88,5,6000.0,0.921834907525934
isophon,88,5,8000.0,3.079186574568368
isophon,88,6,250.0,-0.6097252061002223
isophon,88,6,500.0,-6.6806815092501495
isophon,88,6,750.0,-2.3153503623234997
isophon,88,6,1000.0,4.149460251530513
isophon,88,6,1500.0,2.1805831976929113
isophon,88,6,2000.0,-1.8530787843230883
isophon,88,6,3000.0,-4.391584864874531
isophon,88,6,4000.0,-6.3064264534246774
isophon,88,6,6000.0,-5.359490310375747
isophon,88,6,8000.0,-4.644940373874988
isophon,88,7,250.0,0.21957489808619357
isophon,88,7,500.0,-6.8125932389700665
isophon,88,7,750.0,-3.347286773237556
isophon,88,7,1000.0,0.34507991501294555
isophon,88,7,1500.0,0.7087237337317731
isophon,88,7,2000.0,-2.4269438616450714
isophon,88,7,3000.0,-5.384702101343322
isophon,88,7,4000.0,-6.36542709784041
isophon,88,7,6000.0,-3.6494136610566272
isophon,88,7,8000.0,-4.60252046230265
isophon,88,8,250.0,-0.2635867387031965
isophon,88,8,500.0,-4.596021220658685
isophon,88,8,750.0,-1.1073086949381263
isophon,88,8,1000.0,-0.06373663753252856
isophon,88,8,1500.0,0.6352000444523469
isophon,88,8,2000.0,-1.645261702859088
isophon,88,8,3000.0,-4.495191765674306
isophon,88,8,4000.0,-3.789220065720798
isophon,88,8,6000.0,-3.1190888144653712
isophon,88,8,8000.0,-5.22656125409722
isophon,88,9,250.0,-0.25743486176681074
isophon,88,9,500.0,-3.891689539820433
isophon,88,9,750.0,1.5245268487791748
isophon,88,9,1000.0,0.13652462809045574
isophon,88,9,1500.0,-2.1745558191540937
isophon,88,9,2000.0,-2.1301651118491094
isophon,88,9,3000.0,-5.4471118639931575
isophon,88,9,4000.0,-1.8336719087099596
isophon,88,9,6000.0,-2.125210979152868
isophon,88,9,8000.0,-4.319917582170206
isophon,88,10,250.0,-2.1652024475478555
isophon,88,10,500.0,1.976484719152765
isophon,88,10,750.0,5.826954713992137
isophon,88,10,1000.0,5.796099041707137
isophon,88,10,1500.0,1.9375275472357743
isophon,88,10,2000.0,-1.3993105614306245
isophon,88,10,3000.0,-8.380101265411326
isophon,88,10,4000.0,-7.18700700942172
isophon,88,10,6000.0,-3.020037427121494
isophon,88,10,8000.0,-4.145902430861881
isophon,89,1,250.0,5.551852674031011
isophon,89,1,500.0,10.667069216788327
isophon,89,1,750.0,4.346236364461028
isophon,89,1,1000.0,5.87367287446861
isophon,89,1,1500.0,-2.984667303039359
isophon,89,1,2000.0,2.1704759161656
isophon,89,1,3000.0,-3.6135955085441083
isophon,89,1,4000.0,-0.9395817053986022
isophon,89,1,6000.0,-6.70561788770749
isophon,89,1,8000.0,-6.247565891697889
isophon,89,2,250.0,12.127394424829987
isophon,89,2,500.0,2.13810569617047
isophon,89,2,750.0,5.4477883332682495
isophon,89,2,1000.0,4.593449825634693
isophon,89,2,1500.0,-5.482999832788806
isophon,89,2,2000.0,-11.777883174341667
isophon,89,2,3000.0,-5.737716720497019
isophon,89,2,4000.0,-2.2116184101201384
isophon,89,2,6000.0,1.0221355577676547
isophon,89,2,8000.0,6.551402858454011
isophon,89,3,250.0,5.939252896036038
isophon,89,3,500.0,-0.7469248495841043
isophon,89,3,750.0,1.9488560592012618
isophon,89,3,1000.0,1.7122754152026687
isophon,89,3,1500.0,-2.8419612019160496
isophon,89,3,2000.0,-3.430618595151202
isophon,89,3,3000.0,-0.32814408534393635
isophon,89,3,4000.0,-1.337767662947897
isophon,89,3,6000.0,-0.8193435979508195
isophon,89,3,8000.0,7.140145785758705
isophon,89,4,250.0,-2.8139555318021365
isophon,89,4,500.0,-1.3771409518949014
isophon,89,4,750.0,3.370518983748468
isophon,89,4,1000.0,0.43464733568285396
isophon,89,4,1500.0,0.18195620388969758
isophon,89,4,2000.0,-1.5526385229483282
isophon,89,4,3000.0,1.946837425009491
isophon,89,4,4000.0,-0.10756895921578291
isophon,89,4,6000.0,6.7888351603230035
isophon,89,4,8000.0,10.541952650485655
isophon,89,5,250.0,2.944641416620044
isophon,89,5,500.0,-1.8658031648651558
isophon,89,5,750.0,3.4295884813578112
isophon,89,5,1000.0,-2.0255555115383856
isophon,89,5,1500.0,0.3779741380153183
isophon,89,5,2000.0,2.969682652067192
isophon,89,5,3000.0,3.0112371603394195
isophon,89,5,4000.0,-1.2872044286454098
isophon,89,5,6000.0,4.0857360237640705
isophon,89,5,8000.0,15.072479464425001
isophon,89,6,250.0,7.651105773100696
isophon,89,6,500.0,1.9660129313433856
isophon,89,6,750.0,4.47911921881753
isophon,89,6,1000.0,5.213511935898424
isophon,89,6,1500.0,5.048887022886149
isophon,89,6,2000.0,7.526461960837679
isophon,89,6,3000.0,8.283412626777817
isophon,89,6,4000.0,3.8433645465136834
isophon,89,6,6000.0,8.919387699493669
isophon,89,6,8000.0,19.65523447141706
isophon,89,7,250.0,6.511396193497092
isophon,89,7,500.0,5.4876915644687045
isophon,89,7,750.0,7.9904381720758835
isophon,89,7,1000.0,10.132003826647747
isophon,89,7,1500.0,8.497527756755275
isophon,89,7,2000.0,9.540845294227438
isophon,89,7,3000.0,12.213733454443272
isophon,89,7,4000.0,5.346571044921873
isophon,89,7,6000.0,8.237268798517306
isophon,89,7,8000.0,19.109044354942228
isophon,89,8,250.0,6.762537301348303
isophon,89,8,500.0,6.0493982351279385
isophon,89,8,750.0,8.78049805010501
isophon,89,8,1000.0,11.957520947009073
isophon,89,8,1500.0,8.52712163984755
isophon,89,8,2000.0,9.141071575146412
isophon,89,8,3000.0,12.077318799473929
isophon,89,8,4000.0,6.698485870361324
isophon,89,8,6000.0,9.29193486434545
isophon,89,8,8000.0,20.47852166728501
isophon,89,9,250.0,5.9301685391358205
isophon,89,9,500.0,6.634590264886029
isophon,89,9,750.0,9.665417190528231
isophon,89,9,1000.0,11.849773147055643
isophon,89,9,1500.0,6.084104092875577
isophon,89,9,2000.0,7.333916352797274
isophon,89,9,3000.0,9.541083519264504
isophon,89,9,4000.0,6.858586273193353
isophon,89,9,6000.0,10.347277838486548
isophon,89,9,8000.0,21.00789449646362
isophon,89,10,250.0,5.38736173317082
isophon,89,10,500.0,6.63911520169745
isophon,89,10,750.0,9.107564843504107
isophon,89,10,1000.0,5.589193725585943
isophon,89,10,1500.0,4.053804903968597
isophon,89,10,2000.0,7.4045216699893786
isophon,89,10,3000.0,7.360320227237196
isophon,89,10,4000.0,5.952677154541021
isophon,89,10,6000.0,10.49605924760884
isophon,89,10,8000.0,19.940187495813944
isophon,90,1,250.0,1.9125442422338352
isophon,90,1,500.0,5.0716581851132965
isophon,90,1,750.0,6.759870138247862
isophon,90,1,1000.0,1.3547834472835518
isophon,90,1,1500.0,-1.3643089840929719
isophon,90,1,2000.0,5.071262716031185
isophon,90,1,3000.0,3.2757838987473633
isophon,90,1,4000.0,-0.9520647128399133
isophon,90,1,6000.0,-5.060211621753496
isophon,90,1,8000.0,-22.293366504133246
isophon,90,2,250.0,6.618285111269131
isophon,90,2,500.0,8.031090890664245
isophon,90,2,750.0,8.538923684412211
isophon,90,2,1000.0,2.1107685512206302
isophon,90,2,1500.0,-6.678729129956054
isophon,90,2,2000.0,-7.87100752208903
isophon,90,2,3000.0,-1.8090392353757778
isophon,90,2,4000.0,-1.0946684750296356
isophon,90,2,6000.0,2.964075664731979
isophon,90,2,8000.0,-8.60359157127192
isophon,90,3,250.0,2.0193422670214005
isophon,90,3,500.0,5.46230085568132
isophon,90,3,750.0,5.890952574558042
isophon,90,3,1000.0,-0.15865048811764382
isophon,90,3,1500.0,-2.640438191053576
isophon,90,3,2000.0,-0.5016516228670014
isophon,90,3,3000.0,-1.3503021325675348
isophon,90,3,4000.0,0.01722071585382423
isophon,90,3,6000.0,4.509496444440515
isophon,90,3,8000.0,-8.29659867918599
isophon,90,4,250.0,-5.109050892235601
isophon,90,4,500.0,4.6360760069488265
isophon,90,4,750.0,7.0807124040757685
isophon,90,4,1000.0,-1.9477722504987867
isophon,90,4,1500.0,2.4286621424115964
isophon,90,4,2000.0,3.096054847320744
isophon,90,4,3000.0,0.9413066929863732
isophon,90,4,4000.0,0.09078008106779123
isophon,90,4,6000.0,1.6804628326443662
isophon,90,4,8000.0,-4.508749237060542
isophon,90,5,250.0,-2.7988597598055236
isophon,90,5,500.0,0.9044430246221538
isophon,90,5,750.0,3.9978024036569764
isophon,90,5,1000.0,-5.725418945376276
isophon,90,5,1500.0,3.4339556874695063
isophon,90,5,2000.0,6.665367597319445
isophon,90,5,3000.0,-0.9526917530835561
isophon,90,5,4000.0,-1.998366052241849
isophon,90,5,6000.0,-2.341927643511582
isophon,90,5,8000.0,-0.5269477844238253
isophon,90,6,250.0,1.1136115803586364
isophon,90,6,500.0,4.1194940704416325
isophon,90,6,750.0,3.66562965351892
isophon,90,6,1000.0,0.7762904087988147
isophon,90,6,1500.0,6.525444161686451
isophon,90,6,2000.0,11.211403323598176
isophon,90,6,3000.0,3.96440532248468
isophon,90,6,4000.0,2.103323117422235
isophon,90,6,6000.0,2.0034271325837807
isophon,90,6,8000.0,4.227081909179688
isophon,90,7,250.0,1.5438541055306843
isophon,90,7,500.0,7.449433198350178
isophon,90,7,750.0,7.219841208235323
isophon,90,7,1000.0,4.576786083727825
isophon,90,7,1500.0,8.381332902356093
isophon,90,7,2000.0,12.046812140496314
isophon,90,7,3000.0,6.987407150192851
isophon,90,7,4000.0,2.9054045696071142
isophon,90,7,6000.0,1.8719265758455208
isophon,90,7,8000.0,4.311063842773436
isophon,90,8,250.0,2.9268356227618426
isophon,90,8,500.0,8.916892436749805
isophon,90,8,750.0,8.3424633235864
isophon,90,8,1000.0,7.0715155453977445
isophon,90,8,1500.0,8.92248397780989
isophon,90,8,2000.0,10.719714452266274
isophon,90,8,3000.0,8.056366474726659
isophon,90,8,4000.0,4.234533485866493
isophon,90,8,6000.0,2.965850194284428
isophon,90,8,8000.0,5.552279968261715
isophon,90,9,250.0,3.0736284650412244
isophon,90,9,500.0,10.019958219982414
isophon,90,9,750.0,10.104285110142882
isophon,90,9,1000.0,7.2164380335302525
isophon,90,9,1500.0,7.035484308450862
isophon,90,9,2000.0,8.872602503002426
isophon,90,9,3000.0,4.578113538968921
isophon,90,9,4000.0,4.6767268508208275
isophon,90,9,6000.0,4.197991374905811
isophon,90,9,8000.0,6.174179992675775
isophon,90,10,250.0,4.025110859452511
isophon,90,10,500.0,10.893717412016429
isophon,90,10,750.0,10.385309716885033
isophon,90,10,1000.0,1.6232856750488338
isophon,90,10,1500.0,4.249598616632355
isophon,90,10,2000.0,9.457238978325776
isophon,90,10,3000.0,4.690302780288306
isophon,90,10,4000.0,4.442385464831943
isophon,90,10,6000.0,4.799984939997131
isophon,90,10,8000.0,6.069506072998053
isophon,91,1,250.0,3.3026196110227026
isophon,91,1,500.0,-4.243986287676769
isophon,91,1,750.0,12.112999432967895
isophon,91,1,1000.0,19.412400090262302
isophon,91,1,1500.0,11.484113653581051
isophon,91,1,2000.0,3.5587354744940924
isophon,91,1,3000.0,-6.926938170654466
isophon,91,1,4000.0,-0.6621279918878002
isophon,91,1,6000.0,-0.976766341005245
isophon,91,1,8000.0,-17.26458310168408
isophon,91,2,250.0,-0.2805439571167412
isophon,91,2,500.0,0.2537363701772577
isophon,91,2,750.0,-2.022115535441017
isophon,91,2,1000.0,2.529462651545792
isophon,91,2,1500.0,-1.6710863774908375
isophon,91,2,2000.0,-3.8562389731542552
isophon,91,2,3000.0,-9.10783840652087
isophon,91,2,4000.0,-2.7944829783490945
isophon,91,2,6000.0,-2.510756333159918
isophon,91,2,8000.0,-2.071923565640347
isophon,91,3,250.0,-1.3561268561148552
isophon,91,3,500.0,-2.5682333446924446
isophon,91,3,750.0,-4.909348472647025
isophon,91,3,1000.0,-1.0360314442017398
isophon,91,3,1500.0,3.7262888272306753
isophon,91,3,2000.0,-8.639861416053066
isophon,91,3,3000.0,-12.813812326725923
isophon,91,3,4000.0,-5.698340677207909
isophon,91,3,6000.0,-8.292283050205313
isophon,91,3,8000.0,4.273261690365501
isophon,91,4,250.0,-8.19301792678661
isophon,91,4,500.0,-2.6303540577197992
isophon,91,4,750.0,-2.3886175733228185
isophon,91,4,1000.0,-5.966836879066847
isophon,91,4,1500.0,0.22374996888484588
isophon,91,4,2000.0,2.3649460399504107
isophon,91,4,3000.0,-8.248496481917954
isophon,91,4,4000.0,-3.0898857984517605
isophon,91,4,6000.0,-1.5324930593173036
isophon,91,4,8000.0,4.650441866808151
isophon,91,5,250.0,0.6985274092090208
isophon,91,5,500.0,2.134265258157754
isophon,91,5,750.0,-1.1439721502248545
isophon,91,5,1000.0,-7.046598715000286
isophon,91,5,1500.0,0.6150489127231253
isophon,91,5,2000.0,3.4117873235266103
isophon,91,5,3000.0,-0.8866973282627271
isophon,91,5,4000.0,3.5729231321102475
isophon,91,5,6000.0,1.9779792393931785
isophon,91,5,8000.0,2.3370613350219145
isophon,91,6,250.0,-4.252277342233683
isophon,91,6,500.0,9.58242409888689
isophon,91,6,750.0,3.9698761743844386
isophon,91,6,1000.0,-2.2318357221321747
isophon,91,6,1500.0,-2.9044685022366963
isophon,91,6,2000.0,-3.7504061170151175
isophon,91,6,3000.0,0.6922535848857336
isophon,91,6,4000.0,0.08434871939766708
isophon,91,6,6000.0,-0.14817871260159166
isophon,91,6,8000.0,0.03609561254737059
isophon,91,7,250.0,0.5457948617517303
isophon,91,7,500.0,-0.51266763822602
isophon,91,7,750.0,-0.685217367470699
isophon,91,7,1000.0,-2.210331407735012
isophon,91,7,1500.0,-3.1746578505068044
isophon,91,7,2000.0,0.07101590396069923
isophon,91,7,3000.0,-1.013059396902534
isophon,91,7,4000.0,1.3925116956270216
isophon,91,7,6000.0,1.1832261080250248
isophon,91,7,8000.0,-2.2158451211996066
isophon,91,8,250.0,-5.741093465183269
isophon,91,8,500.0,-6.92330327100882
isophon,91,8,750.0,-2.5886271013746125
isophon,91,8,1000.0,-3.273530909534415
isophon,91,8,1500.0,-4.0823707509870815
isophon,91,8,2000.0,-0.912119830033518
isophon,91,8,3000.0,-0.7124430915718989
isophon,91,8,4000.0,0.8315199622019378
isophon,91,8,6000.0,0.7717129745199571
isophon,91,8,8000.0,-1.067295533936118
isophon,91,9,250.0,-5.466267822445644
isophon,91,9,500.0,-5.440548190040417
isophon,91,9,750.0,-0.8654960410501644
isophon,91,9,1000.0,-4.105416410330292
isophon,91,9,1500.0,-4.3334183831135675
isophon,91,9,2000.0,-0.44231013642510675
isophon,91,9,3000.0,-0.7171251767270945
isophon,91,9,4000.0,1.6058856563165733
isophon,91,9,6000.0,0.42008356425935744
isophon,91,9,8000.0,-0.22932989707311435
isophon,91,10,250.0,-2.268195466000833
isophon,91,10,500.0,-2.947128218487123
isophon,91,10,750.0,0.7831624772402392
isophon,91,10,1000.0,-2.7912451742680418
isophon,91,10,1500.0,-3.87988859872398
isophon,91,10,2000.0,-3.8806716084238104
isophon,91,10,3000.0,-1.3569594300096668
isophon,91,10,4000.0,2.550583999854183
isophon,91,10,6000.0,1.7356569631118361
isophon,91,10,8000.0,0.6417817052709296
isophon,92,1,250.0,19.388667406251002
isophon,92,1,500.0,-5.5231546800595765
isophon,92,1,750.0,-2.8987776572097346
isophon,92,1,1000.0,7.583216012008506
isophon,92,1,1500.0,-4.215091676299892
isophon,92,1,2000.0,-1.4007223117814362
isophon,92,1,3000.0,-2.9974879034770936
isophon,92,1,4000.0,-0.905942974171495
isophon,92,1,6000.0,21.795034786461684
isophon,92,1,8000.0,-14.68941176452961
isophon,92,2,250.0,5.694620017413783
isophon,92,2,500.0,-11.095997524218248
isophon,92,2,750.0,-17.788433696934646
isophon,92,2,1000.0,0.8671235142341658
isophon,92,2,1500.0,3.1878971002521723
isophon,92,2,2000.0,2.302181376164455
isophon,92,2,3000.0,0.763059153776652
isophon,92,2,4000.0,-7.023460335695134
isophon,92,2,6000.0,3.3944703769350753
isophon,92,2,8000.0,-5.93893740908716
isophon,92,3,250.0,2.893389296006305
isophon,92,3,500.0,-9.212561350634076
isophon,92,3,750.0,-11.922653722725428
isophon,92,3,1000.0,-0.3781577885249021
isophon,92,3,1500.0,0.8507279975623021
isophon,92,3,2000.0,0.4669938406576364
isophon,92,3,3000.0,2.6976591399398018
isophon,92,3,4000.0,-4.144441567614976
isophon,92,3,6000.0,-2.7902657662846053
isophon,92,3,8000.0,-2.357285537789096
isophon,92,4,250.0,3.1074920392666314
isophon,92,4,500.0,-5.053726743231024
isophon,92,4,750.0,-10.578275445119914
isophon,92,4,1000.0,-1.6767524614590172
isophon,92,4,1500.0,0.3853445200264929
isophon,92,4,2000.0,-1.5590585555676029
isophon,92,4,3000.0,3.4718226307334135
isophon,92,4,4000.0,-2.4666510434439175
isophon,92,4,6000.0,-4.202244668936046
isophon,92,4,8000.0,-9.021718160324482
isophon,92,5,250.0,0.5566930890713166
isophon,92,5,500.0,-8.259375699529855
isophon,92,5,750.0,-12.065654115691117
isophon,92,5,1000.0,-6.3222390872336405
isophon,92,5,1500.0,-0.714141232866325
isophon,92,5,2000.0,-1.1644329809410863
isophon,92,5,3000.0,3.6862519520224737
isophon,92,5,4000.0,-2.1816421933462635
isophon,92,5,6000.0,-4.927610289905687
isophon,92,5,8000.0,-8.751112803273273
isophon,92,6,250.0,-5.032274844560732
isophon,92,6,500.0,-8.072392126267488
isophon,92,6,750.0,-10.338154297693094
isophon,92,6,1000.0,-5.677039846733621
isophon,92,6,1500.0,-1.7328899949617806
isophon,92,6,2000.0,-2.5414402035999046
isophon,92,6,3000.0,-2.5192682483973243
isophon,92,6,4000.0,-6.969830005617311
isophon,92,6,6000.0,-8.22760564960646
isophon,92,6,8000.0,-13.204824849462469
isophon,92,7,250.0,-3.264382541093937
isophon,92,7,500.0,-9.818330688476522
isophon,92,7,750.0,-8.771813562327026
isophon,92,7,1000.0,-7.513050361781239
isophon,92,7,1500.0,-1.8536146726233085
isophon,92,7,2000.0,-5.477577721900403
isophon,92,7,3000.0,-5.080951819314748
isophon,92,7,4000.0,-9.123624725341799
isophon,92,7,6000.0,-6.515861869833714
isophon,92,7,8000.0,-12.855679970743083
isophon,92,8,250.0,-5.060057335127098
isophon,92,8,500.0,-7.320843200683569
isophon,92,8,750.0,-6.502465539591157
isophon,92,8,1000.0,-4.777565791360644
isophon,92,8,1500.0,-1.232950001368863
isophon,92,8,2000.0,-3.9817587655507367
isophon,92,8,3000.0,-4.106104773880446
isophon,92,8,4000.0,-8.267445068359379
isophon,92,8,6000.0,-7.505317368303267
isophon,92,8,8000.0,-11.98562832868835
isophon,92,9,250.0,-7.4208607664687065
isophon,92,9,500.0,-6.510924377441384
isophon,92,9,750.0,-5.505116429512583
isophon,92,9,1000.0,-3.9179029662937523
isophon,92,9,1500.0,-0.28097577147454444
isophon,92,9,2000.0,-3.2114039966553065
isophon,92,9,3000.0,-2.4053625863804484
isophon,92,9,4000.0,-7.696818389892584
isophon,92,9,6000.0,-6.45137782393688
isophon,92,9,8000.0,-11.251855747448516
isophon,92,10,250.0,-5.497361755371088
isophon,92,10,500.0,-4.937471008300761
isophon,92,10,750.0,-4.479539720598808
isophon,92,10,1000.0,-3.2463250149148877
isophon,92,10,1500.0,-1.7451655382102729
isophon,92,10,2000.0,-2.0077547695588436
isophon,92,10,3000.0,-4.28909072875976
isophon,92,10,4000.0,-7.631955718994135
isophon,92,10,6000.0,-5.621328297119419
isophon,92,10,8000.0,-8.985961595598738
isophon,93,1,250.0,8.886620010199465
isophon,93,1,500.0,-1.2767547096619225
isophon,93,1,750.0,0.21309837802130005
isophon,93,1,1000.0,-3.8609080261198443
isophon,93,1,1500.0,7.071900623893441
isophon,93,1,2000.0,4.097335618086504
isophon,93,1,3000.0,-0.7190016990815593
isophon,93,1,4000.0,2.76247953184253
isophon,93,1,6000.0,-2.529260947501257
isophon,93,1,8000.0,-4.780585438687353
isophon,93,2,250.0,5.72496351259619
isophon,93,2,500.0,0.6045863583093194
isophon,93,2,750.0,-0.8935378630304456
isophon,93,2,1000.0,-4.110683611820079
isophon,93,2,1500.0,-3.3869939184688462
isophon,93,2,2000.0,-4.012946630958169
isophon,93,2,3000.0,1.6436414438349658
isophon,93,2,4000.0,1.191792145414098
isophon,93,2,6000.0,-0.550153106943867
isophon,93,2,8000.0,0.28360776004797117
isophon,93,3,250.0,5.7465112970506596
isophon,93,3,500.0,3.994276398439851
isophon,93,3,750.0,0.9295248362351742
isophon,93,3,1000.0,0.604155816638368
isophon,93,3,1500.0,0.9833189858583467
isophon,93,3,2000.0,-1.4818724255293318
isophon,93,3,3000.0,2.068793378267273
isophon,93,3,4000.0,1.8883922771489807
isophon,93,3,6000.0,-0.799087397665204
isophon,93,3,8000.0,-5.557896323259925
isophon,93,4,250.0,0.18653350481721986
isophon,93,4,500.0,4.349917448318337
isophon,93,4,750.0,-3.7253363621333904
isophon,93,4,1000.0,2.3976916533009103
isophon,93,4,1500.0,0.8694082521754041
isophon,93,4,2000.0,-0.8698067928991833
isophon,93,4,3000.0,0.6074593996635969
isophon,93,4,4000.0,3.076588463606157
isophon,93,4,6000.0,-4.959453441953286
isophon,93,4,8000.0,-11.295123702445522
isophon,93,5,250.0,0.12517984731314868
isophon,93,5,500.0,7.726486661357143
isophon,93,5,750.0,-0.29990919954882145
isophon,93,5,1000.0,5.713640829744591
isophon,93,5,1500.0,2.466099181969767
isophon,93,5,2000.0,-3.5175445948977853
isophon,93,5,3000.0,0.1701084576319829
isophon,93,5,4000.0,1.617390902934872
isophon,93,5,6000.0,-4.114661111309545
isophon,93,5,8000.0,-7.888452392130233
isophon,93,6,250.0,2.182478432102613
isophon,93,6,500.0,-2.6637749471033203
isophon,93,6,750.0,-5.532593591303737
isophon,93,6,1000.0,2.57440497687422
isophon,93,6,1500.0,1.446103094354882
isophon,93,6,2000.0,-1.6623041499613294
isophon,93,6,3000.0,-3.725528589033587
isophon,93,6,4000.0,-1.992047618642303
isophon,93,6,6000.0,-1.2928833129147677
isophon,93,6,8000.0,-4.212819131155314
isophon,93,7,250.0,-2.8082643205147235
isophon,93,7,500.0,0.009740363139655983
isophon,93,7,750.0,-1.420326542076623
isophon,93,7,1000.0,-0.15626862723178192
isophon,93,7,1500.0,-1.8326831489549988
isophon,93,7,2000.0,-1.628014723777227
isophon,93,7,3000.0,-1.1458873097718367
isophon,93,7,4000.0,-1.7035446740925835
isophon,93,7,6000.0,-4.059390556809589
isophon,93,7,8000.0,-4.443967952731967
isophon,93,8,250.0,-1.8156539179004483
isophon,93,8,500.0,-1.7995800479327926
isophon,93,8,750.0,-0.521003077263444
isophon,93,8,1000.0,0.05262139888445461
isophon,93,8,1500.0,0.28376212788532484
isophon,93,8,2000.0,-5.707408901293974
isophon,93,8,3000.0,-2.235205144646187
isophon,93,8,4000.0,-0.9620314719969087
isophon,93,8,6000.0,-2.5801872762677363
isophon,93,8,8000.0,-4.044198256649111
isophon,93,9,250.0,-1.8163987681672182
isophon,93,9,500.0,-0.2776313502721308
isophon,93,9,750.0,2.82722138498697
isophon,93,9,1000.0,1.710273265601856
isophon,93,9,1500.0,2.306795887724846
isophon,93,9,2000.0,-3.4894616608089706
isophon,93,9,3000.0,-1.337690664936801
isophon,93,9,4000.0,-2.9656024669175736
isophon,93,9,6000.0,-1.0291366484729139
isophon,93,9,8000.0,-3.8064719563203084
isophon,93,10,250.0,0.7095185946003966
isophon,93,10,500.0,1.7830816908999054
isophon,93,10,750.0,4.727897679454813
isophon,93,10,1000.0,6.39137071643222
isophon,93,10,1500.0,5.323932347644472
isophon,93,10,2000.0,-0.9918425460867013
isophon,93,10,3000.0,-0.7327460480449304
isophon,93,10,4000.0,-2.3874833783752507
isophon,93,10,6000.0,1.0614429028530026
isophon,93,10,8000.0,-1.030658437022126
isophon,94,1,250.0,-4.075845891146685
isophon,94,1,500.0,10.503012296832381
isophon,94,1,750.0,5.877625410602718
isophon,94,1,1000.0,3.582380601808609
isophon,94,1,1500.0,22.199979310278646
isophon,94,1,2000.0,12.744694730512805
isophon,94,1,3000.0,11.647147724458733
isophon,94,1,4000.0,1.666436867534955
isophon,94,1,6000.0,3.3578253149584825
isophon,94,1,8000.0,-10.291886808157386
isophon,94,2,250.0,-0.8677246765187476
isophon,94,2,500.0,-3.4699900391368033
isophon,94,2,750.0,4.9401881465543624
isophon,94,2,1000.0,2.334534871540768
isophon,94,2,1500.0,16.87630816652002
isophon,94,2,2000.0,8.06854175582896
isophon,94,2,3000.0,-5.5139847109033155
isophon,94,2,4000.0,-1.2839267611846878
isophon,94,2,6000.0,6.836284436749402
isophon,94,2,8000.0,-10.02551654255079
isophon,94,3,250.0,-1.0814302615416977
isophon,94,3,500.0,-1.6588311233697652
isophon,94,3,750.0,-0.13216894739363738
isophon,94,3,1000.0,2.6435028808143244
isophon,94,3,1500.0,11.16207681736951
isophon,94,3,2000.0,5.464257161512272
isophon,94,3,3000.0,-1.652679022955084
isophon,94,3,4000.0,1.4841941762515773
isophon,94,3,6000.0,5.393792708778271
isophon,94,3,8000.0,-2.1635610354843706
isophon,94,4,250.0,2.694620895326949
isophon,94,4,500.0,-0.40062517883266935
isophon,94,4,750.0,-3.6527282389725
isophon,94,4,1000.0,0.4294873184282153
isophon,94,4,1500.0,2.418842639429002
isophon,94,4,2000.0,3.6112992299264732
isophon,94,4,3000.0,-2.9429221811371065
isophon,94,4,4000.0,3.608271419665499
isophon,94,4,6000.0,4.011642229128142
isophon,94,4,8000.0,0.898327305350243
isophon,94,5,250.0,7.612011176837811
isophon,94,5,500.0,-5.099071377596957
isophon,94,5,750.0,-0.5983649103972795
isophon,94,5,1000.0,-1.3962170331051027
isophon,94,5,1500.0,-4.2257267430820775
isophon,94,5,2000.0,1.6386060822111546
isophon,94,5,3000.0,-4.349494174327091
isophon,94,5,4000.0,0.1240686420575372
isophon,94,5,6000.0,-0.5281677066813586
isophon,94,5,8000.0,0.14657192233028127
isophon,94,6,250.0,-1.8648799194981223
isophon,94,6,500.0,4.114629645725387
isophon,94,6,750.0,8.517477415855936
isophon,94,6,1000.0,6.182007809164475
isophon,94,6,1500.0,5.492548039100797
isophon,94,6,2000.0,9.491227472062533
isophon,94,6,3000.0,1.2258320127776017
isophon,94,6,4000.0,2.322376205837884
isophon,94,6,6000.0,1.8715781320672278
isophon,94,6,8000.0,-4.391374174442262
isophon,94,7,250.0,0.20730158618714256
isophon,94,7,500.0,-1.8156322444227158
isophon,94,7,750.0,6.957957555022816
isophon,94,7,1000.0,9.869649328905169
isophon,94,7,1500.0,6.862964859591756
isophon,94,7,2000.0,9.483913486279619
isophon,94,7,3000.0,0.6496867276138971
isophon,94,7,4000.0,1.1447802055020446
isophon,94,7,6000.0,4.583047502143458
isophon,94,7,8000.0,-0.6529947221096677
isophon,94,8,250.0,-0.28938076244034505
isophon,94,8,500.0,-0.18617215963307387
isophon,94,8,750.0,2.76069083692704
isophon,94,8,1000.0,5.219926658905592
isophon,94,8,1500.0,5.099101630122377
isophon,94,8,2000.0,8.389197576330346
isophon,94,8,3000.0,0.7853807241329207
isophon,94,8,4000.0,5.729280313026791
isophon,94,8,6000.0,5.649342325032265
isophon,94,8,8000.0,0.08635314421530893
isophon,94,9,250.0,-0.6339082774593123
isophon,94,9,500.0,0.052263706773359786
isophon,94,9,750.0,0.44638366533519047
isophon,94,9,1000.0,0.5747327760820582
isophon,94,9,1500.0,4.18500807038663
isophon,94,9,2000.0,6.071393347579871
isophon,94,9,3000.0,-6.080669755943191
isophon,94,9,4000.0,7.467150480908302
isophon,94,9,6000.0,4.215954483821278
isophon,94,9,8000.0,0.10915513634346041
isophon,94,10,250.0,-1.8344342320655471
isophon,94,10,500.0,-2.0550528667121597
isophon,94,10,750.0,0.8674134476177073
isophon,94,10,1000.0,-6.044802542400959
isophon,94,10,1500.0,5.986262219691426
isophon,94,10,2000.0,1.5123036846230207
isophon,94,10,3000.0,-11.351138927517624
isophon,94,10,4000.0,7.226976491128582
isophon,94,10,6000.0,1.4228803961315037
isophon,94,10,8000.0,-2.0618810907228635
isophon,95,1,250.0,-10.051991739218451
isophon,95,1,500.0,-2.0503854012960403
isophon,95,1,750.0,-1.3768316773066829
isophon,95,1,1000.0,7.837368392906086
isophon,95,1,1500.0,3.630859667876237
isophon,95,1,2000.0,-2.3880777285975654
isophon,95,1,3000.0,22.12300807952881
isophon,95,1,4000.0,15.070664710998535
isophon,95,1,6000.0,-4.8093343747715664
isophon,95,1,8000.0,-14.756855108054296
isophon,95,2,250.0,-11.248723993811055
isophon,95,2,500.0,2.5056684779116694
isophon,95,2,750.0,2.3369789495115327
isophon,95,2,1000.0,-2.070918714163895
isophon,95,2,1500.0,5.227143779630666
isophon,95,2,2000.0,2.8675153410981906
isophon,95,2,3000.0,11.010317190059794
isophon,95,2,4000.0,1.5919615936279286
isophon,95,2,6000.0,-5.292332712102407
isophon,95,2,8000.0,-27.55164368350289
isophon,95,3,250.0,-0.4900158369361236
isophon,95,3,500.0,4.747262378341517
isophon,95,3,750.0,2.3521117055177285
isophon,95,3,1000.0,-1.292504760429054
isophon,95,3,1500.0,2.607572028619302
isophon,95,3,2000.0,4.854148215546317
isophon,95,3,3000.0,4.025259556159902
isophon,95,3,4000.0,1.6407996724827854
isophon,95,3,6000.0,-3.6760438670859372
isophon,95,3,8000.0,-20.72765808698456
isophon,95,4,250.0,9.925561728278169
isophon,95,4,500.0,1.8243285979475417
isophon,95,4,750.0,1.5338990947815745
isophon,95,4,1000.0,3.092501860944978
isophon,95,4,1500.0,-1.293596351646471
isophon,95,4,2000.0,-5.428011587590603
isophon,95,4,3000.0,1.558604927057246
isophon,95,4,4000.0,2.403629302538505
isophon,95,4,6000.0,0.10451766348563751
isophon,95,4,8000.0,-12.36379575449142
isophon,95,5,250.0,16.019171217362754
isophon,95,5,500.0,5.295988878995232
isophon,95,5,750.0,5.565308158856936
isophon,95,5,1000.0,7.69739883440019
isophon,95,5,1500.0,3.9131942366614396
isophon,95,5,2000.0,-1.1667806430160539
isophon,95,5,3000.0,0.337129613425148
isophon,95,5,4000.0,6.448276597289507
isophon,95,5,6000.0,5.0108181461177
isophon,95,5,8000.0,-6.5605084909685445
isophon,95,6,250.0,7.278869755681001
isophon,95,6,500.0,9.18962380001166
isophon,95,6,750.0,10.950939651000468
isophon,95,6,1000.0,5.533229316695923
isophon,95,6,1500.0,-7.705718207251778
isophon,95,6,2000.0,-9.141002853413212
isophon,95,6,3000.0,-2.39141613502224
isophon,95,6,4000.0,3.7988927393216017
isophon,95,6,6000.0,5.7104717398350715
isophon,95,6,8000.0,-0.5553251859344641
isophon,95,7,250.0,6.538065377323292
isophon,95,7,500.0,9.902722743699215
isophon,95,7,750.0,9.637444614477658
isophon,95,7,1000.0,7.190774433360232
isophon,95,7,1500.0,-7.330476043711457
isophon,95,7,2000.0,-10.690114959193266
isophon,95,7,3000.0,-1.78931611057736
isophon,95,7,4000.0,1.6232875207730615
isophon,95,7,6000.0,4.985528000610955
isophon,95,7,8000.0,-3.158302848618348
isophon,95,8,250.0,6.59290893854579
isophon,95,8,500.0,1.8232422009508156
isophon,95,8,750.0,8.995942821153292
isophon,95,8,1000.0,4.412664906209358
isophon,95,8,1500.0,-6.901395369384318
isophon,95,8,2000.0,-8.964112414530035
isophon,95,8,3000.0,-5.561935341328152
isophon,95,8,4000.0,-1.9072729243262216
isophon,95,8,6000.0,3.8432120384601944
isophon,95,8,8000.0,-2.7291169261093415
isophon,95,9,250.0,6.273015500767059
isophon,95,9,500.0,-1.602130200576653
isophon,95,9,750.0,6.9141833215703485
isophon,95,9,1000.0,2.972114654473174
isophon,95,9,1500.0,-5.99077040025702
isophon,95,9,2000.0,-7.401723069859514
isophon,95,9,3000.0,-9.588923578520095
isophon,95,9,4000.0,-5.442170974184307
isophon,95,9,6000.0,4.467469377540922
isophon,95,9,8000.0,-3.372083370474968
isophon,95,10,250.0,2.4978375418035768
isophon,95,10,500.0,-0.5945990867094224
isophon,95,10,750.0,6.444423557114561
isophon,95,10,1000.0,2.3866930616857474
isophon,95,10,1500.0,-5.014404639241079
isophon,95,10,2000.0,-6.031753663128171
isophon,95,10,3000.0,-9.138928985595697
isophon,95,10,4000.0,-4.94904368536595
isophon,95,10,6000.0,4.581454987497622
isophon,95,10,8000.0,-2.5521967762920497
isophon,96,1,250.0,22.045635510443418
isophon,96,1,500.0,-5.516562883184591
isophon,96,1,750.0,-1.9508067521082637
isophon,96,1,1000.0,5.164006600828259
isophon,96,1,1500.0,1.1195052377823913
isophon,96,1,2000.0,-0.8683466114064231
isophon,96,1,3000.0,-2.180508583255289
isophon,96,1,4000.0,-0.1915420340812375
isophon,96,1,6000.0,7.9834253157016235
isophon,96,1,8000.0,-13.221099164358861
isophon,96,2,250.0,10.503251118690287
isophon,96,2,500.0,-8.92785711284131
isophon,96,2,750.0,-15.059104451509327
isophon,96,2,1000.0,1.47450010049279
isophon,96,2,1500.0,4.845333296133219
isophon,96,2,2000.0,4.6809425554357915
isophon,96,2,3000.0,-2.372545810262153
isophon,96,2,4000.0,-7.979760654909654
isophon,96,2,6000.0,5.227198733240996
isophon,96,2,8000.0,-2.987813284531441
isophon,96,3,250.0,5.484044392421339
isophon,96,3,500.0,-7.172003489305965
isophon,96,3,750.0,-9.745299206823077
isophon,96,3,1000.0,-0.663581510714593
isophon,96,3,1500.0,1.4730391078212648
isophon,96,3,2000.0,3.726052181245933
isophon,96,3,3000.0,1.149989841093145
isophon,96,3,4000.0,-3.9971595802352766
isophon,96,3,6000.0,0.5708276270814565
isophon,96,3,8000.0,2.6632067732407023
isophon,96,4,250.0,4.3614290282346815
isophon,96,4,500.0,-4.762955258856053
isophon,96,4,750.0,-9.073358709953737
isophon,96,4,1000.0,-2.7022150747012716
isophon,96,4,1500.0,-0.5073073068713541
isophon,96,4,2000.0,3.4573472753663026
isophon,96,4,3000.0,3.2538929584419236
isophon,96,4,4000.0,-2.5725969295674105
isophon,96,4,6000.0,-1.659029705465386
isophon,96,4,8000.0,-1.4253825066541737
isophon,96,5,250.0,2.0340431668212204
isophon,96,5,500.0,-7.2258826575376816
isophon,96,5,750.0,-11.26226866471221
isophon,96,5,1000.0,-7.491889012196964
isophon,96,5,1500.0,-1.6057243087350344
isophon,96,5,2000.0,3.12294612255738
isophon,96,5,3000.0,3.5589279773206357
isophon,96,5,4000.0,-1.6511623104043878
isophon,96,5,6000.0,-2.5444955922180554
isophon,96,5,8000.0,-2.442544793106137
isophon,96,6,250.0,-5.1075914924436745
isophon,96,6,500.0,-7.7594496213846895
isophon,96,6,750.0,-9.932951802953312
isophon,96,6,1000.0,-7.0663729350284825
isophon,96,6,1500.0,-2.9706060042875606
isophon,96,6,2000.0,1.251148963182871
isophon,96,6,3000.0,-1.3853775114277482
isophon,96,6,4000.0,-5.867884962278538
isophon,96,6,6000.0,-5.755770235365048
isophon,96,6,8000.0,-6.694358200029811
isophon,96,7,250.0,-4.5471091842640305
isophon,96,7,500.0,-10.18735305786133
isophon,96,7,750.0,-9.469385268452626
isophon,96,7,1000.0,-8.424686228844607
isophon,96,7,1500.0,-2.7535717312575088
isophon,96,7,2000.0,-0.8990349043450294
isophon,96,7,3000.0,-3.875585887976328
isophon,96,7,4000.0,-7.862926193552667
isophon,96,7,6000.0,-4.9546413622169325
isophon,96,7,8000.0,-6.371678718872531
isophon,96,8,250.0,-5.928029571634312
isophon,96,8,500.0,-9.539394836425785
isophon,96,8,750.0,-7.746381968888585
isophon,96,8,1000.0,-6.059220615769576
isophon,96,8,1500.0,-1.6493150836209338
isophon,96,8,2000.0,0.7821686567686754
isophon,96,8,3000.0,-2.3743298939034503
isophon,96,8,4000.0,-6.272063936797323
isophon,96,8,6000.0,-6.59305757970553
isophon,96,8,8000.0,-6.025198251155146
isophon,96,9,250.0,-6.331207543765558
isophon,96,9,500.0,-9.569636383056647
isophon,96,9,750.0,-7.149813172935481
isophon,96,9,1000.0,-4.886270063993791
isophon,96,9,1500.0,-0.2945631870146599
isophon,96,9,2000.0,2.052722777347796
isophon,96,9,3000.0,0.11438859639746113
isophon,96,9,4000.0,-4.947971505502579
isophon,96,9,6000.0,-5.873132519018483
isophon,96,9,8000.0,-6.237301470375058
isophon,96,10,250.0,-5.063622520477281
isophon,96,10,500.0,-7.292722320556635
isophon,96,10,750.0,-5.977246772171384
isophon,96,10,1000.0,-4.580974819517408
isophon,96,10,1500.0,-0.8723610069370977
isophon,96,10,2000.0,3.6236187489513583
isophon,96,10,3000.0,-0.014512662334908555
isophon,96,10,4000.0,-4.244810273986786
isophon,96,10,6000.0,-5.23819146500027
isophon,96,10,8000.0,-5.242491600115386
isophon,97,1,250.0,-2.3969587503167986
isophon,97,1,500.0,-6.984423959531824
isophon,97,1,750.0,-7.9977601280604205
isophon,97,1,1000.0,1.2979773062441495
isophon,97,1,1500.0,6.41168524704505
isophon,97,1,2000.0,-1.1599236920975358
isophon,97,1,3000.0,-2.455661625701971
isophon,97,1,4000.0,-15.980375666034007
isophon,97,1,6000.0,-2.583641308881198
isophon,97,1,8000.0,-3.0915865950717887
isophon,97,2,250.0,1.841591770439095
isophon,97,2,500.0,5.782470684226155
isophon,97,2,750.0,-1.9257550325182535
isophon,97,2,1000.0,-0.3401502172361148
isophon,97,2,1500.0,5.932047378634508
isophon,97,2,2000.0,-3.231892132222555
isophon,97,2,3000.0,-2.9688472243284707
isophon,97,2,4000.0,0.5053679695198241
isophon,97,2,6000.0,-0.17745167261519157
isophon,97,2,8000.0,-0.1316290490187555
isophon,97,3,250.0,4.975085255628471
isophon,97,3,500.0,4.659063568136489
isophon,97,3,750.0,-5.776336622813375
isophon,97,3,1000.0,-3.2116951873778987
isophon,97,3,1500.0,2.7164176483029365
isophon,97,3,2000.0,1.9336755208091745
isophon,97,3,3000.0,1.0363535813355895
isophon,97,3,4000.0,4.728237445613672
isophon,97,3,6000.0,1.4321867210693426
isophon,97,3,8000.0,3.4751647742234297
isophon,97,4,250.0,6.479071298626025
isophon,97,4,500.0,6.754745033891027
isophon,97,4,750.0,-0.7376029554052508
isophon,97,4,1000.0,-0.03080767330102674
isophon,97,4,1500.0,0.9755708832056484
isophon,97,4,2000.0,-2.0230082485321645
isophon,97,4,3000.0,0.576023592901123
isophon,97,4,4000.0,-1.6714584088161928
isophon,97,4,6000.0,-0.9143337976439483
isophon,97,4,8000.0,-1.585933827118339
isophon,97,5,250.0,-5.036582220446249
isophon,97,5,500.0,-2.8495370336403028
isophon,97,5,750.0,-2.919726182040236
isophon,97,5,1000.0,-6.562311627196777
isophon,97,5,1500.0,-3.169642261855074
isophon,97,5,2000.0,-4.340637724249646
isophon,97,5,3000.0,0.26656408662050524
isophon,97,5,4000.0,-2.038814846296418
isophon,97,5,6000.0,-3.1539364249656785
isophon,97,5,8000.0,0.7438176072078306
isophon,97,6,250.0,2.5130226076819753
isophon,97,6,500.0,-4.131551602409459
isophon,97,6,750.0,-3.339238715170751
isophon,97,6,1000.0,-6.781316810811532
isophon,97,6,1500.0,-5.12201682524497
isophon,97,6,2000.0,-0.808722984137205
isophon,97,6,3000.0,1.9744818340123516
isophon,97,6,4000.0,1.1990098519370065
isophon,97,6,6000.0,-0.19455102049258244
isophon,97,6,8000.0,0.602428891437313
isophon,97,7,250.0,3.626460772486041
isophon,97,7,500.0,-0.28805923606715567
isophon,97,7,750.0,0.16494800137596144
isophon,97,7,1000.0,-1.9903864748089148
isophon,97,7,1500.0,-3.5622803242661263
isophon,97,7,2000.0,-1.7015592438581848
isophon,97,7,3000.0,4.813007072049459
isophon,97,7,4000.0,1.8681395127976685
isophon,97,7,6000.0,0.9165077436735345
isophon,97,7,8000.0,1.1261042759587951
isophon,97,8,250.0,4.300730388660497
isophon,97,8,500.0,1.8415864986324237
isophon,97,8,750.0,0.8983991486933292
isophon,97,8,1000.0,-2.4576744885132626
isophon,97,8,1500.0,-3.191290347691023
isophon,97,8,2000.0,0.4157318721534011
isophon,97,8,3000.0,1.3218107853856083
isophon,97,8,4000.0,3.5638084962706245
isophon,97,8,6000.0,1.8944065512796442
isophon,97,8,8000.0,-1.0077099609374187
isophon,97,9,250.0,4.323890342740796
isophon,97,9,500.0,3.2313326797810475
isophon,97,9,750.0,1.2903731511661647
isophon,97,9,1000.0,-1.5168490830126444
isophon,97,9,1500.0,-3.2938239758316996
isophon,97,9,2000.0,1.126177353989661
isophon,97,9,3000.0,-2.0016584777832094
isophon,97,9,4000.0,4.510853679536382
isophon,97,9,6000.0,2.4849716539396383
isophon,97,9,8000.0,0.22984786987311168
isophon,97,10,250.0,5.907796307066221
isophon,97,10,500.0,2.6886510318736043
isophon,97,10,750.0,2.4804433581875287
isophon,97,10,1000.0,-1.0289808948759855
isophon,97,10,1500.0,-1.132240870017128
isophon,97,10,2000.0,-1.2535034565245269
isophon,97,10,3000.0,-0.6308303833007756
isophon,97,10,4000.0,4.902945287070125
isophon,97,10,6000.0,0.1684709983782824
isophon,97,10,8000.0,0.793325805664125
isophon,98,1,250.0,9.212886469938695
isophon,98,1,500.0,15.779390188876214
isophon,98,1,750.0,20.570324005276177
isophon,98,1,1000.0,-5.246255247936773
isophon,98,1,1500.0,16.880193000892362
isophon,98,1,2000.0,16.534494199528723
isophon,98,1,3000.0,-4.407554382961848
isophon,98,1,4000.0,-10.611387565742177
isophon,98,1,6000.0,-4.544140363415153
isophon,98,1,8000.0,-17.095016710946254
isophon,98,2,250.0,-1.031254901622276
isophon,98,2,500.0,2.3303701685626095
isophon,98,2,750.0,2.765497391388422
isophon,98,2,1000.0,-2.9980005588594025
isophon,98,2,1500.0,-3.9615455678195133
isophon,98,2,2000.0,-0.5054744956854478
isophon,98,2,3000.0,1.3285951761705093
isophon,98,2,4000.0,1.7676709698530146
isophon,98,2,6000.0,-3.870724471503067
isophon,98,2,8000.0,-13.52120531312221
isophon,98,3,250.0,2.4223136300565784
isophon,98,3,500.0,0.09689566314848719
isophon,98,3,750.0,1.216599948862708
isophon,98,3,1000.0,-0.28072928810743747
isophon,98,3,1500.0,-1.5852832152423986
isophon,98,3,2000.0,0.2132126573201134
isophon,98,3,3000.0,1.4204539480946323
isophon,98,3,4000.0,4.1879462525983655
isophon,98,3,6000.0,-1.9420349761291789
isophon,98,3,8000.0,-12.543732887335779
isophon,98,4,250.0,0.873388863895542
isophon,98,4,500.0,0.7554958764264228
isophon,98,4,750.0,-3.5136795098115243
isophon,98,4,1000.0,0.7811579189238103
isophon,98,4,1500.0,0.4242583253825103
isophon,98,4,2000.0,-4.808604445062315
isophon,98,4,3000.0,2.1194608339397263
isophon,98,4,4000.0,4.527838258263543
isophon,98,4,6000.0,-0.3323219475364141
isophon,98,4,8000.0,-8.993676256276416
isophon,98,5,250.0,-1.0318585829672031
isophon,98,5,500.0,-1.0269033989861214
isophon,98,5,750.0,-5.838258407794271
isophon,98,5,1000.0,-0.7016211643281451
isophon,98,5,1500.0,-1.5610466771722713
isophon,98,5,2000.0,-5.7855954647022685
isophon,98,5,3000.0,1.865007338253065
isophon,98,5,4000.0,4.4704586677851665
isophon,98,5,6000.0,-2.7076844342583257
isophon,98,5,8000.0,-11.635252322535365
isophon,98,6,250.0,-3.227356599139597
isophon,98,6,500.0,-8.519666057802937
isophon,98,6,750.0,-7.346666350344336
isophon,98,6,1000.0,0.07120735740036821
isophon,98,6,1500.0,-2.008992258444408
isophon,98,6,2000.0,-7.1462972317798545
isophon,98,6,3000.0,-1.3276810267123977
isophon,98,6,4000.0,4.571084109799287
isophon,98,6,6000.0,-4.768599075163607
isophon,98,6,8000.0,-11.201834163730013
isophon,98,7,250.0,-7.355567410973293
isophon,98,7,500.0,-6.157297208563691
isophon,98,7,750.0,-5.924395905293267
isophon,98,7,1000.0,-2.681852204071717
isophon,98,7,1500.0,-5.286914924654553
isophon,98,7,2000.0,-8.754899698718432
isophon,98,7,3000.0,-2.367150077132777
isophon,98,7,4000.0,4.345958610593286
isophon,98,7,6000.0,-4.448015135829053
isophon,98,7,8000.0,-12.052295850314309
isophon,98,8,250.0,-4.327483098561231
isophon,98,8,500.0,-7.6342582966915415
isophon,98,8,750.0,-7.689013328717124
isophon,98,8,1000.0,-4.932492028034318
isophon,98,8,1500.0,-7.16401503072764
isophon,98,8,2000.0,-6.9253453177493896
isophon,98,8,3000.0,-2.163799781767466
isophon,98,8,4000.0,5.065220567098962
isophon,98,8,6000.0,-4.708738539710154
isophon,98,8,8000.0,-11.969031843190663
isophon,98,9,250.0,-2.740475358797937
isophon,98,9,500.0,-6.777425401912296
isophon,98,9,750.0,-6.215478415130889
isophon,98,9,1000.0,-6.135096588134772
isophon,98,9,1500.0,-5.952111512310225
isophon,98,9,2000.0,-5.557358376621707
isophon,98,9,3000.0,-2.5237814360695268
isophon,98,9,4000.0,5.385243747500681
isophon,98,9,6000.0,-4.230807895737868
isophon,98,9,8000.0,-12.417107075149772
isophon,98,10,250.0,0.2521372136910145
isophon,98,10,500.0,-4.745063474265066
isophon,98,10,750.0,-4.978461932670442
isophon,98,10,1000.0,-3.4027839660644474
isophon,98,10,1500.0,-4.06679134302928
isophon,98,10,2000.0,-4.154070159116941
isophon,98,10,3000.0,-1.212522005329376
isophon,98,10,4000.0,5.663443679362061
isophon,98,10,6000.0,-3.579295262592254
isophon,98,10,8000.0,-12.179418813738636
isophon,99,1,250.0,-34.500937320756236
isophon,99,1,500.0,-15.719182231524442
isophon,99,1,750.0,-2.679774843697004
isophon,99,1,1000.0,-5.6982722697057895
isophon,99,1,1500.0,-9.5774618681248
isophon,99,1,2000.0,6.723944410947496
isophon,99,1,3000.0,-4.8105179805528735
isophon,99,1,4000.0,-4.562720697424112
isophon,99,1,6000.0,2.9003176753282105
isophon,99,1,8000.0,9.576339061701958
isophon,99,2,250.0,-19.593111289818765
isophon,99,2,500.0,-17.995595871383628
isophon,99,2,750.0,6.419850864336919
isophon,99,2,1000.0,-4.125667037495418
isophon,99,2,1500.0,-6.810304650552382
isophon,99,2,2000.0,8.57344947209613
isophon,99,2,3000.0,0.8559362875217289
isophon,99,2,4000.0,7.526405025129037
isophon,99,2,6000.0,8.031688627228618
isophon,99,2,8000.0,1.7657070769402452
isophon,99,3,250.0,-18.82476554976931
isophon,99,3,500.0,-10.64497387713216
isophon,99,3,750.0,6.876234437720186
isophon,99,3,1000.0,3.4338895175628608
isophon,99,3,1500.0,-1.8714568457124727
isophon,99,3,2000.0,11.707265757755849
isophon,99,3,3000.0,-0.4802589198907157
isophon,99,3,4000.0,7.690712097042791
isophon,99,3,6000.0,-0.2218637515180859
isophon,99,3,8000.0,-3.507827001564621
isophon,99,4,250.0,-13.187106994792046
isophon,99,4,500.0,-5.4122106717395155
isophon,99,4,750.0,4.842510573943144
isophon,99,4,1000.0,6.227091650386498
isophon,99,4,1500.0,-5.842067986514877
isophon,99,4,2000.0,4.346308239674443
isophon,99,4,3000.0,-7.878195418475968
isophon,99,4,4000.0,-1.3197805962559244
isophon,99,4,6000.0,-3.309494745257993
isophon,99,4,8000.0,-4.586689851083861
isophon,99,5,250.0,-10.247141685890398
isophon,99,5,500.0,0.6654596714243084
isophon,99,5,750.0,2.14255057046897
isophon,99,5,1000.0,8.536968999914208
isophon,99,5,1500.0,-4.254878857269048
isophon,99,5,2000.0,7.10277522871813
isophon,99,5,3000.0,-7.330228595149407
isophon,99,5,4000.0,0.6398814131370187
isophon,99,5,6000.0,-2.023476940469763
isophon,99,5,8000.0,-2.745046008569119
isophon,99,6,250.0,-1.446115454907968
isophon,99,6,500.0,3.5835462846414288
isophon,99,6,750.0,1.5833140216213621
isophon,99,6,1000.0,5.757616238957667
isophon,99,6,1500.0,-3.717848751538213
isophon,99,6,2000.0,5.064728615813067
isophon,99,6,3000.0,-3.456694411475624
isophon,99,6,4000.0,0.7946335826653552
isophon,99,6,6000.0,-4.070079454799426
isophon,99,6,8000.0,-13.644397493073981
isophon,99,7,250.0,3.490490264172962
isophon,99,7,500.0,-1.739166772270579
isophon,99,7,750.0,-2.1987255684506692
isophon,99,7,1000.0,5.252848701832747
isophon,99,7,1500.0,-1.0565001165878556
isophon,99,7,2000.0,6.197283330547933
isophon,99,7,3000.0,-1.6952339262327882
isophon,99,7,4000.0,2.3403657128836244
isophon,99,7,6000.0,-0.5536018592347887
isophon,99,7,8000.0,-11.327358043094065
isophon,99,8,250.0,0.771954042435155
isophon,99,8,500.0,-2.14542684672557
isophon,99,8,750.0,-2.8448602819717053
isophon,99,8,1000.0,1.5737038068762388
isophon,99,8,1500.0,-2.0737073930602037
isophon,99,8,2000.0,8.75957106028163
isophon,99,8,3000.0,0.9226848179036438
isophon,99,8,4000.0,3.117526062629153
isophon,99,8,6000.0,1.3812618592714756
isophon,99,8,8000.0,-9.660430867107607
isophon,99,9,250.0,-1.0787677243588831
isophon,99,9,500.0,-5.508968917447945
isophon,99,9,750.0,-3.914381558969609
isophon,99,9,1000.0,-2.8798438995480353
isophon,99,9,1500.0,-4.426673063173865
isophon,99,9,2000.0,9.657536380139945
isophon,99,9,3000.0,2.6826888676610707
isophon,99,9,4000.0,3.6704226673980003
isophon,99,9,6000.0,2.1475326443090665
isophon,99,9,8000.0,-7.149296661631823
isophon,99,10,250.0,6.20430471373993
isophon,99,10,500.0,-0.8167583774454386
isophon,99,10,750.0,0.05161196197400386
isophon,99,10,1000.0,-0.6910687764268744
isophon,99,10,1500.0,-3.812418689629723
isophon,99,10,2000.0,7.4662059079131495
isophon,99,10,3000.0,-0.13979466081332248
isophon,99,10,4000.0,0.7246677226352745
isophon,99,10,6000.0,-4.316097399424592
isophon,99,10,8000.0,-14.116515490398555
isophon,100,1,250.0,-4.066646716212119
isophon,100,1,500.0,-18.075383209350093
isophon,100,1,750.0,-25.073446557921244
isophon,100,1,1000.0,-17.574917728874397
isophon,100,1,1500.0,3.7379744064720626
isophon,100,1,2000.0,-0.32832519869455723
isophon,100,1,3000.0,-5.584008716524366
isophon,100,1,4000.0,-5.220300486912741
isophon,100,1,6000.0,1.3566014819322447
isophon,100,1,8000.0,6.369219141556144
isophon,100,2,250.0,4.17046154790269
isophon,100,2,500.0,-5.130424310714233
isophon,100,2,750.0,-8.656632000723079
isophon,100,2,1000.0,-1.393539102227436
isophon,100,2,1500.0,8.495053937689875
isophon,100,2,2000.0,8.24502241343049
isophon,100,2,3000.0,3.96096007893388
isophon,100,2,4000.0,5.9288030546544945
isophon,100,2,6000.0,14.83870960974997
isophon,100,2,8000.0,19.26169812052769
isophon,100,3,250.0,7.717961854391703
isophon,100,3,500.0,3.7914163646864125
isophon,100,3,750.0,2.960147655015078
isophon,100,3,1000.0,-0.2876460631755151
isophon,100,3,1500.0,8.852516982905485
isophon,100,3,2000.0,13.793976237531766
isophon,100,3,3000.0,9.50515588747426
isophon,100,3,4000.0,5.370987637815759
isophon,100,3,6000.0,15.252654777162064
isophon,100,3,8000.0,19.58090880494666
isophon,100,4,250.0,8.601100234038398
isophon,100,4,500.0,6.373900381458469
isophon,100,4,750.0,6.695386712224675
isophon,100,4,1000.0,4.000663827655373
isophon,100,4,1500.0,13.887743567470324
isophon,100,4,2000.0,17.40098456826199
isophon,100,4,3000.0,9.747779998883544
isophon,100,4,4000.0,6.733616615610288
isophon,100,4,6000.0,11.839240430958114
isophon,100,4,8000.0,23.96575481445646
isophon,100,5,250.0,3.161460180225319
isophon,100,5,500.0,4.965485510045241
isophon,100,5,750.0,2.363996726760689
isophon,100,5,1000.0,2.78042414786772
isophon,100,5,1500.0,14.207517089476653
isophon,100,5,2000.0,16.462697190989104
isophon,100,5,3000.0,11.150815438370813
isophon,100,5,4000.0,4.914023949201621
isophon,100,5,6000.0,9.153530661093825
isophon,100,5,8000.0,21.472694644860653
isophon,100,6,250.0,2.2847112806212095
isophon,100,6,500.0,-1.6213849312442363
isophon,100,6,750.0,-1.982251158084594
isophon,100,6,1000.0,-3.8103926660106
isophon,100,6,1500.0,8.354592678575813
isophon,100,6,2000.0,14.630867826897202
isophon,100,6,3000.0,10.519596417294778
isophon,100,6,4000.0,0.09123019928645704
isophon,100,6,6000.0,5.702350711320705
isophon,100,6,8000.0,19.53683261911368
isophon,100,7,250.0,-1.7038170972875548
isophon,100,7,500.0,-0.47864071279721543
isophon,100,7,750.0,-0.5545760386021072
isophon,100,7,1000.0,-5.018163664148332
isophon,100,7,1500.0,6.226358551696137
isophon,100,7,2000.0,11.245956170263526
isophon,100,7,3000.0,7.5263819925187505
isophon,100,7,4000.0,-5.0836901826633465
isophon,100,7,6000.0,5.595472547850619
isophon,100,7,8000.0,20.068350634215705
isophon,100,8,250.0,1.7855204619636282
isophon,100,8,500.0,2.614612525342764
isophon,100,8,750.0,1.6251155280417464
isophon,100,8,1000.0,-0.7132970929842344
isophon,100,8,1500.0,5.920847264002532
isophon,100,8,2000.0,8.641852964050841
isophon,100,8,3000.0,1.752692062530329
isophon,100,8,4000.0,-9.215476807137804
isophon,100,8,6000.0,5.44190411057059
isophon,100,8,8000.0,19.416443929055518
isophon,100,9,250.0,4.20741364080456
isophon,100,9,500.0,4.618200513743375
isophon,100,9,750.0,4.618633441287471
isophon,100,9,1000.0,0.9426019346456513
isophon,100,9,1500.0,5.154595762007517
isophon,100,9,2000.0,5.508283714338461
isophon,100,9,3000.0,-8.484290897137555
isophon,100,9,4000.0,-9.287156959558317
isophon,100,9,6000.0,5.178401779529054
isophon,100,9,8000.0,18.521193877444233
isophon,100,10,250.0,-0.7606650880473467
isophon,100,10,500.0,-4.1346760590553515
isophon,100,10,750.0,-5.746782658823889
isophon,100,10,1000.0,-4.019967318078727
isophon,100,10,1500.0,3.0382489499308463
isophon,100,10,2000.0,4.052839334261392
isophon,100,10,3000.0,-5.727763960132023
isophon,100,10,4000.0,-7.824500568553347
isophon,100,10,6000.0,6.14245446362429
isophon,100,10,8000.0,20.581632749935267
isophon,101,1,250.0,-15.156861507785642
isophon,101,1,500.0,-11.312698578932498
isophon,101,1,750.0,0.8982605877173739
isophon,101,1,1000.0,2.946300982954938
isophon,101,1,1500.0,1.5515594025033437
isophon,101,1,2000.0,-3.2715519864667897
isophon,101,1,3000.0,10.575988727148967
isophon,101,1,4000.0,10.824286022212334
isophon,101,1,6000.0,-4.094405947374881
isophon,101,1,8000.0,-2.0595592609827804
isophon,101,2,250.0,-9.192891200815438
isophon,101,2,500.0,0.42314220387551416
isophon,101,2,750.0,-0.4666828260215894
isophon,101,2,1000.0,4.381534952849265
isophon,101,2,1500.0,3.3237498489911843
isophon,101,2,2000.0,-5.05179003876399
isophon,101,2,3000.0,3.698312995642709
isophon,101,2,4000.0,-5.790063044023299
isophon,101,2,6000.0,8.425047823255696
isophon,101,2,8000.0,-3.124838782142092
isophon,101,3,250.0,-2.6448943566527845
isophon,101,3,500.0,-4.007007553247547
isophon,101,3,750.0,-3.3969044050083426
isophon,101,3,1000.0,-2.8990417917194407
isophon,101,3,1500.0,3.8127520590857884
isophon,101,3,2000.0,0.2872835606054025
isophon,101,3,3000.0,0.5585325544905118
isophon,101,3,4000.0,-3.6235345211344736
isophon,101,3,6000.0,-0.19583120809082288
isophon,101,3,8000.0,1.3120959325935644
isophon,101,4,250.0,1.4244892913991691
isophon,101,4,500.0,-5.87240509188787
isophon,101,4,750.0,-4.2663818737512855
isophon,101,4,1000.0,-2.5468741955394307
isophon,101,4,1500.0,-4.1257341454285665
isophon,101,4,2000.0,0.527574547311275
isophon,101,4,3000.0,1.6174336174843233
isophon,101,4,4000.0,0.3342469010456455
isophon,101,4,6000.0,-0.6911261344385196
isophon,101,4,8000.0,0.10924761379698111
isophon,101,5,250.0,-2.0768032263519274
isophon,101,5,500.0,1.6853730232759006
isophon,101,5,750.0,1.889049626343322
isophon,101,5,1000.0,-1.2060297198277539
isophon,101,5,1500.0,0.06581058450669275
isophon,101,5,2000.0,0.32144569678280277
isophon,101,5,3000.0,-1.1924579424426724
isophon,101,5,4000.0,3.617590537113074
isophon,101,5,6000.0,2.0046406719650065
isophon,101,5,8000.0,2.6851332794425247
isophon,101,6,250.0,-12.365344877223222
isophon,101,6,500.0,2.8691404547100348
isophon,101,6,750.0,4.252817740277564
isophon,101,6,1000.0,2.67831839768877
isophon,101,6,1500.0,1.225370167136603
isophon,101,6,2000.0,5.170317759392205
isophon,101,6,3000.0,0.32172386728903746
isophon,101,6,4000.0,0.6394585752822479
isophon,101,6,6000.0,1.8071439334253512
isophon,101,6,8000.0,1.831351030165294
isophon,101,7,250.0,-9.110733951469697
isophon,101,7,500.0,2.3384997725025443
isophon,101,7,750.0,3.7790684928047966
isophon,101,7,1000.0,3.2477156404212337
isophon,101,7,1500.0,1.0528429606246021
isophon,101,7,2000.0,5.203562808864305
isophon,101,7,3000.0,2.7063576374939657
isophon,101,7,4000.0,1.7255717221225666
isophon,101,7,6000.0,1.3218635455881866
isophon,101,7,8000.0,2.903558424156543
isophon,101,8,250.0,-9.270534278652491
isophon,101,8,500.0,1.0404889437649132
isophon,101,8,750.0,3.306449912612919
isophon,101,8,1000.0,-0.935167384792507
isophon,101,8,1500.0,-2.5916448199815108
isophon,101,8,2000.0,5.831693642251338
isophon,101,8,3000.0,0.5886205245209908
isophon,101,8,4000.0,1.831303898580316
isophon,101,8,6000.0,0.17836559664914375
isophon,101,8,8000.0,-0.8040994361132618
isophon,101,9,250.0,-9.700043472908021
isophon,101,9,500.0,-0.19417113066391778
isophon,101,9,750.0,0.8784100007231928
isophon,101,9,1000.0,-2.9464164512944677
isophon,101,9,1500.0,-3.3133303510853978
isophon,101,9,2000.0,4.9334048194367455
isophon,101,9,3000.0,-1.7212588630348051
isophon,101,9,4000.0,0.21175105864151078
isophon,101,9,6000.0,-1.3982145237969945
isophon,101,9,8000.0,-4.521446422072742
isophon,101,10,250.0,-5.470903201905259
isophon,101,10,500.0,0.4337903454047023
isophon,101,10,750.0,2.388565429766018
isophon,101,10,1000.0,-5.876879932077472
isophon,101,10,1500.0,-5.442557486965171
isophon,101,10,2000.0,4.765854814649316
isophon,101,10,3000.0,-1.1373398670398558
isophon,101,10,4000.0,-4.778392439834448
isophon,101,10,6000.0,-4.549774217769766
isophon,101,10,8000.0,-2.93809182804587
isophon,102,1,250.0,17.945489470282467
isophon,102,1,500.0,-5.541081925837176
isophon,102,1,750.0,2.252557142105104
isophon,102,1,1000.0,-6.333384443497323
isophon,102,1,1500.0,-1.460287980597407
isophon,102,1,2000.0,-1.653718157083233
isophon,102,1,3000.0,-0.8571008899658352
isophon,102,1,4000.0,-9.979817897802832
isophon,102,1,6000.0,-7.344077751948049
isophon,102,1,8000.0,-14.82216213904519
isophon,102,2,250.0,10.281570176586982
isophon,102,2,500.0,-5.21115595739613
isophon,102,2,750.0,-2.26588410021742
isophon,102,2,1000.0,-3.6102504277915557
isophon,102,2,1500.0,-2.476707737080659
isophon,102,2,2000.0,-0.9775857666184606
isophon,102,2,3000.0,0.3440714224926893
isophon,102,2,4000.0,2.3578510651664146
isophon,102,2,6000.0,-2.365035511217144
isophon,102,2,8000.0,-7.272844461301915
isophon,102,3,250.0,10.238232143569377
isophon,102,3,500.0,-2.1969709108936257
isophon,102,3,750.0,-3.578979719611013
isophon,102,3,1000.0,-0.69411260678811
isophon,102,3,1500.0,0.40030001717880737
isophon,102,3,2000.0,1.7552361554376716
isophon,102,3,3000.0,2.182724458810526
isophon,102,3,4000.0,4.079938716962147
isophon,102,3,6000.0,-0.6601023464049831
isophon,102,3,8000.0,-10.357720134861665
isophon,102,4,250.0,5.3094469789115095
isophon,102,4,500.0,-2.9857644672126327
isophon,102,4,750.0,-2.996319412781588
isophon,102,4,1000.0,0.14047606328405493
isophon,102,4,1500.0,0.06533504425115666
isophon,102,4,2000.0,2.3440040030036755
isophon,102,4,3000.0,1.4426374764351806
isophon,102,4,4000.0,5.9866920664871515
isophon,102,4,6000.0,-1.882650353438919
isophon,102,4,8000.0,-13.1091297927059
isophon,102,5,250.0,4.3611711715007715
isophon,102,5,500.0,-1.809820605112705
isophon,102,5,750.0,-1.4508089079804876
isophon,102,5,1000.0,2.0133887855707684
isophon,102,5,1500.0,0.6938137282456012
isophon,102,5,2000.0,-1.6018020261023622
isophon,102,5,3000.0,0.03205198686350741
isophon,102,5,4000.0,1.7667625012135915
isophon,102,5,6000.0,-1.541227872580592
isophon,102,5,8000.0,-9.936882583170544
isophon,102,6,250.0,4.840578262802524
isophon,102,6,500.0,-6.299939521885037
isophon,102,6,750.0,-8.544132583111121
isophon,102,6,1000.0,-2.506559448912398
isophon,102,6,1500.0,-1.4020942549093007
isophon,102,6,2000.0,-1.3888179085003571
isophon,102,6,3000.0,-2.441219848583472
isophon,102,6,4000.0,-1.2325937973862153
isophon,102,6,6000.0,0.6683332449264583
isophon,102,6,8000.0,-5.966179182071457
isophon,102,7,250.0,-1.9952122823804928
isophon,102,7,500.0,-4.260422881915872
isophon,102,7,750.0,-6.26909705320044
isophon,102,7,1000.0,-6.078893192278954
isophon,102,7,1500.0,-5.7933586129194055
isophon,102,7,2000.0,-1.5352050930563905
isophon,102,7,3000.0,-0.47099990785669377
isophon,102,7,4000.0,-1.3918351817173686
isophon,102,7,6000.0,-3.6129950203030887
isophon,102,7,8000.0,-5.962107107083881
isophon,102,8,250.0,-2.420807988643105
isophon,102,8,500.0,-5.847272044829907
isophon,102,8,750.0,-6.870512814774472
isophon,102,8,1000.0,-7.144006416582059
isophon,102,8,1500.0,-3.564886267968447
isophon,102,8,2000.0,-5.11952051292802
isophon,102,8,3000.0,-1.4941647312141129
isophon,102,8,4000.0,-0.11547977281880151
isophon,102,8,6000.0,-2.5213621049045116
isophon,102,8,8000.0,-5.799774660776961
isophon,102,9,250.0,-2.4342618960671842
isophon,102,9,500.0,-5.401146775203628
isophon,102,9,750.0,-4.937606603516272
isophon,102,9,1000.0,-5.877249450490794
isophon,102,9,1500.0,-1.6360473662606125
isophon,102,9,2000.0,-2.931671033799276
isophon,102,9,3000.0,0.08636211631439039
isophon,102,9,4000.0,-0.894828674255578
isophon,102,9,6000.0,-1.6592219233354228
isophon,102,9,8000.0,-5.944948658580003
isophon,102,10,250.0,-0.5750378632114064
isophon,102,10,500.0,-3.333031120556157
isophon,102,10,750.0,-3.2728556961651236
isophon,102,10,1000.0,-2.128816645352103
isophon,102,10,1500.0,1.3331136238255539
isophon,102,10,2000.0,-0.5091397286174271
isophon,102,10,3000.0,0.9236862155962484
isophon,102,10,4000.0,-0.13844903443121837
isophon,102,10,6000.0,0.07171195485206283
isophon,102,10,8000.0,-3.298554904916898
isophon,103,1,250.0,9.997398536567598
isophon,103,1,500.0,-19.245083367610526
isophon,103,1,750.0,-18.651941949160374
isophon,103,1,1000.0,13.46771639146425
isophon,103,1,1500.0,-5.33987048956002
isophon,103,1,2000.0,-22.863744600554625
isophon,103,1,3000.0,-6.331663623859242
isophon,103,1,4000.0,18.88958748808119
isophon,103,1,6000.0,17.25285744609519
isophon,103,1,8000.0,67.04913815950204
isophon,103,2,250.0,-2.621248900873951
isophon,103,2,500.0,2.357561045970357
isophon,103,2,750.0,-12.400176033324342
isophon,103,2,1000.0,3.8475596118773865
isophon,103,2,1500.0,3.2719285280394814
isophon,103,2,2000.0,0.24731940496855032
isophon,103,2,3000.0,15.694628649073664
isophon,103,2,4000.0,23.43302657412289
isophon,103,2,6000.0,25.543134746523066
isophon,103,2,8000.0,60.47350095705306
isophon,103,3,250.0,-0.31307778262053887
isophon,103,3,500.0,9.141123261829982
isophon,103,3,750.0,-4.518619363780871
isophon,103,3,1000.0,-0.49473126268758705
isophon,103,3,1500.0,0.24383131878715147
isophon,103,3,2000.0,-0.47664820580638434
isophon,103,3,3000.0,9.3592450628757
isophon,103,3,4000.0,19.428966247886123
isophon,103,3,6000.0,24.904317426326642
isophon,103,3,8000.0,62.0856863944927
isophon,103,4,250.0,-5.287933103951573
isophon,103,4,500.0,12.982664603585121
isophon,103,4,750.0,2.872044242824799
isophon,103,4,1000.0,0.5871186819066594
isophon,103,4,1500.0,2.1290869937855064
isophon,103,4,2000.0,-3.306625773589147
isophon,103,4,3000.0,-0.5192524302447197
isophon,103,4,4000.0,12.90210883548312
isophon,103,4,6000.0,22.419256406887072
isophon,103,4,8000.0,60.95995452321377
isophon,103,5,250.0,-0.8497566639675398
isophon,103,5,500.0,-2.0756229761637712
isophon,103,5,750.0,-6.5259317535210215
isophon,103,5,1000.0,-5.017706871062998
isophon,103,5,1500.0,0.8384980994052
isophon,103,5,2000.0,-5.38826464550381
isophon,103,5,3000.0,0.0045548985942645
isophon,103,5,4000.0,13.399809026825125
isophon,103,5,6000.0,19.022234310125526
isophon,103,5,8000.0,51.45072781730319
isophon,103,6,250.0,-5.4904676475977965
isophon,103,6,500.0,-9.21350404535977
isophon,103,6,750.0,-7.116438972631514
isophon,103,6,1000.0,1.5844050767314286
isophon,103,6,1500.0,3.887658867614846
isophon,103,6,2000.0,0.6576488410158987
isophon,103,6,3000.0,1.9526466386544854
isophon,103,6,4000.0,13.367976968674995
isophon,103,6,6000.0,15.394847414644133
isophon,103,6,8000.0,37.07081959928195
isophon,103,7,250.0,-3.2312639137078776
isophon,103,7,500.0,-5.9472072678081105
isophon,103,7,750.0,-4.058322389899061
isophon,103,7,1000.0,4.776541611208572
isophon,103,7,1500.0,5.722285261546489
isophon,103,7,2000.0,-1.8369008991038953
isophon,103,7,3000.0,-1.7633166887800087
isophon,103,7,4000.0,5.0117047084419255
isophon,103,7,6000.0,12.751799021148216
isophon,103,7,8000.0,34.94090668058608
isophon,103,8,250.0,-3.4584855384916864
isophon,103,8,500.0,-7.7429567177997995
isophon,103,8,750.0,-4.9621778629391144
isophon,103,8,1000.0,5.080446556429365
isophon,103,8,1500.0,4.987570177072399
isophon,103,8,2000.0,-1.1918971761841846
isophon,103,8,3000.0,-1.4619319024950244
isophon,103,8,4000.0,5.842892231168221
isophon,103,8,6000.0,12.777880365289377
isophon,103,8,8000.0,29.156084218331344
isophon,103,9,250.0,-2.2093476903637423
isophon,103,9,500.0,-7.159161808745338
isophon,103,9,750.0,-5.18376073415682
isophon,103,9,1000.0,7.31561208483285
isophon,103,9,1500.0,5.466389225510994
isophon,103,9,2000.0,-0.07478462893993765
isophon,103,9,3000.0,-1.7315494422917794
isophon,103,9,4000.0,6.080881224491733
isophon,103,9,6000.0,12.765139685216468
isophon,103,9,8000.0,21.131935622937164
isophon,103,10,250.0,1.4307436392736577
isophon,103,10,500.0,-6.078330260058493
isophon,103,10,750.0,-5.805677656772801
isophon,103,10,1000.0,1.8261613093697946
isophon,103,10,1500.0,-3.596811268936392
isophon,103,10,2000.0,-1.5092147975070986
isophon,103,10,3000.0,2.8027183492583703
isophon,103,10,4000.0,7.943036491433801
isophon,103,10,6000.0,13.430095673475677
isophon,103,10,8000.0,15.91047950293543
isophon,104,1,250.0,-8.40377036843985
isophon,104,1,500.0,-17.307004036199288
isophon,104,1,750.0,-14.414990325435326
isophon,104,1,1000.0,-21.75838680391223
isophon,104,1,1500.0,-13.183174461293675
isophon,104,1,2000.0,1.9261443179090634
isophon,104,1,3000.0,5.651959449732743
isophon,104,1,4000.0,1.6509425368485964
isophon,104,1,6000.0,-11.359445575274236
isophon,104,1,8000.0,-13.434058224749691
isophon,104,2,250.0,-6.327799358191285
isophon,104,2,500.0,1.3722251065545379
isophon,104,2,750.0,-1.9728200443343553
isophon,104,2,1000.0,-5.1945419772804655
isophon,104,2,1500.0,0.7542102030839999
isophon,104,2,2000.0,-0.6156978792143519
isophon,104,2,3000.0,0.9117265337136473
isophon,104,2,4000.0,-1.971232219039905
isophon,104,2,6000.0,-2.5785007816220116
isophon,104,2,8000.0,-6.3792939910047295
isophon,104,3,250.0,-3.8760626262203317
isophon,104,3,500.0,5.703089339859247
isophon,104,3,750.0,2.4965733512865143
isophon,104,3,1000.0,-1.9951623352396695
isophon,104,3,1500.0,-1.8288119548643351
isophon,104,3,2000.0,-0.9180864133513467
isophon,104,3,3000.0,2.059245272527548
isophon,104,3,4000.0,2.3797403761749365
isophon,104,3,6000.0,1.3303105144970289
isophon,104,3,8000.0,-4.835261373378586
isophon,104,4,250.0,0.44990831265411657
isophon,104,4,500.0,7.134268024901317
isophon,104,4,750.0,3.6335404358235195
isophon,104,4,1000.0,-0.12897711230768039
isophon,104,4,1500.0,-3.0188989573577487
isophon,104,4,2000.0,-3.469016914551972
isophon,104,4,3000.0,3.6415549364203486
isophon,104,4,4000.0,1.2600670668487624
isophon,104,4,6000.0,1.8617797374905223
isophon,104,4,8000.0,-1.6039864877613041
isophon,104,5,250.0,1.2956814231979763
isophon,104,5,500.0,9.97292132159766
isophon,104,5,750.0,-0.3323518075527545
isophon,104,5,1000.0,-8.727107083806473
isophon,104,5,1500.0,-5.798839504360274
isophon,104,5,2000.0,-3.724064659145128
isophon,104,5,3000.0,-1.8560464815657411
isophon,104,5,4000.0,-1.7243689152294053
isophon,104,5,6000.0,2.209854810640678
isophon,104,5,8000.0,-2.8521792302828572
isophon,104,6,250.0,0.8237395477340925
isophon,104,6,500.0,6.0833251081053845
isophon,104,6,750.0,-0.21804740900695663
isophon,104,6,1000.0,-4.429913934507994
isophon,104,6,1500.0,0.2306017064474588
isophon,104,6,2000.0,1.324125629813878
isophon,104,6,3000.0,1.516480083156182
isophon,104,6,4000.0,-5.336659782722535
isophon,104,6,6000.0,-7.315581214729335
isophon,104,6,8000.0,-9.875334595995952
isophon,104,7,250.0,-1.841400069979585
isophon,104,7,500.0,4.4465567469971745
isophon,104,7,750.0,0.2943255198541692
isophon,104,7,1000.0,-4.464756797006714
isophon,104,7,1500.0,-1.1135341959163156
isophon,104,7,2000.0,1.1179481434189285
isophon,104,7,3000.0,1.6940493344354763
isophon,104,7,4000.0,-4.206522719190033
isophon,104,7,6000.0,-5.983754478137868
isophon,104,7,8000.0,-11.002685930578522
isophon,104,8,250.0,1.1425315406834358
isophon,104,8,500.0,4.098124380461101
isophon,104,8,750.0,1.2811085570061636
isophon,104,8,1000.0,-0.8724496056407531
isophon,104,8,1500.0,1.377174898386258
isophon,104,8,2000.0,2.64937171461672
isophon,104,8,3000.0,-1.9506834918599196
isophon,104,8,4000.0,-9.731282246298306
isophon,104,8,6000.0,-9.713435822072015
isophon,104,8,8000.0,-13.57975255517502
isophon,104,9,250.0,3.0331980165594814
isophon,104,9,500.0,2.8068348915719668
isophon,104,9,750.0,3.5580501703445577
isophon,104,9,1000.0,-0.32843524038358396
isophon,104,9,1500.0,3.7072402645422784
isophon,104,9,2000.0,2.3880735891042377
isophon,104,9,3000.0,-5.432576930113541
isophon,104,9,4000.0,-15.211293067198994
isophon,104,9,6000.0,-11.459047287073574
isophon,104,9,8000.0,-12.674238317154789
isophon,104,10,250.0,-10.204085008881378
isophon,104,10,500.0,4.980620373994242
isophon,104,10,750.0,5.001795984946767
isophon,104,10,1000.0,0.38179867592516814
isophon,104,10,1500.0,3.3307849181096003
isophon,104,10,2000.0,1.0897477381461016
isophon,104,10,3000.0,-7.08821189325235
isophon,104,10,4000.0,-14.06744537353515
isophon,104,10,6000.0,-13.40034171689922
isophon,104,10,8000.0,-10.693477548975423
isophon,105,1,250.0,-18.622283361131053
isophon,105,1,500.0,14.248771141812014
isophon,105,1,750.0,16.420521626886327
isophon,105,1,1000.0,6.80574891436771
isophon,105,1,1500.0,12.689895034059752
isophon,105,1,2000.0,6.430913722878074
isophon,105,1,3000.0,4.8396966798765675
isophon,105,1,4000.0,-15.475816966349356
isophon,105,1,6000.0,5.520195999787916
isophon,105,1,8000.0,-17.62504013461256
isophon,105,2,250.0,2.593996771191648
isophon,105,2,500.0,9.225422052165584
isophon,105,2,750.0,4.988085809280655
isophon,105,2,1000.0,5.2563673990584405
isophon,105,2,1500.0,9.578842171501506
isophon,105,2,2000.0,0.09247941401468296
isophon,105,2,3000.0,-6.916427044905959
isophon,105,2,4000.0,-5.511846060816666
isophon,105,2,6000.0,-0.7572358018564387
isophon,105,2,8000.0,-17.51597595179139
isophon,105,3,250.0,-1.836270904319207
isophon,105,3,500.0,4.21342641488561
isophon,105,3,750.0,0.672384197881442
isophon,105,3,1000.0,-2.367658751564207
isophon,105,3,1500.0,6.365967190509906
isophon,105,3,2000.0,4.169543421424237
isophon,105,3,3000.0,-0.012286003210533636
isophon,105,3,4000.0,-4.1517442353222265
isophon,105,3,6000.0,4.476821173291313
isophon,105,3,8000.0,-13.1788873824718
isophon,105,4,250.0,-5.753196391854729
isophon,105,4,500.0,2.7500234464073543
isophon,105,4,750.0,-1.1591561908394254
isophon,105,4,1000.0,-3.001885483738974
isophon,105,4,1500.0,4.355776985180086
isophon,105,4,2000.0,4.302815552677657
isophon,105,4,3000.0,-1.3935797221835173
isophon,105,4,4000.0,-3.8288222799280334
isophon,105,4,6000.0,2.2818402762016063
isophon,105,4,8000.0,-9.47371678830369
isophon,105,5,250.0,-0.7686315565143929
isophon,105,5,500.0,0.46037056795387343
isophon,105,5,750.0,0.9644676577487843
isophon,105,5,1000.0,0.12761217862865237
isophon,105,5,1500.0,4.192158908127226
isophon,105,5,2000.0,4.406068320553416
isophon,105,5,3000.0,0.09043961922245103
isophon,105,5,4000.0,-0.19679205391372534
isophon,105,5,6000.0,-1.1009534146838007
isophon,105,5,8000.0,-5.9895959197174875
isophon,105,6,250.0,2.060939334100425
isophon,105,6,500.0,8.870441863376527
isophon,105,6,750.0,6.51984022249863
isophon,105,6,1000.0,2.6052787123844894
isophon,105,6,1500.0,-0.2641630312127461
isophon,105,6,2000.0,0.03200644216339299
isophon,105,6,3000.0,-0.946526926273819
isophon,105,6,4000.0,-0.012331223796820723
isophon,105,6,6000.0,3.5848244020508417
isophon,105,6,8000.0,-0.7504681787732181
isophon,105,7,250.0,1.8270578876667969
isophon,105,7,500.0,7.77971705849626
isophon,105,7,750.0,8.098917104481316
isophon,105,7,1000.0,5.350904476177135
isophon,105,7,1500.0,2.7930007743910608
isophon,105,7,2000.0,2.5608368686432215
isophon,105,7,3000.0,3.1344472246982917
isophon,105,7,4000.0,3.079252710418487
isophon,105,7,6000.0,5.692634081693086
isophon,105,7,8000.0,-0.1677739631260664
isophon,105,8,250.0,-1.218233287751076
isophon,105,8,500.0,7.273821245146053
isophon,105,8,750.0,8.212207097785026
isophon,105,8,1000.0,4.989171535110756
isophon,105,8,1500.0,1.7854198194346225
isophon,105,8,2000.0,3.550355399224017
isophon,105,8,3000.0,6.8682430487759945
isophon,105,8,4000.0,3.8664772043732114
isophon,105,8,6000.0,4.6063532740794955
isophon,105,8,8000.0,1.481668334887786
isophon,105,9,250.0,-1.4391899031569295
isophon,105,9,500.0,9.115118579833663
isophon,105,9,750.0,8.496873175601309
isophon,105,9,1000.0,3.008622969265275
isophon,105,9,1500.0,0.9489198075534375
isophon,105,9,2000.0,2.4738823054121184
isophon,105,9,3000.0,8.157015144111739
isophon,105,9,4000.0,3.836831653559159
isophon,105,9,6000.0,6.271906262326468
isophon,105,9,8000.0,2.998472143542827
isophon,105,10,250.0,1.146644136060118
isophon,105,10,500.0,8.081384569875496
isophon,105,10,750.0,9.14468931035698
isophon,105,10,1000.0,2.2904068468216963
isophon,105,10,1500.0,2.5336100106217003
isophon,105,10,2000.0,0.6280998229980526
isophon,105,10,3000.0,4.237431198270528
isophon,105,10,4000.0,3.990846258768215
isophon,105,10,6000.0,6.316051749609684
isophon,105,10,8000.0,4.036879777213812
isophon,106,1,250.0,-11.366885997419331
isophon,106,1,500.0,-13.747367335003247
isophon,106,1,750.0,-6.667758084975539
isophon,106,1,1000.0,-3.5678858777418796
isophon,106,1,1500.0,-7.385418152616978
isophon,106,1,2000.0,-13.059027346379189
isophon,106,1,3000.0,18.61951776009962
isophon,106,1,4000.0,8.754103624422164
isophon,106,1,6000.0,-14.341633328512636
isophon,106,1,8000.0,-4.821480843510628
isophon,106,2,250.0,-8.49752501944188
isophon,106,2,500.0,-5.93357916385105
isophon,106,2,750.0,1.0821746787538302
isophon,106,2,1000.0,4.642621070086896
isophon,106,2,1500.0,1.500998187579789
isophon,106,2,2000.0,1.640067277789889
isophon,106,2,3000.0,3.683702017624306
isophon,106,2,4000.0,3.5178739373063266
isophon,106,2,6000.0,-19.167831789409377
isophon,106,2,8000.0,-2.973442445291397
isophon,106,3,250.0,2.6165475356598336
isophon,106,3,500.0,-2.89091580713054
isophon,106,3,750.0,-0.9957966921362953
isophon,106,3,1000.0,4.558145968590878
isophon,106,3,1500.0,0.6997090383243361
isophon,106,3,2000.0,-0.395402844691084
isophon,106,3,3000.0,-5.055187919341222
isophon,106,3,4000.0,-0.020024915722956393
isophon,106,3,6000.0,-9.014186092117583
isophon,106,3,8000.0,-2.728299924661826
isophon,106,4,250.0,11.568833241503171
isophon,106,4,500.0,-1.9242190778401067
isophon,106,4,750.0,-2.8356050978214995
isophon,106,4,1000.0,-0.7725111762937331
isophon,106,4,1500.0,-6.436311001265096
isophon,106,4,2000.0,-14.718998714455665
isophon,106,4,3000.0,-8.124815733484127
isophon,106,4,4000.0,-1.4541792650272782
isophon,106,4,6000.0,-5.019929659204124
isophon,106,4,8000.0,1.2130568281612426
isophon,106,5,250.0,1.8716110220345001
isophon,106,5,500.0,-5.793918300377612
isophon,106,5,750.0,1.7009591575221634
isophon,106,5,1000.0,6.181441852296203
isophon,106,5,1500.0,-2.716993331396452
isophon,106,5,2000.0,-11.817224616717311
isophon,106,5,3000.0,-7.6397642976629925
isophon,106,5,4000.0,-0.36377703844235043
isophon,106,5,6000.0,0.34323622816062027
isophon,106,5,8000.0,-1.7819856082515457
isophon,106,6,250.0,-3.5318068706597785
isophon,106,6,500.0,-1.2065755446858475
isophon,106,6,750.0,5.872327460113382
isophon,106,6,1000.0,9.36445004889596
isophon,106,6,1500.0,4.8010942425893575
isophon,106,6,2000.0,-4.459736539311805
isophon,106,6,3000.0,-0.8744293532209184
isophon,106,6,4000.0,5.003265370677127
isophon,106,6,6000.0,-2.390674150024523
isophon,106,6,8000.0,-4.741403216123587
isophon,106,7,250.0,-0.27173889304140175
isophon,106,7,500.0,1.4270090553239498
isophon,106,7,750.0,6.863437684599333
isophon,106,7,1000.0,4.915159925446545
isophon,106,7,1500.0,3.085253957313668
isophon,106,7,2000.0,-1.8193079588013603
isophon,106,7,3000.0,-1.1453255067681312
isophon,106,7,4000.0,3.9453605164602124
isophon,106,7,6000.0,-0.6716177053382495
isophon,106,7,8000.0,-2.4974477487689057
isophon,106,8,250.0,0.866253598707786
isophon,106,8,500.0,1.5327280723159902
isophon,106,8,750.0,7.896333807483899
isophon,106,8,1000.0,5.102496717961344
isophon,106,8,1500.0,3.8882388078248056
isophon,106,8,2000.0,-2.2823660087587285
isophon,106,8,3000.0,-2.313521960781415
isophon,106,8,4000.0,1.3993291217957733
isophon,106,8,6000.0,0.8767786062744136
isophon,106,8,8000.0,-0.8940242996903152
isophon,106,9,250.0,1.8283377249096446
isophon,106,9,500.0,1.8302964792236764
isophon,106,9,750.0,7.62464877896366
isophon,106,9,1000.0,6.95801438042227
isophon,106,9,1500.0,3.4600757960714645
isophon,106,9,2000.0,-0.48596201796280525
isophon,106,9,3000.0,-2.6512992818945236
isophon,106,9,4000.0,0.9045742245859998
isophon,106,9,6000.0,1.2730975897501224
isophon,106,9,8000.0,0.24922849014669168
isophon,106,10,250.0,3.858984534904664
isophon,106,10,500.0,4.070412892132481
isophon,106,10,750.0,5.053009792032313
isophon,106,10,1000.0,9.363736866442963
isophon,106,10,1500.0,4.752742308878325
isophon,106,10,2000.0,0.6483418230915419
isophon,106,10,3000.0,-0.06327793378598301
isophon,106,10,4000.0,2.0046162872943825
isophon,106,10,6000.0,2.4708818683944287
isophon,106,10,8000.0,1.5600803908418754
isophon,107,1,250.0,-4.808805718927033
isophon,107,1,500.0,-10.998427205412568
isophon,107,1,750.0,-13.255269315603783
isophon,107,1,1000.0,-14.84827334265006
isophon,107,1,1500.0,-17.54835940709883
isophon,107,1,2000.0,-15.56656685373828
isophon,107,1,3000.0,-5.769332580072842
isophon,107,1,4000.0,-5.764791553335158
isophon,107,1,6000.0,-0.56407505083925
isophon,107,1,8000.0,1.803853980245151
isophon,107,2,250.0,4.451861160730168
isophon,107,2,500.0,3.5592101916710703
isophon,107,2,750.0,-1.3459815210263457
isophon,107,2,1000.0,-4.190892256505606
isophon,107,2,1500.0,-1.8708202195131207
isophon,107,2,2000.0,-0.46785557358006713
isophon,107,2,3000.0,2.3985912481331013
isophon,107,2,4000.0,4.024876555701127
isophon,107,2,6000.0,2.442099953693571
isophon,107,2,8000.0,0.8575453686206203
isophon,107,3,250.0,2.8834067444556695
isophon,107,3,500.0,5.141324583605581
isophon,107,3,750.0,1.737058673310571
isophon,107,3,1000.0,0.6357384259727752
isophon,107,3,1500.0,0.16663764010640136
isophon,107,3,2000.0,0.008764026192437768
isophon,107,3,3000.0,-0.4466855305296775
isophon,107,3,4000.0,2.1140771333895287
isophon,107,3,6000.0,0.3818057004575053
isophon,107,3,8000.0,-1.6577640387247214
isophon,107,4,250.0,1.6577633786295678
isophon,107,4,500.0,3.3427910427224106
isophon,107,4,750.0,2.4948014085218517
isophon,107,4,1000.0,0.03262609029516739
isophon,107,4,1500.0,2.898447045637198
isophon,107,4,2000.0,0.8344178613915574
isophon,107,4,3000.0,-3.2573817067112287
isophon,107,4,4000.0,-3.9121990457594507
isophon,107,4,6000.0,-2.754133551398951
isophon,107,4,8000.0,-2.370195641732167
isophon,107,5,250.0,-2.6190577866173044
isophon,107,5,500.0,-0.20320158763495044
isophon,107,5,750.0,0.267271881474187
isophon,107,5,1000.0,-0.6242456318586278
isophon,107,5,1500.0,0.8617678826248039
isophon,107,5,2000.0,-1.087790036860497
isophon,107,5,3000.0,-3.017170119341287
isophon,107,5,4000.0,-3.104837148716456
isophon,107,5,6000.0,-4.8329664232852565
isophon,107,5,8000.0,-4.44421859026896
isophon,107,6,250.0,0.8542427066807079
isophon,107,6,500.0,0.7489799726320996
isophon,107,6,750.0,-0.2595427067229821
isophon,107,6,1000.0,0.028326194604971988
isophon,107,6,1500.0,4.080115030900728
isophon,107,6,2000.0,1.3189311920646247
isophon,107,6,3000.0,-1.837325365071166
isophon,107,6,4000.0,-0.9753939273784908
isophon,107,6,6000.0,-3.7847142338224984
isophon,107,6,8000.0,-2.2677083395007713
isophon,107,7,250.0,0.038098719017270355
isophon,107,7,500.0,1.66531077236327
isophon,107,7,750.0,1.3480555336908395
isophon,107,7,1000.0,2.098156874998651
isophon,107,7,1500.0,4.996741607597826
isophon,107,7,2000.0,3.4484134956631323
isophon,107,7,3000.0,-1.591544892126933
isophon,107,7,4000.0,-0.7755209786278385
isophon,107,7,6000.0,-3.296864767397949
isophon,107,7,8000.0,-2.1953849937737004
isophon,107,8,250.0,-0.625897321525116
isophon,107,8,500.0,4.8685042395530616
isophon,107,8,750.0,3.3488237574586606
isophon,107,8,1000.0,3.8699595631725856
isophon,107,8,1500.0,5.117067943666086
isophon,107,8,2000.0,4.074735969823564
isophon,107,8,3000.0,0.5500282313023206
isophon,107,8,4000.0,-0.8936593770949202
isophon,107,8,6000.0,-2.951688912186043
isophon,107,8,8000.0,-2.1339601200920413
isophon,107,9,250.0,-1.0779993385918658
isophon,107,9,500.0,4.748352462661586
isophon,107,9,750.0,4.389907894222318
isophon,107,9,1000.0,3.2969220297928956
isophon,107,9,1500.0,4.965423977740798
isophon,107,9,2000.0,4.780152105044593
isophon,107,9,3000.0,2.2008791779233405
isophon,107,9,4000.0,-1.0091717343785263
isophon,107,9,6000.0,-2.1844636373256634
isophon,107,9,8000.0,-1.9545359749573237
isophon,107,10,250.0,-3.1932423595762742
isophon,107,10,500.0,-1.1373185211297994
isophon,107,10,750.0,-1.410663021326144
isophon,107,10,1000.0,-1.9983896442902562
isophon,107,10,1500.0,-0.8776636242619418
isophon,107,10,2000.0,-1.6093571135389197
isophon,107,10,3000.0,-0.9647165332453227
isophon,107,10,4000.0,-3.097718728996554
isophon,107,10,6000.0,-3.479096262394549
isophon,107,10,8000.0,-5.850514369111991
isophon,108,1,250.0,24.640066939205873
isophon,108,1,500.0,-10.485512050981754
isophon,108,1,750.0,1.0202694296024788
isophon,108,1,1000.0,1.214331990646489
isophon,108,1,1500.0,-6.074153711838804
isophon,108,1,2000.0,-4.910098988808954
isophon,108,1,3000.0,-11.115747111974272
isophon,108,1,4000.0,6.729880269301617
isophon,108,1,6000.0,-4.390182005045503
isophon,108,1,8000.0,-17.913544106972978
isophon,108,2,250.0,3.2343809614048737
isophon,108,2,500.0,-8.17696866291444
isophon,108,2,750.0,-1.6794971031113306
isophon,108,2,1000.0,-9.498001413882108
isophon,108,2,1500.0,12.365781314467661
isophon,108,2,2000.0,3.718595894406647
isophon,108,2,3000.0,-5.6278738043046985
isophon,108,2,4000.0,-0.6860843887080819
isophon,108,2,6000.0,-0.6959492586529947
isophon,108,2,8000.0,-8.438715267550705
isophon,108,3,250.0,1.8809344968427837
isophon,108,3,500.0,-0.9203408676599452
isophon,108,3,750.0,-0.6609347418436755
isophon,108,3,1000.0,0.8689566581797621
isophon,108,3,1500.0,6.930722602977951
isophon,108,3,2000.0,-1.8844964056582114
isophon,108,3,3000.0,-2.712642877329017
isophon,108,3,4000.0,6.516277472564255
isophon,108,3,6000.0,1.7311360446180402
isophon,108,3,8000.0,-6.868257771184503
isophon,108,4,250.0,-5.905638322502369
isophon,108,4,500.0,-2.258637022076897
isophon,108,4,750.0,-0.7415255017489244
isophon,108,4,1000.0,1.9256227838439486
isophon,108,4,1500.0,-0.051973571103673066
isophon,108,4,2000.0,-6.181409511119767
isophon,108,4,3000.0,-3.483084285310582
isophon,108,4,4000.0,0.743199583180612
isophon,108,4,6000.0,1.9919606062655646
isophon,108,4,8000.0,-6.042599295492153
isophon,108,5,250.0,2.962460955463996
isophon,108,5,500.0,3.365881704543554
isophon,108,5,750.0,0.5096744046216628
isophon,108,5,1000.0,-1.8709402458614477
isophon,108,5,1500.0,-3.1512467251611724
isophon,108,5,2000.0,-6.088224230654546
isophon,108,5,3000.0,-0.21280586041784488
isophon,108,5,4000.0,3.720741793692767
isophon,108,5,6000.0,7.5096655950513735
isophon,108,5,8000.0,0.24052627508132218
isophon,108,6,250.0,0.019762222557773157
isophon,108,6,500.0,4.376246922786777
isophon,108,6,750.0,4.911109080888451
isophon,108,6,1000.0,5.977700624509936
isophon,108,6,1500.0,2.6232885809110797
isophon,108,6,2000.0,1.4752133999054564
isophon,108,6,3000.0,2.047362252697326
isophon,108,6,4000.0,5.274407040019014
isophon,108,6,6000.0,7.4803535656606925
isophon,108,6,8000.0,6.354097029808116
isophon,108,7,250.0,-4.297468707584301
isophon,108,7,500.0,0.7186303848183968
isophon,108,7,750.0,1.053645193474992
isophon,108,7,1000.0,-0.5532957923347226
isophon,108,7,1500.0,-0.1658776009729621
isophon,108,7,2000.0,-2.9813798215919576
isophon,108,7,3000.0,0.025915323102964294
isophon,108,7,4000.0,4.797619226973268
isophon,108,7,6000.0,5.234543913485965
isophon,108,7,8000.0,2.448530156585022
isophon,108,8,250.0,-1.2390446001003426
isophon,108,8,500.0,1.5867100496439974
isophon,108,8,750.0,2.3470885544862767
isophon,108,8,1000.0,-1.7463074791379398
isophon,108,8,1500.0,-2.3197357968890913
isophon,108,8,2000.0,-6.391883724441328
isophon,108,8,3000.0,-1.3885209904580194
isophon,108,8,4000.0,3.6304733876661857
isophon,108,8,6000.0,2.2258092940824667
isophon,108,8,8000.0,-0.285548930541097
isophon,108,9,250.0,0.5715224651776509
isophon,108,9,500.0,3.3992485476388055
isophon,108,9,750.0,3.8521334887972927
isophon,108,9,1000.0,-0.06575181430511634
isophon,108,9,1500.0,-1.6566284168488465
isophon,108,9,2000.0,-4.503636209905025
isophon,108,9,3000.0,-0.37276313013778406
isophon,108,9,4000.0,0.43849959387871706
isophon,108,9,6000.0,-0.04319230313485889
isophon,108,9,8000.0,-3.4634686355496314
isophon,108,10,250.0,3.1956998517021447
isophon,108,10,500.0,6.242574729007046
isophon,108,10,750.0,5.533350223447059
isophon,108,10,1000.0,3.9374892177506524
isophon,108,10,1500.0,0.827930499374034
isophon,108,10,2000.0,-1.432404395504932
isophon,108,10,3000.0,1.6118215070104185
isophon,108,10,4000.0,-1.0255078575823404
isophon,108,10,6000.0,0.18005075613976373
isophon,108,10,8000.0,-8.768997157742731
isophon,109,1,250.0,6.067677278509976
isophon,109,1,500.0,0.8538545499244634
isophon,109,1,750.0,-12.37979949731195
isophon,109,1,1000.0,-0.5798036482609561
isophon,109,1,1500.0,3.4409027891971533
isophon,109,1,2000.0,-6.438053682518088
isophon,109,1,3000.0,-10.165147576579727
isophon,109,1,4000.0,-4.9155636998047285
isophon,109,1,6000.0,-18.498094948325786
isophon,109,1,8000.0,-9.133053286107582
isophon,109,2,250.0,-4.213372970618991
isophon,109,2,500.0,-10.36532961888308
isophon,109,2,750.0,-11.898754823527483
isophon,109,2,1000.0,0.7366562522322866
isophon,109,2,1500.0,-5.038665055403769
isophon,109,2,2000.0,1.1388051024339703
isophon,109,2,3000.0,-5.710170176191937
isophon,109,2,4000.0,-4.830713642930476
isophon,109,2,6000.0,-12.751614792612145
isophon,109,2,8000.0,-12.020054062378904
isophon,109,3,250.0,3.2246294901970884
isophon,109,3,500.0,-4.566851415421041
isophon,109,3,750.0,-6.968121422387199
isophon,109,3,1000.0,-1.3924116560625066
isophon,109,3,1500.0,-3.8108645357999507
isophon,109,3,2000.0,3.0700368632661537
isophon,109,3,3000.0,-0.522568419588012
isophon,109,3,4000.0,0.7638468491062014
isophon,109,3,6000.0,-2.6567845259853584
isophon,109,3,8000.0,-7.681504895902407
isophon,109,4,250.0,5.048471054718178
isophon,109,4,500.0,-4.723935845964334
isophon,109,4,750.0,-1.644253428857283
isophon,109,4,1000.0,-1.2531209343382557
isophon,109,4,1500.0,1.657602769484896
isophon,109,4,2000.0,-3.3428158631898697
isophon,109,4,3000.0,3.3972027133275304
isophon,109,4,4000.0,8.186303919847433
isophon,109,4,6000.0,5.242178607544872
isophon,109,4,8000.0,-2.71783113230768
isophon,109,5,250.0,0.9701753320939588
isophon,109,5,500.0,-7.500514971368645
isophon,109,5,750.0,0.7624652475099083
isophon,109,5,1000.0,0.8198541784109068
isophon,109,5,1500.0,5.227850995128506
isophon,109,5,2000.0,-0.7510821560053529
isophon,109,5,3000.0,2.8575539045827725
isophon,109,5,4000.0,6.474454538015735
isophon,109,5,6000.0,-0.8609124022908503
isophon,109,5,8000.0,-4.640937548018385
isophon,109,6,250.0,5.369730730455444
isophon,109,6,500.0,-5.021479087588432
isophon,109,6,750.0,-2.3413975454609215
isophon,109,6,1000.0,-6.176321532998827
isophon,109,6,1500.0,-0.5946793445660461
isophon,109,6,2000.0,-4.409031612467501
isophon,109,6,3000.0,-4.61216153974442
isophon,109,6,4000.0,-4.935332416640392
isophon,109,6,6000.0,-4.687729680039411
isophon,109,6,8000.0,-0.5695506326026702
isophon,109,7,250.0,2.5302219421908774
isophon,109,7,500.0,-3.829455464821791
isophon,109,7,750.0,-3.3814667971533936
isophon,109,7,1000.0,-5.934512079075944
isophon,109,7,1500.0,-1.8362255508389183
isophon,109,7,2000.0,-4.634315325760397
isophon,109,7,3000.0,-8.441646430099837
isophon,109,7,4000.0,-7.493884280461955
isophon,109,7,6000.0,-4.489004489767808
isophon,109,7,8000.0,-3.620641033513195
isophon,109,8,250.0,0.08507566510454012
isophon,109,8,500.0,-3.004989436431316
isophon,109,8,750.0,-4.208907720819582
isophon,109,8,1000.0,-6.406582879301723
isophon,109,8,1500.0,-4.772772400595059
isophon,109,8,2000.0,-6.923575195148757
isophon,109,8,3000.0,-7.105166800740477
isophon,109,8,4000.0,-7.100954031452559
isophon,109,8,6000.0,-4.3564592252104575
isophon,109,8,8000.0,-4.068473485677359
isophon,109,9,250.0,-0.825975456077046
isophon,109,9,500.0,-4.922808498833746
isophon,109,9,750.0,-4.20550333319494
isophon,109,9,1000.0,-5.914604325870556
isophon,109,9,1500.0,-4.764837480958775
isophon,109,9,2000.0,-7.4503368104109455
isophon,109,9,3000.0,-6.900060067954584
isophon,109,9,4000.0,-6.374326322297065
isophon,109,9,6000.0,-3.972852001656179
isophon,109,9,8000.0,-5.070161925389385
isophon,109,10,250.0,-6.863573358608619
isophon,109,10,500.0,-10.551621234474354
isophon,109,10,750.0,-2.62572729736101
isophon,109,10,1000.0,-3.5961670355616064
isophon,109,10,1500.0,-4.01067239073069
isophon,109,10,2000.0,-5.6800927378453
isophon,109,10,3000.0,-4.9555983034791495
isophon,109,10,4000.0,-5.250809380759478
isophon,109,10,6000.0,-3.3860335876552483
isophon,109,10,8000.0,-4.04664645098876
isophon,110,1,250.0,-3.352814669917379
isophon,110,1,500.0,9.388917678767667
isophon,110,1,750.0,21.11531240463257
isophon,110,1,1000.0,8.036333235279784
isophon,110,1,1500.0,5.356897540596798
isophon,110,1,2000.0,-6.0126984960789684
isophon,110,1,3000.0,10.943836020376352
isophon,110,1,4000.0,16.347423649262595
isophon,110,1,6000.0,1.7092608513626715
isophon,110,1,8000.0,26.061862293571934
isophon,110,2,250.0,-3.1917594363871515
isophon,110,2,500.0,1.8910348655778364
isophon,110,2,750.0,10.541220397949218
isophon,110,2,1000.0,0.9946664511376042
isophon,110,2,1500.0,-2.5697015653875894
isophon,110,2,2000.0,4.640478396064253
isophon,110,2,3000.0,-0.9890676214141223
isophon,110,2,4000.0,2.8097134213424795
isophon,110,2,6000.0,-1.2138082823412475
isophon,110,2,8000.0,12.69971160266006
isophon,110,3,250.0,-5.283876025509386
isophon,110,3,500.0,-7.54359264896442
isophon,110,3,750.0,1.1357628947290266
isophon,110,3,1000.0,-7.212889636645926
isophon,110,3,1500.0,-5.7132711741367075
isophon,110,3,2000.0,4.243245593191062
isophon,110,3,3000.0,-0.8591292796075578
isophon,110,3,4000.0,2.9460948486291016
isophon,110,3,6000.0,2.1927226327169222
isophon,110,3,8000.0,12.107314445031236
isophon,110,4,250.0,-1.1834439493621005
isophon,110,4,500.0,-4.33365550911256
isophon,110,4,750.0,2.540209550456865
isophon,110,4,1000.0,-4.341762443813607
isophon,110,4,1500.0,-3.2887834153237776
isophon,110,4,2000.0,2.19650746200098
isophon,110,4,3000.0,0.9527657943406211
isophon,110,4,4000.0,7.396983171904651
isophon,110,4,6000.0,8.23924478816032
isophon,110,4,8000.0,13.220801076171526
isophon,110,5,250.0,-0.6393489675899815
isophon,110,5,500.0,-2.078764038330206
isophon,110,5,750.0,5.710403626005288
isophon,110,5,1000.0,1.5165905887070465
isophon,110,5,1500.0,2.122243838544506
isophon,110,5,2000.0,6.166522448427713
isophon,110,5,3000.0,7.5230979530319075
isophon,110,5,4000.0,10.17188340444146
isophon,110,5,6000.0,7.327771174426516
isophon,110,5,8000.0,12.713572692871097
isophon,110,6,250.0,-7.444873795306279
isophon,110,6,500.0,3.355954870399458
isophon,110,6,750.0,9.02039492849552
isophon,110,6,1000.0,1.0710834705528072
isophon,110,6,1500.0,-1.598686067990755
isophon,110,6,2000.0,6.981733602772067
isophon,110,6,3000.0,9.83530466136827
isophon,110,6,4000.0,13.119902330367523
isophon,110,6,6000.0,8.790586647144252
isophon,110,6,8000.0,14.211872711181641
isophon,110,7,250.0,-1.8171482872805313
isophon,110,7,500.0,2.2013046283706927
isophon,110,7,750.0,10.230369467167975
isophon,110,7,1000.0,6.082501775885021
isophon,110,7,1500.0,-0.12893499031589783
isophon,110,7,2000.0,5.54309053067108
isophon,110,7,3000.0,10.778589475734833
isophon,110,7,4000.0,12.686337357201012
isophon,110,7,6000.0,8.291628491044463
isophon,110,7,8000.0,11.85533721923828
isophon,110,8,250.0,-0.6266566572040659
isophon,110,8,500.0,-0.39799952495670254
isophon,110,8,750.0,6.275033474305715
isophon,110,8,1000.0,-0.1867361117926407
isophon,110,8,1500.0,1.204345513056225
isophon,110,8,2000.0,3.7588841482724717
isophon,110,8,3000.0,8.251264363099807
isophon,110,8,4000.0,10.753353016382917
isophon,110,8,6000.0,8.690200864055328
isophon,110,8,8000.0,11.35889007568359
isophon,110,9,250.0,-0.6639722143060851
isophon,110,9,500.0,0.22865935713353736
isophon,110,9,750.0,1.1785017249523122
isophon,110,9,1000.0,-1.390596333161426
isophon,110,9,1500.0,1.5614671283421444
isophon,110,9,2000.0,4.4241281546050715
isophon,110,9,3000.0,6.663519619626726
isophon,110,9,4000.0,8.4101130038961
isophon,110,9,6000.0,9.203116070553747
isophon,110,9,8000.0,10.440842590332025
isophon,110,10,250.0,3.130527367973002
isophon,110,10,500.0,1.0206670739314774
isophon,110,10,750.0,-0.10527191162108807
isophon,110,10,1000.0,1.73988165073726
isophon,110,10,1500.0,1.7920283216272992
isophon,110,10,2000.0,5.048447504323988
isophon,110,10,3000.0,7.991458565110662
isophon,110,10,4000.0,7.368155068865576
isophon,110,10,6000.0,9.455436577460844
isophon,110,10,8000.0,9.9180892944336
isophon,111,1,250.0,-5.555552736285236
isophon,111,1,500.0,0.18384068806727782
isophon,111,1,750.0,0.5852553520191748
isophon,111,1,1000.0,14.857417392011957
isophon,111,1,1500.0,3.8851565701895225
isophon,111,1,2000.0,11.990167510409137
isophon,111,1,3000.0,10.532682850678327
isophon,111,1,4000.0,9.447502550587139
isophon,111,1,6000.0,-2.10802490636911
isophon,111,1,8000.0,-27.92038177546572
isophon,111,2,250.0,10.401273383709182
isophon,111,2,500.0,-9.661775846449672
isophon,111,2,750.0,-3.8800153414989467
isophon,111,2,1000.0,5.814714218841559
isophon,111,2,1500.0,-8.546515764115384
isophon,111,2,2000.0,-1.1596483733280962
isophon,111,2,3000.0,-3.2658979409627733
isophon,111,2,4000.0,-6.646115083143464
isophon,111,2,6000.0,4.914414886683602
isophon,111,2,8000.0,-10.335935796093885
isophon,111,3,250.0,11.319774951942051
isophon,111,3,500.0,-3.558342796431546
isophon,111,3,750.0,-3.5656335272142883
isophon,111,3,1000.0,8.074965334232758
isophon,111,3,1500.0,-2.9215495580074275
isophon,111,3,2000.0,-1.6945425551281232
isophon,111,3,3000.0,-0.17546303772800798
isophon,111,3,4000.0,-3.621705794192593
isophon,111,3,6000.0,6.7642178313972465
isophon,111,3,8000.0,-1.267944629584214
isophon,111,4,250.0,1.7188168816168172
isophon,111,4,500.0,0.6796112904216329
isophon,111,4,750.0,-1.0891667106945846
isophon,111,4,1000.0,1.09887233573113
isophon,111,4,1500.0,-1.1156723283557426
isophon,111,4,2000.0,6.823718434004732
isophon,111,4,3000.0,3.20270855899048
isophon,111,4,4000.0,-2.4647782023039895
isophon,111,4,6000.0,-4.465197260422087
isophon,111,4,8000.0,3.852382503768979
isophon,111,5,250.0,-2.59478541161306
isophon,111,5,500.0,-2.1314555277559606
isophon,111,5,750.0,-2.825447254783626
isophon,111,5,1000.0,-2.014887963350418
isophon,111,5,1500.0,-6.1087365314077715
isophon,111,5,2000.0,-0.8453836128456658
isophon,111,5,3000.0,-0.5100759956034153
isophon,111,5,4000.0,-2.6281459259091378
isophon,111,5,6000.0,-5.551375316181421
isophon,111,5,8000.0,-2.5872531304936786
isophon,111,6,250.0,-5.0726731147785955
isophon,111,6,500.0,-1.1773811414837496
isophon,111,6,750.0,1.9904412878067888
isophon,111,6,1000.0,1.6644957341593596
isophon,111,6,1500.0,-1.3042678952873104
isophon,111,6,2000.0,0.5381967870418691
isophon,111,6,3000.0,4.1174599459046135
isophon,111,6,4000.0,0.7198444722889548
isophon,111,6,6000.0,-3.624486634295323
isophon,111,6,8000.0,-5.9030256923875015
isophon,111,7,250.0,-2.0101928051824416
isophon,111,7,500.0,0.47080803881401323
isophon,111,7,750.0,2.5169235047612375
isophon,111,7,1000.0,-2.9607510857079262
isophon,111,7,1500.0,-1.3622797070655537
isophon,111,7,2000.0,0.4642122362013623
isophon,111,7,3000.0,-1.7379673685546493
isophon,111,7,4000.0,2.1163659413179516
isophon,111,7,6000.0,-0.10302924646713052
isophon,111,7,8000.0,-6.757789356497639
isophon,111,8,250.0,-3.036118073694851
isophon,111,8,500.0,-0.707577307777882
isophon,111,8,750.0,-2.917531060850081
isophon,111,8,1000.0,-4.965791487001383
isophon,111,8,1500.0,-2.15492964848238
isophon,111,8,2000.0,2.1264453974598183
isophon,111,8,3000.0,-0.00623810889122467
isophon,111,8,4000.0,-3.025903184326012
isophon,111,8,6000.0,0.22059722817600402
isophon,111,8,8000.0,-4.875318072517402
isophon,111,9,250.0,-4.095910250946062
isophon,111,9,500.0,-3.5918325762322354
isophon,111,9,750.0,-5.768771940683806
isophon,111,9,1000.0,-6.560013592083678
isophon,111,9,1500.0,-3.3818897868112714
isophon,111,9,2000.0,-0.1101815767011658
isophon,111,9,3000.0,2.101233757697159
isophon,111,9,4000.0,-5.198167873202721
isophon,111,9,6000.0,0.8471445173814658
isophon,111,9,8000.0,-2.694202293150269
isophon,111,10,250.0,-8.639276440941899
isophon,111,10,500.0,-0.7339924125720785
isophon,111,10,750.0,-3.680138103249533
isophon,111,10,1000.0,-8.513635253906244
isophon,111,10,1500.0,-5.978498146666226
isophon,111,10,2000.0,-8.352751538699195
isophon,111,10,3000.0,-0.3656414213211434
isophon,111,10,4000.0,-9.92653544263625
isophon,111,10,6000.0,-3.0944821521476626
isophon,111,10,8000.0,-6.46214213784944
isophon,112,1,250.0,0.19547453439466267
isophon,112,1,500.0,2.7633898029178425
isophon,112,1,750.0,1.2224335359330212
isophon,112,1,1000.0,13.60577310550201
isophon,112,1,1500.0,6.842813139561088
isophon,112,1,2000.0,14.226196954853037
isophon,112,1,3000.0,-8.77038104107234
isophon,112,1,4000.0,-1.4578334793247905
isophon,112,1,6000.0,-2.297497567753908
isophon,112,1,8000.0,-3.691781028748693
isophon,112,2,250.0,4.880400987031379
isophon,112,2,500.0,6.543846683730521
isophon,112,2,750.0,4.600021846615789
isophon,112,2,1000.0,-1.8542845795883522
isophon,112,2,1500.0,-2.525891749010725
isophon,112,2,2000.0,7.75710998112686
isophon,112,2,3000.0,0.45082968054370554
isophon,112,2,4000.0,9.880279214381403
isophon,112,2,6000.0,1.5437873085283655
isophon,112,2,8000.0,-8.691397464751944
isophon,112,3,250.0,5.2046238843078925
isophon,112,3,500.0,-0.5783347741503633
isophon,112,3,750.0,-2.242647122585751
isophon,112,3,1000.0,-0.4654738821818398
isophon,112,3,1500.0,-0.16546172790164348
isophon,112,3,2000.0,-0.26019835794078006
isophon,112,3,3000.0,-1.9459683226477154
isophon,112,3,4000.0,2.2477941711391765
isophon,112,3,6000.0,3.62610165598133
isophon,112,3,8000.0,-9.405824039458977
isophon,112,4,250.0,-4.12160738603211
isophon,112,4,500.0,-1.6118443583296767
isophon,112,4,750.0,0.9195264346401046
isophon,112,4,1000.0,2.8987318652836365
isophon,112,4,1500.0,2.551486983647038
isophon,112,4,2000.0,-2.8005361242252746
isophon,112,4,3000.0,-9.53668752489149
isophon,112,4,4000.0,-1.5076076936862677
isophon,112,4,6000.0,0.2511989392775149
isophon,112,4,8000.0,-7.973659427642588
isophon,112,5,250.0,-1.8092472284864556
isophon,112,5,500.0,3.966362123603929
isophon,112,5,750.0,1.1217491525779764
isophon,112,5,1000.0,-2.171309118305089
isophon,112,5,1500.0,2.2244464822835397
isophon,112,5,2000.0,-1.4847573124161784
isophon,112,5,3000.0,-6.4226528616994045
isophon,112,5,4000.0,-0.9269945162197786
isophon,112,5,6000.0,0.340510653864186
isophon,112,5,8000.0,-3.3646149330136836
isophon,112,6,250.0,7.052353113310431
isophon,112,6,500.0,6.481950527831756
isophon,112,6,750.0,1.1992082208341088
isophon,112,6,1000.0,0.714206063041317
isophon,112,6,1500.0,7.20770870052273
isophon,112,6,2000.0,4.247504976882453
isophon,112,6,3000.0,-0.6292106144765626
isophon,112,6,4000.0,6.4704159668212355
isophon,112,6,6000.0,3.633595406956502
isophon,112,6,8000.0,-1.1340887279939977
isophon,112,7,250.0,6.635698394775389
isophon,112,7,500.0,8.79222849702603
isophon,112,7,750.0,3.997763593120837
isophon,112,7,1000.0,5.3925512694916335
isophon,112,7,1500.0,11.242142688655946
isophon,112,7,2000.0,3.9434621793407416
isophon,112,7,3000.0,4.239566743228906
isophon,112,7,4000.0,6.370573120117186
isophon,112,7,6000.0,1.3998801391637699
isophon,112,7,8000.0,-1.0023353405428281
isophon,112,8,250.0,7.4419818115234335
isophon,112,8,500.0,11.872578838822903
isophon,112,8,750.0,7.0732611244928165
isophon,112,8,1000.0,7.75558723815675
isophon,112,8,1500.0,9.615504388917685
isophon,112,8,2000.0,5.763047188475625
isophon,112,8,3000.0,9.142684714274836
isophon,112,8,4000.0,8.155883331298824
isophon,112,8,6000.0,3.0435608212488034
isophon,112,8,8000.0,2.194283159213029
isophon,112,9,250.0,7.3800668334960875
isophon,112,9,500.0,13.17117945527798
isophon,112,9,750.0,8.023581236930909
isophon,112,9,1000.0,8.291656905892125
isophon,112,9,1500.0,8.397565261965866
isophon,112,9,2000.0,7.977814091210547
isophon,112,9,3000.0,14.173979575597755
isophon,112,9,4000.0,8.344571075439447
isophon,112,9,6000.0,4.156950204108512
isophon,112,9,8000.0,5.382291887240356
isophon,112,10,250.0,6.442503356933599
isophon,112,10,500.0,7.598013305664068
isophon,112,10,750.0,8.089328250129512
isophon,112,10,1000.0,5.764327833224485
isophon,112,10,1500.0,6.228994362363181
isophon,112,10,2000.0,9.350455913518573
isophon,112,10,3000.0,13.231429000436691
isophon,112,10,4000.0,7.124617004394537
isophon,112,10,6000.0,5.576746759350684
isophon,112,10,8000.0,4.662580871582037
isophon,113,1,250.0,3.7267374086733014
isophon,113,1,500.0,20.353263493532246
isophon,113,1,750.0,2.1729026508798626
isophon,113,1,1000.0,4.9678700180755015
isophon,113,1,1500.0,14.784770454586734
isophon,113,1,2000.0,9.815845473834429
isophon,113,1,3000.0,16.32924831442523
isophon,113,1,4000.0,-0.346220858222253
isophon,113,1,6000.0,-4.448704461329029
isophon,113,1,8000.0,5.687783210276123
isophon,113,2,250.0,-8.185859847287588
isophon,113,2,500.0,3.626194772443789
isophon,113,2,750.0,-1.655949512874443
isophon,113,2,1000.0,-7.165835485266356
isophon,113,2,1500.0,-4.074399405023797
isophon,113,2,2000.0,4.039071853338129
isophon,113,2,3000.0,-1.6119646601961364
isophon,113,2,4000.0,4.498789944264729
isophon,113,2,6000.0,3.2250491323090102
isophon,113,2,8000.0,9.643538920190451
isophon,113,3,250.0,-5.904155860280355
isophon,113,3,500.0,3.618543267316184
isophon,113,3,750.0,3.9281876013770898
isophon,113,3,1000.0,-2.527672768797771
isophon,113,3,1500.0,-3.042239420189645
isophon,113,3,2000.0,3.365697076963187
isophon,113,3,3000.0,-1.278847240210979
isophon,113,3,4000.0,-1.5945554780006717
isophon,113,3,6000.0,1.873794840361981
isophon,113,3,8000.0,7.582180883560028
isophon,113,4,250.0,-1.9583182073357364
isophon,113,4,500.0,4.578510784266484
isophon,113,4,750.0,3.1970779939641716
isophon,113,4,1000.0,0.4993852108595007
isophon,113,4,1500.0,0.7032329883322603
isophon,113,4,2000.0,-0.5371562435270363
isophon,113,4,3000.0,-0.14881257720577423
isophon,113,4,4000.0,-4.367189512215148
isophon,113,4,6000.0,1.4307635077558274
isophon,113,4,8000.0,9.181203847688167
isophon,113,5,250.0,2.0795254368306075
isophon,113,5,500.0,-4.524009015663253
isophon,113,5,750.0,-2.7296212374783266
isophon,113,5,1000.0,-5.1773801101056165
isophon,113,5,1500.0,-3.4847496288805075
isophon,113,5,2000.0,-4.738775103627347
isophon,113,5,3000.0,-4.079470029804128
isophon,113,5,4000.0,-8.624957788809454
isophon,113,5,6000.0,-0.46715451690116083
isophon,113,5,8000.0,6.5915105151348
isophon,113,6,250.0,3.8960944767022596
isophon,113,6,500.0,1.0108126305646437
isophon,113,6,750.0,0.8625452706050254
isophon,113,6,1000.0,-2.0530569059615402
isophon,113,6,1500.0,-5.266243208714059
isophon,113,6,2000.0,-0.6741806189524056
isophon,113,6,3000.0,-2.199650173978128
isophon,113,6,4000.0,-6.236387537344598
isophon,113,6,6000.0,0.5335258725031338
isophon,113,6,8000.0,7.051136217463508
isophon,113,7,250.0,-2.193806716132272
isophon,113,7,500.0,2.6036018195029698
isophon,113,7,750.0,2.5697120481856643
isophon,113,7,1000.0,0.7157305868675934
isophon,113,7,1500.0,-4.290262478704406
isophon,113,7,2000.0,0.2996014767074655
isophon,113,7,3000.0,-2.1664662285037792
isophon,113,7,4000.0,-7.130784912109377
isophon,113,7,6000.0,0.16950212982735025
isophon,113,7,8000.0,6.472654475022324
isophon,113,8,250.0,-1.4941275766538666
isophon,113,8,500.0,-0.6525544119265305
isophon,113,8,750.0,1.2877855107654028
isophon,113,8,1000.0,2.224077882134651
isophon,113,8,1500.0,-1.808601583589919
isophon,113,8,2000.0,2.1262767779408307
isophon,113,8,3000.0,-0.13763049520802895
isophon,113,8,4000.0,-5.728622894287113
isophon,113,8,6000.0,0.42845659760078547
isophon,113,8,8000.0,6.28901487527196
isophon,113,9,250.0,-1.387469207242006
isophon,113,9,500.0,-4.287406228419826
isophon,113,9,750.0,0.06088600214826556
isophon,113,9,1000.0,2.418593413861359
isophon,113,9,1500.0,0.6949751235301562
isophon,113,9,2000.0,1.4220788955217216
isophon,113,9,3000.0,0.873380399208429
isophon,113,9,4000.0,-4.828364410400397
isophon,113,9,6000.0,1.111826653753127
isophon,113,9,8000.0,5.294013619046666
isophon,113,10,250.0,2.291649595190677
isophon,113,10,500.0,-0.7738576012806391
isophon,113,10,750.0,1.2020130006124816
isophon,113,10,1000.0,-6.363596981349517
isophon,113,10,1500.0,-4.434168521590038
isophon,113,10,2000.0,-2.3681940501497536
isophon,113,10,3000.0,-5.188429905690839
isophon,113,10,4000.0,-3.2967124938964787
isophon,113,10,6000.0,-2.0330101013183537
isophon,113,10,8000.0,3.9426482754128784
isophon,114,1,250.0,3.2599932883955844
isophon,114,1,500.0,10.129349139075941
isophon,114,1,750.0,9.451039096514208
isophon,114,1,1000.0,0.47098547464028684
isophon,114,1,1500.0,-8.950274063066772
isophon,114,1,2000.0,1.3202552933290121
isophon,114,1,3000.0,8.325506180337086
isophon,114,1,4000.0,-8.01576338020405
isophon,114,1,6000.0,-6.271919343973906
isophon,114,1,8000.0,-0.7188167390590081
isophon,114,2,250.0,13.019371334016007
isophon,114,2,500.0,6.523865877680095
isophon,114,2,750.0,-1.1207773483968992
isophon,114,2,1000.0,-0.10602395387050478
isophon,114,2,1500.0,-2.3263627789818884
isophon,114,2,2000.0,0.509967476007688
isophon,114,2,3000.0,-0.6397321812789869
isophon,114,2,4000.0,-2.573805678442284
isophon,114,2,6000.0,-3.390276415013588
isophon,114,2,8000.0,-2.4698320454325398
isophon,114,3,250.0,14.145896410520379
isophon,114,3,500.0,6.464871309868428
isophon,114,3,750.0,-0.36474524119368823
isophon,114,3,1000.0,0.6632319887669524
isophon,114,3,1500.0,-0.024218078670259047
isophon,114,3,2000.0,3.894848598388876
isophon,114,3,3000.0,0.9568433661347058
isophon,114,3,4000.0,-1.562095504690049
isophon,114,3,6000.0,0.8097348037981078
isophon,114,3,8000.0,-2.321732405425834
isophon,114,4,250.0,21.037194718406454
isophon,114,4,500.0,7.225766058451512
isophon,114,4,750.0,1.3601214291627883
isophon,114,4,1000.0,-1.1071020316033326
isophon,114,4,1500.0,0.7048603768291883
isophon,114,4,2000.0,5.611002598362859
isophon,114,4,3000.0,0.6159916894473412
isophon,114,4,4000.0,2.205467801404467
isophon,114,4,6000.0,2.090354543044512
isophon,114,4,8000.0,-0.25762651095448064
isophon,114,5,250.0,4.356612485732285
isophon,114,5,500.0,-3.6087098052652493
isophon,114,5,750.0,-7.656414868032172
isophon,114,5,1000.0,-4.530227466794884
isophon,114,5,1500.0,-3.9462668018589824
isophon,114,5,2000.0,2.6190596276553038
isophon,114,5,3000.0,3.5819580203878445
isophon,114,5,4000.0,6.8099696312075935
isophon,114,5,6000.0,0.2245927211656067
isophon,114,5,8000.0,-6.821098270202029
isophon,114,6,250.0,6.230571112750823
isophon,114,6,500.0,0.7194428765556751
isophon,114,6,750.0,-2.4670837283598104
isophon,114,6,1000.0,-3.833587709993978
isophon,114,6,1500.0,-2.5272811858878015
isophon,114,6,2000.0,-0.1110730184253157
isophon,114,6,3000.0,-1.0505374202150506
isophon,114,6,4000.0,1.1822838505021878
isophon,114,6,6000.0,-1.9665738418001837
isophon,114,6,8000.0,-2.679671586122339
isophon,114,7,250.0,7.757186345376269
isophon,114,7,500.0,-0.27295070958322754
isophon,114,7,750.0,-1.88331543859843
isophon,114,7,1000.0,-1.6917172731461818
isophon,114,7,1500.0,1.9763542112521861
isophon,114,7,2000.0,2.842404094015194
isophon,114,7,3000.0,-1.8768877560208779
isophon,114,7,4000.0,-3.4130461330722284
isophon,114,7,6000.0,-2.4692913074001552
isophon,114,7,8000.0,-2.1205724107239092
isophon,114,8,250.0,6.600905742235639
isophon,114,8,500.0,0.8023271474055917
isophon,114,8,750.0,0.6122666224923279
isophon,114,8,1000.0,0.958332033155088
isophon,114,8,1500.0,4.6100077444742595
isophon,114,8,2000.0,6.71478205788064
isophon,114,8,3000.0,1.3805421776030613
isophon,114,8,4000.0,-3.771924147634806
isophon,114,8,6000.0,-0.8026125052943485
isophon,114,8,8000.0,0.773945902312164
isophon,114,9,250.0,7.445539495813904
isophon,114,9,500.0,1.7822978008736072
isophon,114,9,750.0,1.0912060175011646
isophon,114,9,1000.0,2.7758560806145454
isophon,114,9,1500.0,6.005644637680817
isophon,114,9,2000.0,9.03417054034334
isophon,114,9,3000.0,4.122731394119171
isophon,114,9,4000.0,-1.692848124814006
isophon,114,9,6000.0,-0.1599323233149761
isophon,114,9,8000.0,3.4515033791867467
isophon,114,10,250.0,7.826108294894851
isophon,114,10,500.0,3.789803391945796
isophon,114,10,750.0,0.8402051267567998
isophon,114,10,1000.0,4.239703017638178
isophon,114,10,1500.0,3.501085789976628
isophon,114,10,2000.0,6.988309222812134
isophon,114,10,3000.0,4.991003172194127
isophon,114,10,4000.0,-0.8757321598029932
isophon,114,10,6000.0,-1.920909473743336
isophon,114,10,8000.0,4.383518399425242
isophon,115,1,250.0,0.8184415014409652
isophon,115,1,500.0,13.238670952118994
isophon,115,1,750.0,-17.561021769387004
isophon,115,1,1000.0,-6.9462924704784115
isophon,115,1,1500.0,-16.4641241901764
isophon,115,1,2000.0,-20.893014545746325
isophon,115,1,3000.0,-8.610275365607833
isophon,115,1,4000.0,11.978316505581724
isophon,115,1,6000.0,12.475521221516374
isophon,115,1,8000.0,-2.6711186397851208
isophon,115,2,250.0,5.663378662114155
isophon,115,2,500.0,-1.9129789224985956
isophon,115,2,750.0,-4.103401883533884
isophon,115,2,1000.0,3.3790275100307596
isophon,115,2,1500.0,-1.2575177797359203
isophon,115,2,2000.0,-4.433620195000728
isophon,115,2,3000.0,1.164264202857666
isophon,115,2,4000.0,-2.6094212283062888
isophon,115,2,6000.0,-0.9640047101484015
isophon,115,2,8000.0,0.831817817062344
isophon,115,3,250.0,1.2409889661962268
isophon,115,3,500.0,4.123501568587713
isophon,115,3,750.0,-3.7414766375880077
isophon,115,3,1000.0,1.6932560161524322
isophon,115,3,1500.0,-0.5144209079637392
isophon,115,3,2000.0,-4.440281638070999
isophon,115,3,3000.0,-1.1777303003460844
isophon,115,3,4000.0,-1.4428015078473067
isophon,115,3,6000.0,-5.144153043050622
isophon,115,3,8000.0,-0.03642826989099035
isophon,115,4,250.0,-1.2467111855151245
isophon,115,4,500.0,1.834884797410382
isophon,115,4,750.0,-5.209164604739797
isophon,115,4,1000.0,-1.8906286776080918
isophon,115,4,1500.0,0.0600894692180276
isophon,115,4,2000.0,2.3628567904931543
isophon,115,4,3000.0,-2.3643439423292847
isophon,115,4,4000.0,-5.087140381246144
isophon,115,4,6000.0,-7.471861430818507
isophon,115,4,8000.0,-0.1589326640606714
isophon,115,5,250.0,2.4710096227846776
isophon,115,5,500.0,-8.912042798710345
isophon,115,5,750.0,-3.5648547926875125
isophon,115,5,1000.0,-2.171251633503701
isophon,115,5,1500.0,0.452773789569477
isophon,115,5,2000.0,2.0131601518058346
isophon,115,5,3000.0,0.1795273279230969
isophon,115,5,4000.0,-3.890476989746091
isophon,115,5,6000.0,-4.7126016056916455
isophon,115,5,8000.0,2.4837431722107084
isophon,115,6,250.0,-8.188472595642338
isophon,115,6,500.0,-3.2990319380557764
isophon,115,6,750.0,-1.1885371369492645
isophon,115,6,1000.0,-0.19587398584091886
isophon,115,6,1500.0,4.346055625047896
isophon,115,6,2000.0,1.7698245313294194
isophon,115,6,3000.0,4.209201960129192
isophon,115,6,4000.0,3.4641767883300787
isophon,115,6,6000.0,0.26770929791670994
isophon,115,6,8000.0,5.813807820571867
isophon,115,7,250.0,-4.256555923745509
isophon,115,7,500.0,0.731500145471486
isophon,115,7,750.0,4.575302791048884
isophon,115,7,1000.0,5.451559571857587
isophon,115,7,1500.0,3.530474394561452
isophon,115,7,2000.0,-0.44068560055134753
isophon,115,7,3000.0,1.3965262657130921
isophon,115,7,4000.0,6.667474822998045
isophon,115,7,6000.0,1.9974617967029644
isophon,115,7,8000.0,5.549103789208857
isophon,115,8,250.0,-1.127978169346349
isophon,115,8,500.0,-0.17104347821424426
isophon,115,8,750.0,1.7881178523352048
isophon,115,8,1000.0,1.6607797831802031
isophon,115,8,1500.0,2.4759093960898326
isophon,115,8,2000.0,-0.18200542108145612
isophon,115,8,3000.0,4.572173568571628
isophon,115,8,4000.0,7.163676757812496
isophon,115,8,6000.0,3.6415031304044305
isophon,115,8,8000.0,7.045853527980228
isophon,115,9,250.0,0.12900083235676618
isophon,115,9,500.0,-2.0198444924757126
isophon,115,9,750.0,0.6039118337363618
isophon,115,9,1000.0,0.6703914739104846
isophon,115,9,1500.0,4.349410048153047
isophon,115,9,2000.0,0.01408881316885413
isophon,115,9,3000.0,7.944460679317601
isophon,115,9,4000.0,6.681324920654291
isophon,115,9,6000.0,5.469118668824521
isophon,115,9,8000.0,8.44614512091016
isophon,115,10,250.0,-1.627525721511745
isophon,115,10,500.0,-0.8959697975486733
isophon,115,10,750.0,-1.2808242797851506
isophon,115,10,1000.0,-1.7672363281249233
isophon,115,10,1500.0,6.418521020775188
isophon,115,10,2000.0,2.431316270332786
isophon,115,10,3000.0,9.296157336508088
isophon,115,10,4000.0,6.884264373779303
isophon,115,10,6000.0,7.202010239272852
isophon,115,10,8000.0,8.6486215684522
isophon,116,1,250.0,-1.8778175670668702
isophon,116,1,500.0,-9.921819297454277
isophon,116,1,750.0,-21.809237078927033
isophon,116,1,1000.0,-18.56801905402147
isophon,116,1,1500.0,0.2590147500778457
isophon,116,1,2000.0,1.9805747876850006
isophon,116,1,3000.0,-11.840142395632114
isophon,116,1,4000.0,14.793788117316154
isophon,116,1,6000.0,6.710826957855751
isophon,116,1,8000.0,-11.354982214303618
isophon,116,2,250.0,6.308534498587932
isophon,116,2,500.0,3.6026550006319695
isophon,116,2,750.0,-2.4336972869963347
isophon,116,2,1000.0,-2.0894490667737102
isophon,116,2,1500.0,5.077973523159258
isophon,116,2,2000.0,-1.4834245670446506
isophon,116,2,3000.0,2.537672701026608
isophon,116,2,4000.0,-0.5258106634549335
isophon,116,2,6000.0,10.835027586900068
isophon,116,2,8000.0,-0.9933299220449214
isophon,116,3,250.0,2.168210948512936
isophon,116,3,500.0,-0.530248264430611
isophon,116,3,750.0,2.8097158258596835
isophon,116,3,1000.0,2.3999941813800376
isophon,116,3,1500.0,7.72738657010008
isophon,116,3,2000.0,-0.2710787864384656
isophon,116,3,3000.0,-0.8355026839010691
isophon,116,3,4000.0,7.3725172731027016
isophon,116,3,6000.0,9.922136686008542
isophon,116,3,8000.0,6.6912563701489205
isophon,116,4,250.0,0.6824678268697255
isophon,116,4,500.0,-0.8634127553561939
isophon,116,4,750.0,1.6426616790646165
isophon,116,4,1000.0,1.5259476791217992
isophon,116,4,1500.0,2.4457023999841
isophon,116,4,2000.0,4.595634745426324
isophon,116,4,3000.0,3.8229539731263884
isophon,116,4,4000.0,14.992996537709473
isophon,116,4,6000.0,10.673423023245874
isophon,116,4,8000.0,10.44594593638989
isophon,116,5,250.0,-3.8138406780188916
isophon,116,5,500.0,1.4369558071663135
isophon,116,5,750.0,3.097728162355608
isophon,116,5,1000.0,-1.8117735388781142
isophon,116,5,1500.0,3.6096963515517473
isophon,116,5,2000.0,5.716370857515884
isophon,116,5,3000.0,3.0627388371932227
isophon,116,5,4000.0,5.865338168443074
isophon,116,5,6000.0,8.768029083684382
isophon,116,5,8000.0,8.81855417405177
isophon,116,6,250.0,-4.818793269079933
isophon,116,6,500.0,-0.3851079816834613
isophon,116,6,750.0,0.15753281827284127
isophon,116,6,1000.0,-1.0160542755747173
isophon,116,6,1500.0,1.8010341551515126
isophon,116,6,2000.0,6.76544904462834
isophon,116,6,3000.0,2.6332987201246993
isophon,116,6,4000.0,5.361688055444901
isophon,116,6,6000.0,8.21461891031879
isophon,116,6,8000.0,10.953556439521037
isophon,116,7,250.0,-4.388062929907079
isophon,116,7,500.0,-8.86138081978747
isophon,116,7,750.0,-3.042209833493274
isophon,116,7,1000.0,-2.231867707432187
isophon,116,7,1500.0,-0.7254745298879044
isophon,116,7,2000.0,1.594737179214917
isophon,116,7,3000.0,0.2012351693366412
isophon,116,7,4000.0,4.346685408302079
isophon,116,7,6000.0,6.728856955290013
isophon,116,7,8000.0,10.42551994748871
isophon,116,8,250.0,-3.616265593565501
isophon,116,8,500.0,-9.871420493610387
isophon,116,8,750.0,-2.1688768509906424
isophon,116,8,1000.0,0.15512517825980865
isophon,116,8,1500.0,0.34886639473037917
isophon,116,8,2000.0,2.058744570948093
isophon,116,8,3000.0,0.4560936883568303
isophon,116,8,4000.0,-3.8387536773236093
isophon,116,8,6000.0,4.025268315412902
isophon,116,8,8000.0,9.121876710734114
isophon,116,9,250.0,-2.777793731081232
isophon,116,9,500.0,-10.088695071747537
isophon,116,9,750.0,-1.5076582379458188
isophon,116,9,1000.0,1.3618350459172461
isophon,116,9,1500.0,1.5999899451961568
isophon,116,9,2000.0,-0.7727290048646012
isophon,116,9,3000.0,-1.1581790026261842
isophon,116,9,4000.0,-7.333035599182622
isophon,116,9,6000.0,-0.901027396849571
isophon,116,9,8000.0,6.587404897428939
isophon,116,10,250.0,-0.4015897365085408
isophon,116,10,500.0,-8.111882008273312
isophon,116,10,750.0,-0.6836075860787503
isophon,116,10,1000.0,-1.8359160713995522
isophon,116,10,1500.0,1.8944444193339223
isophon,116,10,2000.0,-4.637042624428531
isophon,116,10,3000.0,-2.4008626251826684
isophon,116,10,4000.0,-6.322308626125107
isophon,116,10,6000.0,-5.512112962858126
isophon,116,10,8000.0,2.221598501113448
isophon,117,1,250.0,15.159855119597069
isophon,117,1,500.0,0.19724191508760214
isophon,117,1,750.0,-3.3103995829575297
isophon,117,1,1000.0,-5.529823100372141
isophon,117,1,1500.0,2.2955476450074457
isophon,117,1,2000.0,3.5268747727835716
isophon,117,1,3000.0,-1.726877666662034
isophon,117,1,4000.0,-3.144637213920788
isophon,117,1,6000.0,-7.126068142824096
isophon,117,1,8000.0,-12.052181029152365
isophon,117,2,250.0,8.3259839264649
isophon,117,2,500.0,6.078655256364925
isophon,117,2,750.0,-3.093295335180443
isophon,117,2,1000.0,-6.034873739778504
isophon,117,2,1500.0,-3.9344242268511636
isophon,117,2,2000.0,-0.8452305350113534
isophon,117,2,3000.0,0.5154887005220701
isophon,117,2,4000.0,3.8768203334886238
isophon,117,2,6000.0,-1.3640510822877587
isophon,117,2,8000.0,-5.511445877987171
isophon,117,3,250.0,6.820282684175027
isophon,117,3,500.0,9.980804525137344
isophon,117,3,750.0,-2.064567487522922
isophon,117,3,1000.0,-2.1903809322027996
isophon,117,3,1500.0,-0.04804230138593368
isophon,117,3,2000.0,1.8591809039066192
isophon,117,3,3000.0,2.045500447923743
isophon,117,3,4000.0,5.968836804880638
isophon,117,3,6000.0,0.0830535813271922
isophon,117,3,8000.0,-9.517248062932168
isophon,117,4,250.0,1.6598223534860495
isophon,117,4,500.0,10.372061556113934
isophon,117,4,750.0,-0.6938835300392441
isophon,117,4,1000.0,-1.1203275227957477
isophon,117,4,1500.0,0.4776276289252621
isophon,117,4,2000.0,3.1622180326404816
isophon,117,4,3000.0,1.150546294126201
isophon,117,4,4000.0,7.188849460737501
isophon,117,4,6000.0,-4.863365439159693
isophon,117,4,8000.0,-13.027741439197655
isophon,117,5,250.0,0.05262450883515157
isophon,117,5,500.0,11.735881883161284
isophon,117,5,750.0,0.7034675946425608
isophon,117,5,1000.0,0.6118129495478257
isophon,117,5,1500.0,1.1118966524400093
isophon,117,5,2000.0,-1.9214447227491576
isophon,117,5,3000.0,-0.061487050619462025
isophon,117,5,4000.0,2.7170121999935475
isophon,117,5,6000.0,-4.800096428319151
isophon,117,5,8000.0,-10.990742175530528
isophon,117,6,250.0,2.7935585587110126
isophon,117,6,500.0,-4.136778691509178
isophon,117,6,750.0,-6.776904066052182
isophon,117,6,1000.0,-3.3295682168306655
isophon,117,6,1500.0,-1.5304031990423823
isophon,117,6,2000.0,-2.096037808256682
isophon,117,6,3000.0,-3.4823194423288584
isophon,117,6,4000.0,-2.392356016467403
isophon,117,6,6000.0,-3.2696990547175773
isophon,117,6,8000.0,-7.802025213201858
isophon,117,7,250.0,-1.9913987895182146
isophon,117,7,500.0,-2.9823984400360217
isophon,117,7,750.0,-4.606991711584641
isophon,117,7,1000.0,-6.234164146726329
isophon,117,7,1500.0,-7.971677477537071
isophon,117,7,2000.0,-2.5127518304890373
isophon,117,7,3000.0,-1.9921519890590105
isophon,117,7,4000.0,-2.8665685890512265
isophon,117,7,6000.0,-5.807748685523961
isophon,117,7,8000.0,-8.340250901877297
isophon,117,8,250.0,-2.076883672292837
isophon,117,8,500.0,-5.998206525715929
isophon,117,8,750.0,-5.2784294195449775
isophon,117,8,1000.0,-6.353366312084816
isophon,117,8,1500.0,-6.151756409072746
isophon,117,8,2000.0,-6.855549989428894
isophon,117,8,3000.0,-3.156276888841262
isophon,117,8,4000.0,-1.9478606601116155
isophon,117,8,6000.0,-4.834944689123532
isophon,117,8,8000.0,-8.345397736160194
isophon,117,9,250.0,-2.3318881467294688
isophon,117,9,500.0,-5.537985504153809
isophon,117,9,750.0,-3.1329193383928953
isophon,117,9,1000.0,-4.9441517143082905
isophon,117,9,1500.0,-4.371415898069898
isophon,117,9,2000.0,-4.879223810779038
isophon,117,9,3000.0,-2.114135089526428
isophon,117,9,4000.0,-3.6059325109088576
isophon,117,9,6000.0,-4.865386939312927
isophon,117,9,8000.0,-9.155918829856276
isophon,117,10,250.0,-0.037541083958245736
isophon,117,10,500.0,-3.77849983898318
isophon,117,10,750.0,-1.5921653350318792
isophon,117,10,1000.0,-1.2591001007542957
isophon,117,10,1500.0,-1.6902880755281444
isophon,117,10,2000.0,-2.783028935934425
isophon,117,10,3000.0,-1.190083381326204
isophon,117,10,4000.0,-3.094057812989618
isophon,117,10,6000.0,-3.2731537975237472
isophon,117,10,8000.0,-7.115932663440844
isophon,118,1,250.0,22.195491748614533
isophon,118,1,500.0,-13.715616311207953
isophon,118,1,750.0,5.465216383919348
isophon,118,1,1000.0,-1.5582260184537517
isophon,118,1,1500.0,-5.397408619647695
isophon,118,1,2000.0,8.277850450016135
isophon,118,1,3000.0,-12.334675636121574
isophon,118,1,4000.0,-7.4926394553533555
isophon,118,1,6000.0,0.5162206177404585
isophon,118,1,8000.0,24.981557638634797
isophon,118,2,250.0,1.9172624932820739
isophon,118,2,500.0,-3.981532374794263
isophon,118,2,750.0,6.6377372613569925
isophon,118,2,1000.0,2.4214094480250665
isophon,118,2,1500.0,5.945645452187122
isophon,118,2,2000.0,4.655997393806885
isophon,118,2,3000.0,-2.5433537315745056
isophon,118,2,4000.0,1.7909694945693673
isophon,118,2,6000.0,1.8304701227314126
isophon,118,2,8000.0,21.64069836194821
isophon,118,3,250.0,-2.8365910902913
isophon,118,3,500.0,-5.375619004609284
isophon,118,3,750.0,0.5316299008216134
isophon,118,3,1000.0,7.030212672802769
isophon,118,3,1500.0,8.323643697231908
isophon,118,3,2000.0,12.349711510019958
isophon,118,3,3000.0,-0.706156844314485
isophon,118,3,4000.0,4.706591086562412
isophon,118,3,6000.0,3.800004714215248
isophon,118,3,8000.0,19.71116557459935
isophon,118,4,250.0,-9.02270065506653
isophon,118,4,500.0,-10.413123148219228
isophon,118,4,750.0,-2.739722092293789
isophon,118,4,1000.0,-0.31945692012445903
isophon,118,4,1500.0,4.022880451599939
isophon,118,4,2000.0,2.290507757611259
isophon,118,4,3000.0,-7.973622864738459
isophon,118,4,4000.0,-2.159036618882766
isophon,118,4,6000.0,1.2915202134395116
isophon,118,4,8000.0,20.10805378850054
isophon,118,5,250.0,6.727487374284124
isophon,118,5,500.0,-4.967699992848438
isophon,118,5,750.0,-2.3778792324234104
isophon,118,5,1000.0,2.0982810405680397
isophon,118,5,1500.0,-0.8853932279167509
isophon,118,5,2000.0,-4.619894219882312
isophon,118,5,3000.0,-4.64465126940901
isophon,118,5,4000.0,-2.1313188523694038
isophon,118,5,6000.0,2.5025854174626545
isophon,118,5,8000.0,12.899073073992724
isophon,118,6,250.0,5.691401881793183
isophon,118,6,500.0,-0.04263462927409023
isophon,118,6,750.0,-2.9751164138133106
isophon,118,6,1000.0,-8.736178659919943
isophon,118,6,1500.0,-1.4876059605783922
isophon,118,6,2000.0,0.6369031955586308
isophon,118,6,3000.0,4.356572596385675
isophon,118,6,4000.0,5.720080579194956
isophon,118,6,6000.0,8.058148953705867
isophon,118,6,8000.0,9.67900050089439
isophon,118,7,250.0,5.157613053747141
isophon,118,7,500.0,-3.335278413486094
isophon,118,7,750.0,-0.6290327281484878
isophon,118,7,1000.0,-2.8269935648742432
isophon,118,7,1500.0,-2.270197874523774
isophon,118,7,2000.0,5.959928948544871
isophon,118,7,3000.0,5.925040448949105
isophon,118,7,4000.0,13.158697619652088
isophon,118,7,6000.0,7.375566964259889
isophon,118,7,8000.0,11.500064118083273
isophon,118,8,250.0,6.976764265088605
isophon,118,8,500.0,0.7350209307903839
isophon,118,8,750.0,1.3494017415656714
isophon,118,8,1000.0,0.12940930586397315
isophon,118,8,1500.0,2.8077855281621
isophon,118,8,2000.0,3.755628724559031
isophon,118,8,3000.0,4.566658783409736
isophon,118,8,4000.0,15.924524285074227
isophon,118,8,6000.0,10.512720908308125
isophon,118,8,8000.0,14.064599254440608
isophon,118,9,250.0,7.39991189210852
isophon,118,9,500.0,4.482663450454979
isophon,118,9,750.0,5.254235330484249
isophon,118,9,1000.0,0.5214872071395007
isophon,118,9,1500.0,5.562554701413831
isophon,118,9,2000.0,5.951343358719669
isophon,118,9,3000.0,8.117495252955806
isophon,118,9,4000.0,17.084339025802947
isophon,118,9,6000.0,13.115388502149258
isophon,118,9,8000.0,16.236243760541228
isophon,118,10,250.0,6.2147636034905105
isophon,118,10,500.0,6.572083952663107
isophon,118,10,750.0,7.1905551420424985
isophon,118,10,1000.0,5.700977564470648
isophon,118,10,1500.0,8.576129964107636
isophon,118,10,2000.0,9.592343340587945
isophon,118,10,3000.0,9.75337021178504
isophon,118,10,4000.0,17.89594210364541
isophon,118,10,6000.0,15.538084683716164
isophon,118,10,8000.0,10.24466820202484
isophon,119,1,250.0,4.134632049518501
isophon,119,1,500.0,0.7720686571808812
isophon,119,1,750.0,2.710392352104485
isophon,119,1,1000.0,-5.31869531702003
isophon,119,1,1500.0,10.225138630619703
isophon,119,1,2000.0,6.395406685007885
isophon,119,1,3000.0,22.29812969953808
isophon,119,1,4000.0,10.84208398784773
isophon,119,1,6000.0,27.483616318219646
isophon,119,1,8000.0,22.10139091124735
isophon,119,2,250.0,6.17560481187936
isophon,119,2,500.0,3.4117498587008157
isophon,119,2,750.0,-4.756275056782599
isophon,119,2,1000.0,-2.435897728676565
isophon,119,2,1500.0,4.9189027707753326
isophon,119,2,2000.0,6.221505314886684
isophon,119,2,3000.0,12.829295284451248
isophon,119,2,4000.0,1.4584891549315842
isophon,119,2,6000.0,15.49889064227871
isophon,119,2,8000.0,6.29846132004279
isophon,119,3,250.0,0.14485469043341936
isophon,119,3,500.0,-4.322858768222943
isophon,119,3,750.0,-3.387678062986325
isophon,119,3,1000.0,5.5317398073021735
isophon,119,3,1500.0,3.2136094747777975
isophon,119,3,2000.0,0.07722419524448298
isophon,119,3,3000.0,6.211377459991098
isophon,119,3,4000.0,-7.131947051266735
isophon,119,3,6000.0,12.547487196958997
isophon,119,3,8000.0,1.9093634361274496
isophon,119,4,250.0,-3.6525939100850167
isophon,119,4,500.0,-5.55793917405515
isophon,119,4,750.0,-3.9260148301877393
isophon,119,4,1000.0,2.875984667871549
isophon,119,4,1500.0,0.7474741205669488
isophon,119,4,2000.0,-4.554250020252326
isophon,119,4,3000.0,9.44146501031473
isophon,119,4,4000.0,-2.469208087131534
isophon,119,4,6000.0,4.0116469971201525
isophon,119,4,8000.0,-5.312201075303108
isophon,119,5,250.0,-2.2904653885830015
isophon,119,5,500.0,-3.293088448619116
isophon,119,5,750.0,0.16163177418552266
isophon,119,5,1000.0,3.121964571727048
isophon,119,5,1500.0,-5.007842625468399
isophon,119,5,2000.0,-6.201277482497758
isophon,119,5,3000.0,4.474324721849712
isophon,119,5,4000.0,-5.487931080714489
isophon,119,5,6000.0,2.710692903812145
isophon,119,5,8000.0,-6.234678299805864
isophon,119,6,250.0,-4.250536391038821
isophon,119,6,500.0,2.4969977136859285
isophon,119,6,750.0,3.6433651193483314
isophon,119,6,1000.0,4.3156912158481475
isophon,119,6,1500.0,-0.7403356064254325
isophon,119,6,2000.0,-1.019991154147263
isophon,119,6,3000.0,6.130449355131702
isophon,119,6,4000.0,-2.3160029289703488
isophon,119,6,6000.0,1.8846446800693997
isophon,119,6,8000.0,-3.4769144102290994
isophon,119,7,250.0,-4.346227222314482
isophon,119,7,500.0,2.8722880710086685
isophon,119,7,750.0,-1.9004167390280315
isophon,119,7,1000.0,2.3059807861666286
isophon,119,7,1500.0,0.17386609462164415
isophon,119,7,2000.0,-0.5385195176263124
isophon,119,7,3000.0,3.9674115526114235
isophon,119,7,4000.0,-1.5742617585992633
isophon,119,7,6000.0,4.530418641321319
isophon,119,7,8000.0,-2.3928879223641673
isophon,119,8,250.0,-3.1362489093741175
isophon,119,8,500.0,-5.186019680309869
isophon,119,8,750.0,-2.596775399699112
isophon,119,8,1000.0,1.7164092775759343
isophon,119,8,1500.0,-2.553628360349606
isophon,119,8,2000.0,1.0225279430787566
isophon,119,8,3000.0,2.171117897349859
isophon,119,8,4000.0,-1.3159154184686344
isophon,119,8,6000.0,0.5818820924735064
isophon,119,8,8000.0,-1.4207062763043439
isophon,119,9,250.0,-3.928478254771406
isophon,119,9,500.0,-6.610070111055194
isophon,119,9,750.0,-4.429067339795452
isophon,119,9,1000.0,1.5776645936667535
isophon,119,9,1500.0,-3.4538374328612917
isophon,119,9,2000.0,2.195318765772683
isophon,119,9,3000.0,-1.035757951419157
isophon,119,9,4000.0,-1.292221000518353
isophon,119,9,6000.0,-1.7564790277296396
isophon,119,9,8000.0,-1.4398432116452824
isophon,119,10,250.0,-7.710519933936979
isophon,119,10,500.0,-4.457937499620726
isophon,119,10,750.0,-2.4134013800566976
isophon,119,10,1000.0,-3.8858916503564274
isophon,119,10,1500.0,-1.462945556640591
isophon,119,10,2000.0,4.174794534078444
isophon,119,10,3000.0,-0.09616210477385323
isophon,119,10,4000.0,-0.9130488689471576
isophon,119,10,6000.0,-1.7116664535793404
isophon,119,10,8000.0,-7.927296369913151
isophon,120,1,250.0,5.0705108427762156
isophon,120,1,500.0,15.880451581517676
isophon,120,1,750.0,-15.33983656201984
isophon,120,1,1000.0,-4.747617314838891
isophon,120,1,1500.0,-13.334713315859602
isophon,120,1,2000.0,-19.651422498846813
isophon,120,1,3000.0,-11.097753553804992
isophon,120,1,4000.0,12.930892189175474
isophon,120,1,6000.0,14.497661781869851
isophon,120,1,8000.0,-3.9676450756613946
isophon,120,2,250.0,9.568756765886711
isophon,120,2,500.0,0.49036496879118374
isophon,120,2,750.0,-1.1875331243783975
isophon,120,2,1000.0,7.42604174648082
isophon,120,2,1500.0,2.3280199053219945
isophon,120,2,2000.0,-5.825004089704194
isophon,120,2,3000.0,0.8422182853257709
isophon,120,2,4000.0,-1.5257000674176169
isophon,120,2,6000.0,0.7157163839989948
isophon,120,2,8000.0,-0.028466955732582733
isophon,120,3,250.0,3.6388403329425927
isophon,120,3,500.0,7.072042853500925
isophon,120,3,750.0,-0.46850453065420083
isophon,120,3,1000.0,5.510154362099563
isophon,120,3,1500.0,1.7521147585803476
isophon,120,3,2000.0,-6.838690800722546
isophon,120,3,3000.0,-0.9918848324233096
isophon,120,3,4000.0,0.04902359591245897
isophon,120,3,6000.0,-3.902648264043947
isophon,120,3,8000.0,-0.5414358105224153
isophon,120,4,250.0,-0.3069886607618173
isophon,120,4,500.0,3.5104038080125406
isophon,120,4,750.0,-2.2701463552278653
isophon,120,4,1000.0,1.1405564725383357
isophon,120,4,1500.0,1.5611209426517547
isophon,120,4,2000.0,0.06115452082819672
isophon,120,4,3000.0,-1.656835935082782
isophon,120,4,4000.0,-4.123757660298878
isophon,120,4,6000.0,-6.40419557261346
isophon,120,4,8000.0,-0.16671089075792622
isophon,120,5,250.0,1.2242736850553797
isophon,120,5,500.0,-7.412416412770241
isophon,120,5,750.0,-2.1302234450310493
isophon,120,5,1000.0,-0.5314429787186157
isophon,120,5,1500.0,0.7605566008337945
isophon,120,5,2000.0,-0.1382814907772172
isophon,120,5,3000.0,-0.5765800165745532
isophon,120,5,4000.0,-3.784661102294919
isophon,120,5,6000.0,-4.647340052339274
isophon,120,5,8000.0,1.3598523628662775
isophon,120,6,250.0,-8.800600817581
isophon,120,6,500.0,-2.8846247230549835
isophon,120,6,750.0,-0.9946208161482843
isophon,120,6,1000.0,0.15252231542854133
isophon,120,6,1500.0,3.65333173874906
isophon,120,6,2000.0,4.0993128287001355
isophon,120,6,3000.0,2.534150487461261
isophon,120,6,4000.0,2.2306867980957037
isophon,120,6,6000.0,-0.709144404145917
isophon,120,6,8000.0,4.244329311265545
isophon,120,7,250.0,-5.879730344884393
isophon,120,7,500.0,0.6404841461964992
isophon,120,7,750.0,4.031380366732691
isophon,120,7,1000.0,5.008345155353609
isophon,120,7,1500.0,1.9047347647331776
isophon,120,7,2000.0,2.244309011701276
isophon,120,7,3000.0,-3.1680891935900917
isophon,120,7,4000.0,4.676458435058592
isophon,120,7,6000.0,0.585897091952134
isophon,120,7,8000.0,3.7627205618317987
isophon,120,8,250.0,-2.551003647150651
isophon,120,8,500.0,-1.9588667780149933
isophon,120,8,750.0,0.8790373469643384
isophon,120,8,1000.0,1.1662004679945568
isophon,120,8,1500.0,0.5847237407362655
isophon,120,8,2000.0,1.4100503306026582
isophon,120,8,3000.0,-0.8442501831054727
isophon,120,8,4000.0,5.04495956420898
isophon,120,8,6000.0,1.9391623202236161
isophon,120,8,8000.0,4.8196043191244655
isophon,120,9,250.0,-1.1118599565374296
isophon,120,9,500.0,-3.931635397693796
isophon,120,9,750.0,-0.62426809790405
isophon,120,9,1000.0,0.05217400564869479
isophon,120,9,1500.0,2.4811613707867366
isophon,120,9,2000.0,1.73924124986398
isophon,120,9,3000.0,2.196865997314447
isophon,120,9,4000.0,4.59736724853515
isophon,120,9,6000.0,3.5054478732021295
isophon,120,9,8000.0,5.685415439132157
isophon,120,10,250.0,-1.8401478091114285
isophon,120,10,500.0,-2.383756944106068
isophon,120,10,750.0,-2.4796577453611093
isophon,120,10,1000.0,-2.663987731933588
isophon,120,10,1500.0,4.541848521635615
isophon,120,10,2000.0,4.036258153433337
isophon,120,10,3000.0,3.8479980468750057
isophon,120,10,4000.0,4.924604797363287
isophon,120,10,6000.0,5.067861508456048
isophon,120,10,8000.0,5.763816368105495
isophon,121,1,250.0,-11.560108175764384
isophon,121,1,500.0,9.597553009523104
isophon,121,1,750.0,7.784242345612796
isophon,121,1,1000.0,13.970229337392361
isophon,121,1,1500.0,0.5622769198284274
isophon,121,1,2000.0,7.942764887557395
isophon,121,1,3000.0,13.434906081183861
isophon,121,1,4000.0,12.519649386850332
isophon,121,1,6000.0,-11.03947032405533
isophon,121,1,8000.0,12.791391199783163
isophon,121,2,250.0,-6.533148182650805
isophon,121,2,500.0,0.591120307415089
isophon,121,2,750.0,3.63424834920216
isophon,121,2,1000.0,2.9434641575328797
isophon,121,2,1500.0,-6.091810607310343
isophon,121,2,2000.0,-2.7860856983337285
isophon,121,2,3000.0,-4.339894165382837
isophon,121,2,4000.0,2.282537377017661
isophon,121,2,6000.0,3.7944317310549707
isophon,121,2,8000.0,13.390456288270428
isophon,121,3,250.0,-0.4265017331828318
isophon,121,3,500.0,-2.0894724042729536
isophon,121,3,750.0,-0.9636611065765806
isophon,121,3,1000.0,1.083163769164301
isophon,121,3,1500.0,-3.5902813112195986
isophon,121,3,2000.0,7.741307228551776
isophon,121,3,3000.0,4.182108186360914
isophon,121,3,4000.0,4.273731595309812
isophon,121,3,6000.0,-2.014603382027232
isophon,121,3,8000.0,18.938501718709418
isophon,121,4,250.0,7.066707400326237
isophon,121,4,500.0,0.4619435099356366
isophon,121,4,750.0,-2.3039701866331086
isophon,121,4,1000.0,2.9041704075512556
isophon,121,4,1500.0,-6.383447981229779
isophon,121,4,2000.0,1.1568039571692736
isophon,121,4,3000.0,4.4519680353266295
isophon,121,4,4000.0,10.803039110910774
isophon,121,4,6000.0,0.4921385613321263
isophon,121,4,8000.0,20.29809855027267
isophon,121,5,250.0,4.5354215555509825
isophon,121,5,500.0,0.8576839896302033
isophon,121,5,750.0,-2.896666567888616
isophon,121,5,1000.0,-5.725173633925181
isophon,121,5,1500.0,-7.227534635884965
isophon,121,5,2000.0,6.896117434500866
isophon,121,5,3000.0,6.972933393344903
isophon,121,5,4000.0,11.346565137955452
isophon,121,5,6000.0,4.346056244412978
isophon,121,5,8000.0,22.191365021428908
isophon,121,6,250.0,11.020548109328203
isophon,121,6,500.0,11.703694864416718
isophon,121,6,750.0,4.0316570336082975
isophon,121,6,1000.0,-0.47424407510632705
isophon,121,6,1500.0,-5.910803987331121
isophon,121,6,2000.0,-9.012067290298347
isophon,121,6,3000.0,-0.7480343856312999
isophon,121,6,4000.0,15.725525202907164
isophon,121,6,6000.0,3.8233491643866273
isophon,121,6,8000.0,21.180429225193947
isophon,121,7,250.0,15.461847550567413
isophon,121,7,500.0,10.450526844878809
isophon,121,7,750.0,9.269286853538219
isophon,121,7,1000.0,4.590690326474629
isophon,121,7,1500.0,-1.9884684636421355
isophon,121,7,2000.0,-4.820103202444017
isophon,121,7,3000.0,3.7855239193463888
isophon,121,7,4000.0,16.15611638106087
isophon,121,7,6000.0,2.9732614952176704
isophon,121,7,8000.0,19.6269106357459
isophon,121,8,250.0,13.693952608962178
isophon,121,8,500.0,11.371136831747677
isophon,121,8,750.0,10.87025490695514
isophon,121,8,1000.0,6.881311356993393
isophon,121,8,1500.0,-1.2065355698290006
isophon,121,8,2000.0,-1.3360814128487846
isophon,121,8,3000.0,7.831365638204076
isophon,121,8,4000.0,15.67081962958136
isophon,121,8,6000.0,4.2419085693359335
isophon,121,8,8000.0,19.56980785017761
isophon,121,9,250.0,12.130874356920955
isophon,121,9,500.0,13.097947275965694
isophon,121,9,750.0,10.35548349947912
isophon,121,9,1000.0,9.18068415013586
isophon,121,9,1500.0,0.5246019137103985
isophon,121,9,2000.0,1.2138947504734006
isophon,121,9,3000.0,11.442668257075965
isophon,121,9,4000.0,13.028687745988222
isophon,121,9,6000.0,5.949398956298822
isophon,121,9,8000.0,19.9405594672821
isophon,121,10,250.0,4.373517581070288
isophon,121,10,500.0,4.354349022753496
isophon,121,10,750.0,4.562404541536424
isophon,121,10,1000.0,6.1177827620539915
isophon,121,10,1500.0,-0.014349458939520332
isophon,121,10,2000.0,-1.1559962685768284
isophon,121,10,3000.0,10.63053288904976
isophon,121,10,4000.0,10.175109961481297
isophon,121,10,6000.0,7.215063476562506
isophon,121,10,8000.0,17.64784382196926
isophon,122,1,250.0,1.9591158599081382
isophon,122,1,500.0,11.483076868425002
isophon,122,1,750.0,-0.460868344984803
isophon,122,1,1000.0,-1.8134006745941633
isophon,122,1,1500.0,-14.94565520252155
isophon,122,1,2000.0,-14.246712198021157
isophon,122,1,3000.0,-14.575546699038284
isophon,122,1,4000.0,-20.014528463698618
isophon,122,1,6000.0,-17.73523313163986
isophon,122,1,8000.0,-17.42197444712039
isophon,122,2,250.0,-1.672294788145848
isophon,122,2,500.0,7.629697853422044
isophon,122,2,750.0,6.678274203846726
isophon,122,2,1000.0,3.927774099190458
isophon,122,2,1500.0,-0.2611905971402422
isophon,122,2,2000.0,2.381073173273194
isophon,122,2,3000.0,-11.280550611291247
isophon,122,2,4000.0,-12.933408567432679
isophon,122,2,6000.0,-16.329322839202092
isophon,122,2,8000.0,-26.35398322618029
isophon,122,3,250.0,3.0632021599652575
isophon,122,3,500.0,9.556093635272234
isophon,122,3,750.0,8.407280919744778
isophon,122,3,1000.0,5.204648796454023
isophon,122,3,1500.0,0.6812057503120172
isophon,122,3,2000.0,3.1606631203679143
isophon,122,3,3000.0,-4.763185219510504
isophon,122,3,4000.0,-7.678152026354468
isophon,122,3,6000.0,-5.74308987666403
isophon,122,3,8000.0,-15.547451677408475
isophon,122,4,250.0,10.617273364026062
isophon,122,4,500.0,11.253154228852026
isophon,122,4,750.0,10.891975635520467
isophon,122,4,1000.0,9.254418892980368
isophon,122,4,1500.0,3.842391485889678
isophon,122,4,2000.0,3.27522061334237
isophon,122,4,3000.0,-1.5462320701547583
isophon,122,4,4000.0,-2.8138805823638506
isophon,122,4,6000.0,-0.8913432831758712
isophon,122,4,8000.0,-5.8087531308379425
isophon,122,5,250.0,13.07167358398442
isophon,122,5,500.0,7.978050128759364
isophon,122,5,750.0,9.63625603896989
isophon,122,5,1000.0,11.205893178365017
isophon,122,5,1500.0,5.268842619425698
isophon,122,5,2000.0,5.128845693746868
isophon,122,5,3000.0,0.19541333309139475
isophon,122,5,4000.0,-0.5298261819160217
isophon,122,5,6000.0,1.1690945653905231
isophon,122,5,8000.0,-4.4595821835731755
isophon,122,6,250.0,16.257431640625043
isophon,122,6,500.0,12.958760577978111
isophon,122,6,750.0,14.274702390689683
isophon,122,6,1000.0,12.391128850991976
isophon,122,6,1500.0,4.250651206270575
isophon,122,6,2000.0,3.710950911974521
isophon,122,6,3000.0,3.306586073754474
isophon,122,6,4000.0,3.2326397683378616
isophon,122,6,6000.0,0.4766922452305238
isophon,122,6,8000.0,-4.388379640403073
isophon,122,7,250.0,14.96195037841801
isophon,122,7,500.0,15.017771503271078
isophon,122,7,750.0,14.201713346500227
isophon,122,7,1000.0,14.435391526369486
isophon,122,7,1500.0,7.232168006149237
isophon,122,7,2000.0,7.687181717164378
isophon,122,7,3000.0,3.3991149969206162
isophon,122,7,4000.0,6.557403950794196
isophon,122,7,6000.0,1.0680882578619162
isophon,122,7,8000.0,-6.461372645112817
isophon,122,8,250.0,13.7113757324219
isophon,122,8,500.0,12.237915579786275
isophon,122,8,750.0,13.084172888639912
isophon,122,8,1000.0,13.283628067973254
isophon,122,8,1500.0,6.817471305433173
isophon,122,8,2000.0,7.206338448475435
isophon,122,8,3000.0,4.881214903063309
isophon,122,8,4000.0,6.38098854627026
isophon,122,8,6000.0,1.0341494628067096
isophon,122,8,8000.0,-3.7675799165335206
isophon,122,9,250.0,12.505940399169944
isophon,122,9,500.0,8.802491149902337
isophon,122,9,750.0,8.824562365314605
isophon,122,9,1000.0,12.359330665343322
isophon,122,9,1500.0,5.062824244547386
isophon,122,9,2000.0,5.225908746878602
isophon,122,9,3000.0,6.735034628732521
isophon,122,9,4000.0,5.299267506031114
isophon,122,9,6000.0,1.9522952384664052
isophon,122,9,8000.0,-1.6997547055547386
isophon,122,10,250.0,9.29950942993166
isophon,122,10,500.0,7.58767929077149
isophon,122,10,750.0,4.924227142334004
isophon,122,10,1000.0,8.38828968147294
isophon,122,10,1500.0,3.6050618329786204
isophon,122,10,2000.0,4.528008359446673
isophon,122,10,3000.0,5.955304817128535
isophon,122,10,4000.0,3.6360632086855134
isophon,122,10,6000.0,1.4928037646988628
isophon,122,10,8000.0,-0.6249608902004269
isophon,123,1,250.0,-2.912452869443001
isophon,123,1,500.0,-19.915819577174815
isophon,123,1,750.0,7.57583237635987
isophon,123,1,1000.0,-7.998870495564049
isophon,123,1,1500.0,-7.454051458166159
isophon,123,1,2000.0,-22.24004726941409
isophon,123,1,3000.0,-12.90951375223213
isophon,123,1,4000.0,7.691206528486916
isophon,123,1,6000.0,-8.607274996920367
isophon,123,1,8000.0,6.729483037390672
isophon,123,2,250.0,1.0936850486009817
isophon,123,2,500.0,2.1205938514600007
isophon,123,2,750.0,6.119970008625444
isophon,123,2,1000.0,-1.7535098380590597
isophon,123,2,1500.0,-1.3389224732426754
isophon,123,2,2000.0,6.4967583632182055
isophon,123,2,3000.0,1.4064757470454339
isophon,123,2,4000.0,12.188598382693186
isophon,123,2,6000.0,-4.731953616087878
isophon,123,2,8000.0,6.027601025672055
isophon,123,3,250.0,1.2941041643229312
isophon,123,3,500.0,5.086407302314669
isophon,123,3,750.0,3.7575281758787753
isophon,123,3,1000.0,-0.7357710532906765
isophon,123,3,1500.0,0.1425759509068314
isophon,123,3,2000.0,3.834902966806851
isophon,123,3,3000.0,-1.5048601472416863
isophon,123,3,4000.0,8.558387962117791
isophon,123,3,6000.0,-4.627064755667675
isophon,123,3,8000.0,8.41283097702933
isophon,123,4,250.0,-5.315887532425776
isophon,123,4,500.0,14.776684095698627
isophon,123,4,750.0,3.611908483193261
isophon,123,4,1000.0,-0.13461985785352226
isophon,123,4,1500.0,-0.6860147114915378
isophon,123,4,2000.0,0.8722901258119862
isophon,123,4,3000.0,-5.544823265285274
isophon,123,4,4000.0,5.256399033192224
isophon,123,4,6000.0,-2.6390111104781795
isophon,123,4,8000.0,9.41736483120377
isophon,123,5,250.0,0.699380259322254
isophon,123,5,500.0,10.941397292190686
isophon,123,5,750.0,5.3297337456763785
isophon,123,5,1000.0,-1.6347240693099252
isophon,123,5,1500.0,-3.8431877529197322
isophon,123,5,2000.0,3.043404454162996
isophon,123,5,3000.0,1.6048003569935787
isophon,123,5,4000.0,11.232822992244309
isophon,123,5,6000.0,-0.0388104483119065
isophon,123,5,8000.0,13.112315634718229
isophon,123,6,250.0,-2.824779619730208
isophon,123,6,500.0,-0.5648547988831893
isophon,123,6,750.0,1.3001821260549917
isophon,123,6,1000.0,-3.760925352935601
isophon,123,6,1500.0,-6.686915575603265
isophon,123,6,2000.0,1.5455584280465047
isophon,123,6,3000.0,-1.7521397074217333
isophon,123,6,4000.0,10.598359578191165
isophon,123,6,6000.0,-0.5581473699753445
isophon,123,6,8000.0,3.7303062499620836
isophon,123,7,250.0,-0.021479296243867907
isophon,123,7,500.0,-1.6661645475666944
isophon,123,7,750.0,-1.9168982796782785
isophon,123,7,1000.0,-0.22645227497825715
isophon,123,7,1500.0,-4.600068804363033
isophon,123,7,2000.0,4.175842149975978
isophon,123,7,3000.0,-0.44151717973261384
isophon,123,7,4000.0,4.9749489475240125
isophon,123,7,6000.0,-2.758738822367448
isophon,123,7,8000.0,3.4698867406502245
isophon,123,8,250.0,-3.2057731109166525
isophon,123,8,500.0,-2.80719561034833
isophon,123,8,750.0,-1.826160885874927
isophon,123,8,1000.0,-0.4155407593005549
isophon,123,8,1500.0,-6.564119525116482
isophon,123,8,2000.0,4.6494966478632165
isophon,123,8,3000.0,2.6159561993540166
isophon,123,8,4000.0,4.681862142898169
isophon,123,8,6000.0,-2.1756480275867887
isophon,123,8,8000.0,4.11647656183267
isophon,123,9,250.0,-5.357406880920436
isophon,123,9,500.0,-2.2234821092643102
isophon,123,9,750.0,-0.011709271558629553
isophon,123,9,1000.0,-1.0540644585900907
isophon,123,9,1500.0,-5.863150634765503
isophon,123,9,2000.0,3.1156366605136725
isophon,123,9,3000.0,5.258573143138534
isophon,123,9,4000.0,5.766089634060975
isophon,123,9,6000.0,-2.1520192161054865
isophon,123,9,8000.0,4.135912002689167
isophon,123,10,250.0,-3.54934082031248
isophon,123,10,500.0,-0.35436487746947876
isophon,123,10,750.0,0.8125972177739413
isophon,123,10,1000.0,-2.1507321960871195
isophon,123,10,1500.0,-5.023954010009646
isophon,123,10,2000.0,3.419315558806673
isophon,123,10,3000.0,5.429620636664239
isophon,123,10,4000.0,6.3576329454216705
isophon,123,10,6000.0,-2.1539237841245154
isophon,123,10,8000.0,3.97537799845162
isophon,124,1,250.0,-8.209408657123717
isophon,124,1,500.0,-0.251379919722865
isophon,124,1,750.0,12.475400589913306
isophon,124,1,1000.0,5.886952155418655
isophon,124,1,1500.0,-9.271182881533832
isophon,124,1,2000.0,3.6091055575955338
isophon,124,1,3000.0,9.122389848485632
isophon,124,1,4000.0,-2.3128935294828636
isophon,124,1,6000.0,-0.8153954722784249
isophon,124,1,8000.0,10.261074057353795
isophon,124,2,250.0,-1.9915638756169187
isophon,124,2,500.0,-5.325058838611824
isophon,124,2,750.0,-3.527651478487371
isophon,124,2,1000.0,-4.532310218887403
isophon,124,2,1500.0,-0.5877386814654386
isophon,124,2,2000.0,-1.3867920203673663
isophon,124,2,3000.0,4.7828538291284985
isophon,124,2,4000.0,-0.37621649536450263
isophon,124,2,6000.0,2.588339762000487
isophon,124,2,8000.0,-0.7353114600283845
isophon,124,3,250.0,-0.8369335358423342
isophon,124,3,500.0,-3.647705555737417
isophon,124,3,750.0,-0.16184522696551085
isophon,124,3,1000.0,-1.3767033165394338
isophon,124,3,1500.0,-1.6284918409009492
isophon,124,3,2000.0,-4.147779261366608
isophon,124,3,3000.0,6.550018691730685
isophon,124,3,4000.0,-2.22345453731765
isophon,124,3,6000.0,0.2824820118056266
isophon,124,3,8000.0,1.5012463873335946
isophon,124,4,250.0,0.4677526581127722
isophon,124,4,500.0,-2.976204943999946
isophon,124,4,750.0,4.392356935646404
isophon,124,4,1000.0,3.0074064659972635
isophon,124,4,1500.0,2.89200599566621
isophon,124,4,2000.0,-1.3185986840737485
isophon,124,4,3000.0,4.01572079165841
isophon,124,4,4000.0,0.3997808492527639
isophon,124,4,6000.0,4.242073686687931
isophon,124,4,8000.0,5.736728723492462
isophon,124,5,250.0,4.5724920822336514
isophon,124,5,500.0,-2.074152994967079
isophon,124,5,750.0,-0.23321680122654698
isophon,124,5,1000.0,1.9239065416161765
isophon,124,5,1500.0,-1.346470941002849
isophon,124,5,2000.0,-0.7378916530072104
isophon,124,5,3000.0,5.761095519624831
isophon,124,5,4000.0,-4.725519737678127
isophon,124,5,6000.0,7.001435044011629
isophon,124,5,8000.0,2.5347450775192897
isophon,124,6,250.0,7.131851863446897
isophon,124,6,500.0,4.863012799794973
isophon,124,6,750.0,5.799468939394032
isophon,124,6,1000.0,4.895865388004083
isophon,124,6,1500.0,-1.3607907362191867
isophon,124,6,2000.0,0.3110462581738176
isophon,124,6,3000.0,4.145948664729161
isophon,124,6,4000.0,-5.632831807266513
isophon,124,6,6000.0,2.030313016150231
isophon,124,6,8000.0,-5.473312728740808
isophon,124,7,250.0,5.806791627420125
isophon,124,7,500.0,-0.39943600682990166
isophon,124,7,750.0,-2.2177871356835794
isophon,124,7,1000.0,-2.1196348233177815
isophon,124,7,1500.0,-1.31617586208867
isophon,124,7,2000.0,-3.7706301357856944
isophon,124,7,3000.0,-0.6775678335032893
isophon,124,7,4000.0,-10.325175201438782
isophon,124,7,6000.0,0.8379838032201832
isophon,124,7,8000.0,-3.215252397305946
isophon,124,8,250.0,2.6710158677074958
isophon,124,8,500.0,-3.823191954947575
isophon,124,8,750.0,-5.429208369850471
isophon,124,8,1000.0,-1.9823350332452634
isophon,124,8,1500.0,-2.0278929243561237
isophon,124,8,2000.0,-0.6991262635478961
isophon,124,8,3000.0,1.0758838508886583
isophon,124,8,4000.0,-11.820850830078129
isophon,124,8,6000.0,-3.077264827577565
isophon,124,8,8000.0,-7.041945592119745
isophon,124,9,250.0,0.8825864321051142
isophon,124,9,500.0,-7.331258266615592
isophon,124,9,750.0,-8.846265476834702
isophon,124,9,1000.0,-2.131114859370271
isophon,124,9,1500.0,-1.3313058209902096
isophon,124,9,2000.0,-0.32164156977833613
isophon,124,9,3000.0,4.586074153000155
isophon,124,9,4000.0,-9.82593826293946
isophon,124,9,6000.0,-6.293699538347624
isophon,124,9,8000.0,-8.9889741786222
isophon,124,10,250.0,-4.514321816737777
isophon,124,10,500.0,-6.228385116107859
isophon,124,10,750.0,-6.067344920115815
isophon,124,10,1000.0,0.8373057002368256
isophon,124,10,1500.0,-5.015500595353188
isophon,124,10,2000.0,0.89330666441478
isophon,124,10,3000.0,6.275717418110716
isophon,124,10,4000.0,-8.117253875732416
isophon,124,10,6000.0,-3.890847563384412
isophon,124,10,8000.0,-6.059084316026215
isophon,125,1,250.0,-8.600676741361838
isophon,125,1,500.0,-7.725731039169155
isophon,125,1,750.0,-12.959072952976058
isophon,125,1,1000.0,-16.35273256278805
isophon,125,1,1500.0,19.017255467957668
isophon,125,1,2000.0,14.110497250006276
isophon,125,1,3000.0,18.607476980986377
isophon,125,1,4000.0,17.87939949852492
isophon,125,1,6000.0,17.058446700648403
isophon,125,1,8000.0,2.397217850495167
isophon,125,2,250.0,10.96862466551751
isophon,125,2,500.0,1.0599878994973864
isophon,125,2,750.0,-5.83894816948694
isophon,125,2,1000.0,2.248160915844423
isophon,125,2,1500.0,3.368805488046803
isophon,125,2,2000.0,0.5059188758914885
isophon,125,2,3000.0,13.485935258002662
isophon,125,2,4000.0,8.035244844759404
isophon,125,2,6000.0,2.587185164019104
isophon,125,2,8000.0,3.02238920434462
isophon,125,3,250.0,3.956950997611102
isophon,125,3,500.0,4.366462542347136
isophon,125,3,750.0,-3.3403172555977534
isophon,125,3,1000.0,-0.9458933688592452
isophon,125,3,1500.0,2.5629918366916655
isophon,125,3,2000.0,4.258747805989202
isophon,125,3,3000.0,16.367178159939968
isophon,125,3,4000.0,5.204813790892786
isophon,125,3,6000.0,0.5277278867499149
isophon,125,3,8000.0,4.31680264125491
isophon,125,4,250.0,-3.6896954898363106
isophon,125,4,500.0,6.887734406256513
isophon,125,4,750.0,0.5716196167369674
isophon,125,4,1000.0,1.2805709406505628
isophon,125,4,1500.0,-1.3586898956071138
isophon,125,4,2000.0,3.8991344169044595
isophon,125,4,3000.0,7.83864872923084
isophon,125,4,4000.0,6.478683595448416
isophon,125,4,6000.0,0.7466107131105844
isophon,125,4,8000.0,7.4011062011331035
isophon,125,5,250.0,-1.6531743311866052
isophon,125,5,500.0,4.070443870797277
isophon,125,5,750.0,-1.9471615872841568
isophon,125,5,1000.0,-2.68621346175388
isophon,125,5,1500.0,-5.6162903160315665
isophon,125,5,2000.0,-0.9704372137754831
isophon,125,5,3000.0,-3.846720584705153
isophon,125,5,4000.0,1.4473801792769052
isophon,125,5,6000.0,5.511805339146761
isophon,125,5,8000.0,11.815220782345037
isophon,125,6,250.0,-1.535638757059374
isophon,125,6,500.0,-0.10551391958301792
isophon,125,6,750.0,1.7006234190625662
isophon,125,6,1000.0,1.0953057073267587
isophon,125,6,1500.0,-4.721994367723241
isophon,125,6,2000.0,3.187948174213602
isophon,125,6,3000.0,-1.2013256462461044
isophon,125,6,4000.0,1.328134144799293
isophon,125,6,6000.0,3.1118556034396505
isophon,125,6,8000.0,9.568269463407418
isophon,125,7,250.0,1.8619865122621349
isophon,125,7,500.0,0.9012023461849168
isophon,125,7,750.0,3.3522291382984264
isophon,125,7,1000.0,1.3149640668074483
isophon,125,7,1500.0,-5.577942101141403
isophon,125,7,2000.0,-0.3714349660860137
isophon,125,7,3000.0,-4.392890152659959
isophon,125,7,4000.0,0.41075750992715143
isophon,125,7,6000.0,4.372669292340547
isophon,125,7,8000.0,10.066773110117396
isophon,125,8,250.0,2.9694135089171425
isophon,125,8,500.0,1.661194411614602
isophon,125,8,750.0,2.134361958842689
isophon,125,8,1000.0,0.8671193300660462
isophon,125,8,1500.0,-2.6016197419939147
isophon,125,8,2000.0,0.34910253486052056
isophon,125,8,3000.0,-2.5390572616528715
isophon,125,8,4000.0,2.052047639260266
isophon,125,8,6000.0,3.700131542612766
isophon,125,8,8000.0,11.538102774713735
isophon,125,9,250.0,2.877834987855479
isophon,125,9,500.0,2.6496372521907574
isophon,125,9,750.0,4.358517041033821
isophon,125,9,1000.0,1.2524873524334907
isophon,125,9,1500.0,-1.0658597395519251
isophon,125,9,2000.0,-0.18828243233576814
isophon,125,9,3000.0,-0.794192300736114
isophon,125,9,4000.0,3.1466652673662026
isophon,125,9,6000.0,2.748475638868058
isophon,125,9,8000.0,12.215971079089229
isophon,125,10,250.0,2.839978343884354
isophon,125,10,500.0,0.09636917114258381
isophon,125,10,750.0,4.912449566454725
isophon,125,10,1000.0,3.4741171418607735
isophon,125,10,1500.0,0.482451355939844
isophon,125,10,2000.0,0.0017911518439746033
isophon,125,10,3000.0,1.2874885208532305
isophon,125,10,4000.0,3.452894331688242
isophon,125,10,6000.0,3.5709910315251534
isophon,125,10,8000.0,11.284452603313227
isophon,126,1,250.0,17.014340750205776
isophon,126,1,500.0,-9.731425869857219
isophon,126,1,750.0,-1.1019730544107063
isophon,126,1,1000.0,-9.715620063325431
isophon,126,1,1500.0,-1.9929333729029395
isophon,126,1,2000.0,-3.931052528445427
isophon,126,1,3000.0,12.403827380192752
isophon,126,1,4000.0,-8.810811528785393
isophon,126,1,6000.0,-11.977344060960249
isophon,126,1,8000.0,-3.882371022407085
isophon,126,2,250.0,13.509435240306516
isophon,126,2,500.0,9.124564482113556
isophon,126,2,750.0,6.480629459733279
isophon,126,2,1000.0,7.019389733307776
isophon,126,2,1500.0,-8.816516765464598
isophon,126,2,2000.0,-4.404495345088094
isophon,126,2,3000.0,4.572005939307616
isophon,126,2,4000.0,-2.722627792391336
isophon,126,2,6000.0,-1.8150646868575677
isophon,126,2,8000.0,6.914262472304344
isophon,126,3,250.0,4.227655634053718
isophon,126,3,500.0,5.51689696170655
isophon,126,3,750.0,7.106211436140754
isophon,126,3,1000.0,8.645561870899982
isophon,126,3,1500.0,-8.594544662933757
isophon,126,3,2000.0,-6.9709586736668285
isophon,126,3,3000.0,5.8585480054764645
isophon,126,3,4000.0,0.5554911488353866
isophon,126,3,6000.0,-2.730456672900118
isophon,126,3,8000.0,3.783592403412868
isophon,126,4,250.0,0.16019121096059052
isophon,126,4,500.0,-1.922684736986227
isophon,126,4,750.0,3.7798879421240485
isophon,126,4,1000.0,0.8865943801243787
isophon,126,4,1500.0,-8.195806855895398
isophon,126,4,2000.0,-2.460289800609033
isophon,126,4,3000.0,6.275661643301476
isophon,126,4,4000.0,1.2185397921563208
isophon,126,4,6000.0,0.43627686459056747
isophon,126,4,8000.0,4.63911334079836
isophon,126,5,250.0,-0.6609021868647318
isophon,126,5,500.0,1.1456161708898662
isophon,126,5,750.0,4.757382005577256
isophon,126,5,1000.0,2.5903067896342122
isophon,126,5,1500.0,-6.335002711637131
isophon,126,5,2000.0,-1.645545385325832
isophon,126,5,3000.0,6.994851161444274
isophon,126,5,4000.0,-4.9513676728934115
isophon,126,5,6000.0,0.547789468350345
isophon,126,5,8000.0,3.4817802429199247
isophon,126,6,250.0,-5.804299487181311
isophon,126,6,500.0,-4.7079572948101145
isophon,126,6,750.0,-4.940396682543863
isophon,126,6,1000.0,-3.287721013792165
isophon,126,6,1500.0,-11.572374553511892
isophon,126,6,2000.0,-10.448159918400194
isophon,126,6,3000.0,3.09569640161628
isophon,126,6,4000.0,-6.762639921635625
isophon,126,6,6000.0,0.8049281402253428
isophon,126,6,8000.0,6.03950180053711
isophon,126,7,250.0,-5.180431078978188
isophon,126,7,500.0,-6.536152388559202
isophon,126,7,750.0,-6.455336991506371
isophon,126,7,1000.0,-3.440117328395104
isophon,126,7,1500.0,-9.192689299104032
isophon,126,7,2000.0,-12.437330169677736
isophon,126,7,3000.0,2.8842483589801873
isophon,126,7,4000.0,-5.884743809411319
isophon,126,7,6000.0,0.25391786052179555
isophon,126,7,8000.0,5.499517517089842
isophon,126,8,250.0,-4.6990399169921915
isophon,126,8,500.0,-7.383383143022499
isophon,126,8,750.0,-4.827879131439971
isophon,126,8,1000.0,-1.3581915986885207
isophon,126,8,1500.0,-7.558455450363255
isophon,126,8,2000.0,-10.641899566650395
isophon,126,8,3000.0,-5.408592551108768
isophon,126,8,4000.0,-4.142613777356615
isophon,126,8,6000.0,-0.7844662414814678
isophon,126,8,8000.0,5.358565826416012
isophon,126,9,250.0,-4.0333090209961
isophon,126,9,500.0,-7.642285123326545
isophon,126,9,750.0,-4.154215540041278
isophon,126,9,1000.0,0.19815157742935696
isophon,126,9,1500.0,-6.240012105249917
isophon,126,9,2000.0,-8.711550750732428
isophon,126,9,3000.0,-8.736151733398444
isophon,126,9,4000.0,-2.9283253201485877
isophon,126,9,6000.0,-2.793374424973095
isophon,126,9,8000.0,4.112942657470697
isophon,126,10,250.0,-2.230180358886713
isophon,126,10,500.0,-5.509076797377631
isophon,126,10,750.0,-3.406581366346046
isophon,126,10,1000.0,1.5364474186769286
isophon,126,10,1500.0,-4.928919442992665
isophon,126,10,2000.0,-7.143025970458979
isophon,126,10,3000.0,-6.237348175048822
isophon,126,10,4000.0,-2.264058911819234
isophon,126,10,6000.0,-3.182481384277338
isophon,126,10,8000.0,2.7989486694335994
isophon,127,1,250.0,-2.352078389125495
isophon,127,1,500.0,13.564218911484232
isophon,127,1,750.0,10.64965252918195
isophon,127,1,1000.0,9.801007811585208
isophon,127,1,1500.0,-1.295439279667164
isophon,127,1,2000.0,11.689702932116063
isophon,127,1,3000.0,8.368377987143589
isophon,127,1,4000.0,-3.3414159209286822
isophon,127,1,6000.0,1.4512784095049938
isophon,127,1,8000.0,10.058485844332608
isophon,127,2,250.0,-5.7269866144708885
isophon,127,2,500.0,5.457898299929724
isophon,127,2,750.0,13.186101449860502
isophon,127,2,1000.0,13.905848930224067
isophon,127,2,1500.0,-1.4626266963649641
isophon,127,2,2000.0,5.455699995158824
isophon,127,2,3000.0,-3.889097743478999
isophon,127,2,4000.0,-4.834854359153155
isophon,127,2,6000.0,0.525058169405284
isophon,127,2,8000.0,9.440329002935258
isophon,127,3,250.0,-0.08094714395900837
isophon,127,3,500.0,12.482036505299476
isophon,127,3,750.0,21.620113021785187
isophon,127,3,1000.0,18.123120200976018
isophon,127,3,1500.0,4.365218322501221
isophon,127,3,2000.0,9.249063700375658
isophon,127,3,3000.0,0.1718813136965167
isophon,127,3,4000.0,-0.5894151002773071
isophon,127,3,6000.0,8.270945389160502
isophon,127,3,8000.0,14.541336288741547
isophon,127,4,250.0,5.916981747012059
isophon,127,4,500.0,16.7486329538213
isophon,127,4,750.0,27.119454454777298
isophon,127,4,1000.0,21.22830422197211
isophon,127,4,1500.0,12.23091755799662
isophon,127,4,2000.0,11.648858993448854
isophon,127,4,3000.0,3.9210731853321192
isophon,127,4,4000.0,3.679103935974638
isophon,127,4,6000.0,12.377187914664532
isophon,127,4,8000.0,19.81562557717676
isophon,127,5,250.0,4.92574063246164
isophon,127,5,500.0,15.07955937759985
isophon,127,5,750.0,23.924265442599676
isophon,127,5,1000.0,20.638118522509217
isophon,127,5,1500.0,11.785512376993566
isophon,127,5,2000.0,10.473494886648709
isophon,127,5,3000.0,5.620348202541891
isophon,127,5,4000.0,3.9652043382232023
isophon,127,5,6000.0,10.13476655587344
isophon,127,5,8000.0,17.021647987630743
isophon,127,6,250.0,4.04757359194933
isophon,127,6,500.0,9.31066244925978
isophon,127,6,750.0,11.1331305766696
isophon,127,6,1000.0,8.229729610537348
isophon,127,6,1500.0,4.450325744792153
isophon,127,6,2000.0,2.6065963246333865
isophon,127,6,3000.0,3.7616026903263986
isophon,127,6,4000.0,3.4541611106798626
isophon,127,6,6000.0,7.26357679556844
isophon,127,6,8000.0,16.757299334560884
isophon,127,7,250.0,3.734350921693249
isophon,127,7,500.0,10.373640049674222
isophon,127,7,750.0,3.1950337609517305
isophon,127,7,1000.0,3.114652709960936
isophon,127,7,1500.0,2.3530173343617946
isophon,127,7,2000.0,4.655084563969666
isophon,127,7,3000.0,1.0635033852691151
isophon,127,7,4000.0,2.645112470759983
isophon,127,7,6000.0,5.869452198065915
isophon,127,7,8000.0,14.05495306363295
isophon,127,8,250.0,4.4606577281914355
isophon,127,8,500.0,8.997614735619948
isophon,127,8,750.0,3.6034246037255855
isophon,127,8,1000.0,4.417857666015621
isophon,127,8,1500.0,2.3079757860836025
isophon,127,8,2000.0,5.555515005016005
isophon,127,8,3000.0,3.3596543131397
isophon,127,8,4000.0,2.695929241355614
isophon,127,8,6000.0,4.848565050229794
isophon,127,8,8000.0,13.293231406124207
isophon,127,9,250.0,4.101936663779952
isophon,127,9,500.0,7.981665543372259
isophon,127,9,750.0,2.0611545686302435
isophon,127,9,1000.0,4.651677093505853
isophon,127,9,1500.0,1.7318532627145515
isophon,127,9,2000.0,5.993581545051796
isophon,127,9,3000.0,5.451011699681473
isophon,127,9,4000.0,2.1183692655373108
isophon,127,9,6000.0,4.3052540248403375
isophon,127,9,8000.0,11.283478127628612
isophon,127,10,250.0,4.552704610837608
isophon,127,10,500.0,7.891633017706624
isophon,127,10,750.0,1.0783719617645602
isophon,127,10,1000.0,4.782980346679693
isophon,127,10,1500.0,2.0776899553085144
isophon,127,10,2000.0,5.671314131320116
isophon,127,10,3000.0,6.311009886436523
isophon,127,10,4000.0,0.7728264865262844
isophon,127,10,6000.0,3.323260654333197
isophon,127,10,8000.0,9.255953283086626
isophon,128,1,250.0,22.90311467747503
isophon,128,1,500.0,-2.4715806906069204
isophon,128,1,750.0,-4.254967540535347
isophon,128,1,1000.0,-5.327536106421647
isophon,128,1,1500.0,6.120022625716619
isophon,128,1,2000.0,10.398120564333016
isophon,128,1,3000.0,-15.680788906926665
isophon,128,1,4000.0,2.630945907913599
isophon,128,1,6000.0,20.30718809464075
isophon,128,1,8000.0,37.389123207538816
isophon,128,2,250.0,1.5847241051746153
isophon,128,2,500.0,-8.040985099287148
isophon,128,2,750.0,-6.658434593013553
isophon,128,2,1000.0,-6.381978347855679
isophon,128,2,1500.0,3.0767314908502925
isophon,128,2,2000.0,10.140035091657566
isophon,128,2,3000.0,-5.8849750181232565
isophon,128,2,4000.0,1.3024452848905383
isophon,128,2,6000.0,10.310330670486792
isophon,128,2,8000.0,28.17815659578801
isophon,128,3,250.0,4.75298138164959
isophon,128,3,500.0,-1.7270348474559825
isophon,128,3,750.0,-3.5187771373766026
isophon,128,3,1000.0,-1.06609506796444
isophon,128,3,1500.0,6.162054601210279
isophon,128,3,2000.0,-1.3967924654121404
isophon,128,3,3000.0,-3.401225765776843
isophon,128,3,4000.0,-7.085550216575953
isophon,128,3,6000.0,7.274509292024604
isophon,128,3,8000.0,22.1247220104199
isophon,128,4,250.0,-0.4706966794675793
isophon,128,4,500.0,0.5499087144952313
isophon,128,4,750.0,-5.791613353408266
isophon,128,4,1000.0,-4.81357920929338
isophon,128,4,1500.0,8.678867754240144
isophon,128,4,2000.0,3.340245793868519
isophon,128,4,3000.0,2.0822586565726198
isophon,128,4,4000.0,-5.35426494613921
isophon,128,4,6000.0,7.369568265218632
isophon,128,4,8000.0,18.442914837023224
isophon,128,5,250.0,2.1854083044764536
isophon,128,5,500.0,3.191949260316406
isophon,128,5,750.0,-6.31634758359661
isophon,128,5,1000.0,-0.05784320281281907
isophon,128,5,1500.0,8.654755104565616
isophon,128,5,2000.0,-0.2339768233608197
isophon,128,5,3000.0,0.9425710916640497
isophon,128,5,4000.0,-3.6857688178095316
isophon,128,5,6000.0,9.171409777599607
isophon,128,5,8000.0,17.100226706661743
isophon,128,6,250.0,0.90906446656318
isophon,128,6,500.0,-3.4248858589964044
isophon,128,6,750.0,-8.768702936641674
isophon,128,6,1000.0,-0.4401830769261892
isophon,128,6,1500.0,8.823588030820048
isophon,128,6,2000.0,-3.622045796324471
isophon,128,6,3000.0,-1.4149018584436703
isophon,128,6,4000.0,-7.713826474265076
isophon,128,6,6000.0,0.9079311674664581
isophon,128,6,8000.0,9.764175145386218
isophon,128,7,250.0,0.3421856362349871
isophon,128,7,500.0,-6.36538474393123
isophon,128,7,750.0,-7.313234744770128
isophon,128,7,1000.0,-2.4698216900833643
isophon,128,7,1500.0,6.258600403894903
isophon,128,7,2000.0,0.9017434196548777
isophon,128,7,3000.0,-1.2087269433556145
isophon,128,7,4000.0,-8.314512595416787
isophon,128,7,6000.0,0.785015914445367
isophon,128,7,8000.0,8.853101100936016
isophon,128,8,250.0,-1.2450582551941665
isophon,128,8,500.0,-7.230756926614035
isophon,128,8,750.0,-7.368473700099585
isophon,128,8,1000.0,-3.737847028647167
isophon,128,8,1500.0,5.994220037508185
isophon,128,8,2000.0,-0.46775399024082276
isophon,128,8,3000.0,-0.9889334669392014
isophon,128,8,4000.0,-6.010115484722959
isophon,128,8,6000.0,0.9793167285872642
isophon,128,8,8000.0,7.108316722868963
isophon,128,9,250.0,-3.5326498009362837
isophon,128,9,500.0,-7.07321815189114
isophon,128,9,750.0,-7.815209433137625
isophon,128,9,1000.0,-4.142826583528091
isophon,128,9,1500.0,3.8351777973453807
isophon,128,9,2000.0,-1.252979266389886
isophon,128,9,3000.0,-2.4089872854065533
isophon,128,9,4000.0,-3.9661433934219588
isophon,128,9,6000.0,1.6049137339932145
isophon,128,9,8000.0,6.1831121897513555
isophon,128,10,250.0,-5.925016794519877
isophon,128,10,500.0,-1.9267349367610507
isophon,128,10,750.0,-4.416916673023607
isophon,128,10,1000.0,-0.48700448607355895
isophon,128,10,1500.0,6.713065983332342
isophon,128,10,2000.0,-1.0014736997623999
isophon,128,10,3000.0,-5.762698644531241
isophon,128,10,4000.0,-8.304501935034835
isophon,128,10,6000.0,-0.3832257987503169
isophon,128,10,8000.0,4.527275500858053
isophon,129,1,250.0,27.285413142915296
isophon,129,1,500.0,10.031435712958526
isophon,129,1,750.0,9.365730969607455
isophon,129,1,1000.0,16.647770899801728
isophon,129,1,1500.0,15.644206778605003
isophon,129,1,2000.0,23.55111801722385
isophon,129,1,3000.0,-9.509862846927177
isophon,129,1,4000.0,-0.6596724259100455
isophon,129,1,6000.0,16.207504301810843
isophon,129,1,8000.0,19.006955870693822
isophon,129,2,250.0,2.4244400371965042
isophon,129,2,500.0,-0.353852655278331
isophon,129,2,750.0,5.58773747927453
isophon,129,2,1000.0,-1.0874356944366212
isophon,129,2,1500.0,-4.583204856925434
isophon,129,2,2000.0,10.86432643513377
isophon,129,2,3000.0,-4.040095130167522
isophon,129,2,4000.0,-0.21725637668438225
isophon,129,2,6000.0,2.578090069003764
isophon,129,2,8000.0,10.07669742583235
isophon,129,3,250.0,5.69650712743973
isophon,129,3,500.0,-1.1988637487473142
isophon,129,3,750.0,6.28462230649896
isophon,129,3,1000.0,3.2466404682719485
isophon,129,3,1500.0,-2.7835190989207845
isophon,129,3,2000.0,-1.7002893955355702
isophon,129,3,3000.0,-3.175183311232175
isophon,129,3,4000.0,-3.5523104109730923
isophon,129,3,6000.0,0.20972028480534277
isophon,129,3,8000.0,4.1272808255017
isophon,129,4,250.0,1.695838919058417
isophon,129,4,500.0,0.8964978731375481
isophon,129,4,750.0,4.574684026853589
isophon,129,4,1000.0,2.556496608745789
isophon,129,4,1500.0,-2.7371195462880706
isophon,129,4,2000.0,1.381903298056102
isophon,129,4,3000.0,2.3356208895126542
isophon,129,4,4000.0,-0.8019300265584093
isophon,129,4,6000.0,1.1826041712810138
isophon,129,4,8000.0,1.848147224512715
isophon,129,5,250.0,1.7921278589322611
isophon,129,5,500.0,0.4231186992735587
isophon,129,5,750.0,3.5302682754039267
isophon,129,5,1000.0,6.079310349187011
isophon,129,5,1500.0,-4.042752498077391
isophon,129,5,2000.0,0.5599304220061754
isophon,129,5,3000.0,-1.1908321250431158
isophon,129,5,4000.0,-0.12734574132646514
isophon,129,5,6000.0,3.7545418557234314
isophon,129,5,8000.0,1.945076240625994
isophon,129,6,250.0,-2.331004220634412
isophon,129,6,500.0,-3.9151585824653097
isophon,129,6,750.0,3.5773272354819454
isophon,129,6,1000.0,8.946836395614469
isophon,129,6,1500.0,-3.8480287496860797
isophon,129,6,2000.0,5.497204169998852
isophon,129,6,3000.0,-2.727128220464806
isophon,129,6,4000.0,-1.436295323917875
isophon,129,6,6000.0,-2.2985161121203816
isophon,129,6,8000.0,-5.042504133361291
isophon,129,7,250.0,-2.542534957419406
isophon,129,7,500.0,-5.615337511979575
isophon,129,7,750.0,0.20010283124561568
isophon,129,7,1000.0,1.5153430849023408
isophon,129,7,1500.0,-7.773407556043026
isophon,129,7,2000.0,6.628559334213634
isophon,129,7,3000.0,-2.670323582054891
isophon,129,7,4000.0,-2.176544696203109
isophon,129,7,6000.0,-1.1265215097529904
isophon,129,7,8000.0,-5.045091990810633
isophon,129,8,250.0,-3.593694765243171
isophon,129,8,500.0,-5.729592466848686
isophon,129,8,750.0,-0.07665182024079797
isophon,129,8,1000.0,-0.3732782969160411
isophon,129,8,1500.0,-7.985499916238425
isophon,129,8,2000.0,7.233977942082049
isophon,129,8,3000.0,-1.7692713982029176
isophon,129,8,4000.0,0.4315607128296648
isophon,129,8,6000.0,-0.613792192896625
isophon,129,8,8000.0,-6.027344207763676
isophon,129,9,250.0,-4.564981281639703
isophon,129,9,500.0,-6.532315699648706
isophon,129,9,750.0,-1.188926134354972
isophon,129,9,1000.0,-0.9764570683647236
isophon,129,9,1500.0,-10.303539684002857
isophon,129,9,2000.0,8.254968841545875
isophon,129,9,3000.0,-2.074043120967488
isophon,129,9,4000.0,2.7178774461776953
isophon,129,9,6000.0,-1.4439280747733392
isophon,129,9,8000.0,-5.8349600219726625
isophon,129,10,250.0,-7.474383113573012
isophon,129,10,500.0,-1.5125981541944213
isophon,129,10,750.0,2.0825826108973615
isophon,129,10,1000.0,2.7302249270334045
isophon,129,10,1500.0,-7.084451296159614
isophon,129,10,2000.0,7.430158654541188
isophon,129,10,3000.0,-5.266034540434816
isophon,129,10,4000.0,-2.158424287313238
isophon,129,10,6000.0,-2.904581498878926
isophon,129,10,8000.0,-5.88583145141601
isophon,130,1,250.0,9.897898687532923
isophon,130,1,500.0,-18.0727728686021
isophon,130,1,750.0,-8.718484435045482
isophon,130,1,1000.0,-9.92902059465365
isophon,130,1,1500.0,-8.404944061160151
isophon,130,1,2000.0,-2.9626133191218713
isophon,130,1,3000.0,9.01238031293201
isophon,130,1,4000.0,-9.436526927696804
isophon,130,1,6000.0,-12.226893189184494
isophon,130,1,8000.0,-2.196123054533473
isophon,130,2,250.0,8.769510233978025
isophon,130,2,500.0,2.0336662621644876
isophon,130,2,750.0,-2.264203422255008
isophon,130,2,1000.0,7.471346800538669
isophon,130,2,1500.0,-5.412069946937891
isophon,130,2,2000.0,-2.0422155195916787
isophon,130,2,3000.0,1.781371784034178
isophon,130,2,4000.0,-4.5184421712353355
isophon,130,2,6000.0,-2.519674839558604
isophon,130,2,8000.0,9.014820243796478
isophon,130,3,250.0,2.659930037121825
isophon,130,3,500.0,-1.3065723266687854
isophon,130,3,750.0,2.793566897399998
isophon,130,3,1000.0,9.82076771823364
isophon,130,3,1500.0,-4.852835706820969
isophon,130,3,2000.0,-3.894557963099288
isophon,130,3,3000.0,3.3733719190506832
isophon,130,3,4000.0,-1.0753827579883364
isophon,130,3,6000.0,-1.5008204709483124
isophon,130,3,8000.0,6.164135992417869
isophon,130,4,250.0,0.5754229935495374
isophon,130,4,500.0,-4.201304095066035
isophon,130,4,750.0,1.312150870587459
isophon,130,4,1000.0,2.330985610847989
isophon,130,4,1500.0,-6.6184628912541825
isophon,130,4,2000.0,0.8225280898207359
isophon,130,4,3000.0,4.07564562157296
isophon,130,4,4000.0,-0.2898893070664741
isophon,130,4,6000.0,1.3663941907748125
isophon,130,4,8000.0,6.641806255888952
isophon,130,5,250.0,0.6715605556673125
isophon,130,5,500.0,0.1690268819360341
isophon,130,5,750.0,3.55950709828565
isophon,130,5,1000.0,5.023958330070414
isophon,130,5,1500.0,-3.872913136519898
isophon,130,5,2000.0,2.383819958649056
isophon,130,5,3000.0,5.4225969805360705
isophon,130,5,4000.0,-5.828029272230097
isophon,130,5,6000.0,2.004089885482628
isophon,130,5,8000.0,6.075288723381689
isophon,130,6,250.0,-3.491908047644685
isophon,130,6,500.0,-4.480622868326208
isophon,130,6,750.0,-3.9071565399116395
isophon,130,6,1000.0,-3.224170378899757
isophon,130,6,1500.0,-9.134599894696592
isophon,130,6,2000.0,-5.121731138959831
isophon,130,6,3000.0,2.3614358425342488
isophon,130,6,4000.0,-6.791341682643321
isophon,130,6,6000.0,3.105359435474952
isophon,130,6,8000.0,9.119550272401924
isophon,130,7,250.0,-2.1753804485996966
isophon,130,7,500.0,-6.029845035969359
isophon,130,7,750.0,-5.170707283887708
isophon,130,7,1000.0,-3.2908144433080224
isophon,130,7,1500.0,-6.3156694573799825
isophon,130,7,2000.0,-6.913973149398487
isophon,130,7,3000.0,2.661473853364953
isophon,130,7,4000.0,-5.591937431392324
isophon,130,7,6000.0,2.74701090187817
isophon,130,7,8000.0,8.886248665566285
isophon,130,8,250.0,-1.4045748649212726
isophon,130,8,500.0,-6.227488929207027
isophon,130,8,750.0,-3.0882214953709735
isophon,130,8,1000.0,-0.8055184611495321
isophon,130,8,1500.0,-4.336511466103815
isophon,130,8,2000.0,-5.118433337617105
isophon,130,8,3000.0,-5.5804217747415805
isophon,130,8,4000.0,-3.8184167289628306
isophon,130,8,6000.0,1.9078261821643565
isophon,130,8,8000.0,8.914338249051184
isophon,130,9,250.0,-0.6390835107229123
isophon,130,9,500.0,-5.99271625172527
isophon,130,9,750.0,-1.7305428494651807
isophon,130,9,1000.0,1.0564650181216138
isophon,130,9,1500.0,-2.74453411860037
isophon,130,9,2000.0,-3.001958844754654
isophon,130,9,3000.0,-8.876818695068366
isophon,130,9,4000.0,-2.578658001266348
isophon,130,9,6000.0,0.5116960353398241
isophon,130,9,8000.0,7.955271588096778
isophon,130,10,250.0,1.4938978912143313
isophon,130,10,500.0,-3.616999889596144
isophon,130,10,750.0,-0.7194441897172084
isophon,130,10,1000.0,2.885818994387435
isophon,130,10,1500.0,-1.2734503435164868
isophon,130,10,2000.0,-1.1664447748731135
isophon,130,10,3000.0,-6.230031585693354
isophon,130,10,4000.0,-1.699867325865526
isophon,130,10,6000.0,0.3231455042025715
isophon,130,10,8000.0,6.919476632779492
isophon,131,1,250.0,-15.215992417481004
isophon,131,1,500.0,-2.8217648151629646
isophon,131,1,750.0,-13.180022011528308
isophon,131,1,1000.0,-12.507266886516902
isophon,131,1,1500.0,-16.3846093432239
isophon,131,1,2000.0,-8.410841771185105
isophon,131,1,3000.0,-17.58237016566622
isophon,131,1,4000.0,-3.946510953202761
isophon,131,1,6000.0,53.73681289672851
isophon,131,1,8000.0,49.650551069001125
isophon,131,2,250.0,-10.367114091064991
isophon,131,2,500.0,-0.35505873739631966
isophon,131,2,750.0,-0.6978927696732171
isophon,131,2,1000.0,1.529523016613524
isophon,131,2,1500.0,5.246911347694066
isophon,131,2,2000.0,4.005843345700626
isophon,131,2,3000.0,-0.3140893738611936
isophon,131,2,4000.0,10.518791547102524
isophon,131,2,6000.0,25.595106811523692
isophon,131,2,8000.0,32.364502340797
isophon,131,3,250.0,-3.936561968252036
isophon,131,3,500.0,6.1922159501600476
isophon,131,3,750.0,6.188045865772722
isophon,131,3,1000.0,9.23514405392946
isophon,131,3,1500.0,12.277091737017415
isophon,131,3,2000.0,8.59915303518953
isophon,131,3,3000.0,2.5902725073839292
isophon,131,3,4000.0,1.8655704749045867
isophon,131,3,6000.0,7.221703907970408
isophon,131,3,8000.0,3.26897371396295
isophon,131,4,250.0,1.5562820762168599
isophon,131,4,500.0,12.422621085350727
isophon,131,4,750.0,11.309824258254906
isophon,131,4,1000.0,15.261642223037967
isophon,131,4,1500.0,19.049694187918988
isophon,131,4,2000.0,12.235954828548472
isophon,131,4,3000.0,4.293965992902429
isophon,131,4,4000.0,0.04208043506052661
isophon,131,4,6000.0,-8.23276319451169
isophon,131,4,8000.0,-23.57472610988566
isophon,131,5,250.0,-2.5274056547053334
isophon,131,5,500.0,5.013850313216977
isophon,131,5,750.0,10.83145359388962
isophon,131,5,1000.0,16.245761451134612
isophon,131,5,1500.0,20.50773770598539
isophon,131,5,2000.0,14.985512464451531
isophon,131,5,3000.0,6.41505289815214
isophon,131,5,4000.0,1.5999058700070634
isophon,131,5,6000.0,-5.855896434257787
isophon,131,5,8000.0,-17.901539434259035
isophon,131,6,250.0,4.338448074542711
isophon,131,6,500.0,8.79765236488032
isophon,131,6,750.0,11.175041399901403
isophon,131,6,1000.0,10.617938077566109
isophon,131,6,1500.0,13.801089737861929
isophon,131,6,2000.0,10.342036841862367
isophon,131,6,3000.0,5.785336060588861
isophon,131,6,4000.0,2.513562835562823
isophon,131,6,6000.0,-6.4136644389024156
isophon,131,6,8000.0,-14.19512319626675
isophon,131,7,250.0,5.82570072957202
isophon,131,7,500.0,10.92806936924893
isophon,131,7,750.0,12.58076386094163
isophon,131,7,1000.0,8.84291812932922
isophon,131,7,1500.0,12.074423662262689
isophon,131,7,2000.0,10.089327932267395
isophon,131,7,3000.0,5.476129631979845
isophon,131,7,4000.0,3.5252657733933432
isophon,131,7,6000.0,-3.876407866147588
isophon,131,7,8000.0,-17.465349865721706
isophon,131,8,250.0,5.574580603190952
isophon,131,8,500.0,11.274540254493388
isophon,131,8,750.0,11.332294102142697
isophon,131,8,1000.0,8.1370885878098
isophon,131,8,1500.0,10.176585178654705
isophon,131,8,2000.0,9.653315557001491
isophon,131,8,3000.0,5.72806247977023
isophon,131,8,4000.0,3.4617396191242307
isophon,131,8,6000.0,-3.2476386768322527
isophon,131,8,8000.0,-15.122850010153897
isophon,131,9,250.0,4.701293605767205
isophon,131,9,500.0,9.030966785607276
isophon,131,9,750.0,7.545384392581525
isophon,131,9,1000.0,5.494700851241134
isophon,131,9,1500.0,7.343773681582576
isophon,131,9,2000.0,7.784221086612618
isophon,131,9,3000.0,5.467129087483798
isophon,131,9,4000.0,2.797235775523319
isophon,131,9,6000.0,-1.6730989011921764
isophon,131,9,8000.0,-12.659174027050469
isophon,131,10,250.0,1.489790344238287
isophon,131,10,500.0,4.641402954859174
isophon,131,10,750.0,2.1483777537924027
isophon,131,10,1000.0,4.836778379282677
isophon,131,10,1500.0,6.188799285888678
isophon,131,10,2000.0,6.112315464116435
isophon,131,10,3000.0,2.7130943301790467
isophon,131,10,4000.0,0.8794983684579449
isophon,131,10,6000.0,-1.2776404661336045
isophon,131,10,8000.0,-8.811181756021654
isophon,132,1,250.0,12.115206159287027
isophon,132,1,500.0,-1.898966231125378
isophon,132,1,750.0,-1.161377649885754
isophon,132,1,1000.0,-5.841446918690426
isophon,132,1,1500.0,-6.65253285594428
isophon,132,1,2000.0,-7.121049434809194
isophon,132,1,3000.0,-4.379985964370505
isophon,132,1,4000.0,6.750002510151631
isophon,132,1,6000.0,-3.526500658286089
isophon,132,1,8000.0,-10.080709058621778
isophon,132,2,250.0,-1.5220957489232205
isophon,132,2,500.0,-5.58961196744152
isophon,132,2,750.0,-2.4819915992226953
isophon,132,2,1000.0,4.415085120269794
isophon,132,2,1500.0,-0.555870872601659
isophon,132,2,2000.0,4.162984278470759
isophon,132,2,3000.0,3.066650680850806
isophon,132,2,4000.0,2.614308931404011
isophon,132,2,6000.0,0.6331836431141795
isophon,132,2,8000.0,-13.491973557717245
isophon,132,3,250.0,6.984447533238104
isophon,132,3,500.0,-6.637826996121703
isophon,132,3,750.0,-6.4013131104439935
isophon,132,3,1000.0,3.017533737452304
isophon,132,3,1500.0,-4.689668532273643
isophon,132,3,2000.0,1.9000692569628939
isophon,132,3,3000.0,-1.917889753060905
isophon,132,3,4000.0,2.1664228994861787
isophon,132,3,6000.0,2.1517505535646535
isophon,132,3,8000.0,-10.437748400177
isophon,132,4,250.0,2.08249831516909
isophon,132,4,500.0,-7.56783594691106
isophon,132,4,750.0,-3.376524544107909
isophon,132,4,1000.0,2.1996562307440257
isophon,132,4,1500.0,-11.770619113217236
isophon,132,4,2000.0,-4.756496275814584
isophon,132,4,3000.0,2.3252716914967806
isophon,132,4,4000.0,-0.7350072876877789
isophon,132,4,6000.0,-3.9710346029656876
isophon,132,4,8000.0,-12.758476960901334
isophon,132,5,250.0,4.846807848145787
isophon,132,5,500.0,-4.846141654759805
isophon,132,5,750.0,3.0126084632606904
isophon,132,5,1000.0,5.561886726049806
isophon,132,5,1500.0,-6.473680789182154
isophon,132,5,2000.0,2.1556070037782717
isophon,132,5,3000.0,2.1140465316438224
isophon,132,5,4000.0,0.7475408152215124
isophon,132,5,6000.0,-0.34076956353740684
isophon,132,5,8000.0,-5.898423328340186
isophon,132,6,250.0,-0.5623912462679641
isophon,132,6,500.0,-6.502079337238783
isophon,132,6,750.0,1.8154949284848385
isophon,132,6,1000.0,1.6055364229418387
isophon,132,6,1500.0,-0.3250395287321908
isophon,132,6,2000.0,0.12998436931650303
isophon,132,6,3000.0,0.19372394903011525
isophon,132,6,4000.0,-3.461557202784604
isophon,132,6,6000.0,-3.040372082177896
isophon,132,6,8000.0,-2.2544697455190033
isophon,132,7,250.0,-1.404327734905607
isophon,132,7,500.0,-5.330692020519649
isophon,132,7,750.0,1.4248482968845337
isophon,132,7,1000.0,4.254751966124019
isophon,132,7,1500.0,-2.510666780658198
isophon,132,7,2000.0,1.9338882478632087
isophon,132,7,3000.0,2.1250957142497384
isophon,132,7,4000.0,-1.0833828991276278
isophon,132,7,6000.0,0.13382974834148342
isophon,132,7,8000.0,-2.296311857398109
isophon,132,8,250.0,-2.04737948318531
isophon,132,8,500.0,-3.2016445995979126
isophon,132,8,750.0,-0.9942460733585676
isophon,132,8,1000.0,3.1350447630137097
isophon,132,8,1500.0,-3.4318558298486437
isophon,132,8,2000.0,1.4135093510309105
isophon,132,8,3000.0,-1.0102866494192142
isophon,132,8,4000.0,0.7637003374114499
isophon,132,8,6000.0,-0.08081743713449896
isophon,132,8,8000.0,-0.7770074750177542
isophon,132,9,250.0,-3.4430634990885096
isophon,132,9,500.0,-4.209748323064147
isophon,132,9,750.0,-2.2429963704150424
isophon,132,9,1000.0,2.739241527746927
isophon,132,9,1500.0,-4.4339026589574075
isophon,132,9,2000.0,-1.2405897420342313
isophon,132,9,3000.0,-2.2281287507795184
isophon,132,9,4000.0,2.2675557343402915
isophon,132,9,6000.0,-2.201850016764567
isophon,132,9,8000.0,0.6791890982775755
isophon,132,10,250.0,-5.300901609574197
isophon,132,10,500.0,-2.1187394531545607
isophon,132,10,750.0,-0.8525961824826425
isophon,132,10,1000.0,4.042419139832276
isophon,132,10,1500.0,-3.3314071047904577
isophon,132,10,2000.0,-3.3309475209728987
isophon,132,10,3000.0,-1.1812778282816652
isophon,132,10,4000.0,3.1139768777655235
isophon,132,10,6000.0,-0.7005374019290542
isophon,132,10,8000.0,0.9573229007611843
isophon,133,1,250.0,-7.08312131216104
isophon,133,1,500.0,1.6399207597856282
isophon,133,1,750.0,6.524363537762028
isophon,133,1,1000.0,2.051580497410729
isophon,133,1,1500.0,10.466507266353116
isophon,133,1,2000.0,-1.557220340338386
isophon,133,1,3000.0,11.524860740497534
isophon,133,1,4000.0,6.344648150628409
isophon,133,1,6000.0,5.43743828385788
isophon,133,1,8000.0,4.255495501428793
isophon,133,2,250.0,4.033084456887252
isophon,133,2,500.0,-0.5893975803978435
isophon,133,2,750.0,-3.4123955472819887
isophon,133,2,1000.0,4.05036333145965
isophon,133,2,1500.0,23.12287805022734
isophon,133,2,2000.0,10.337556472225415
isophon,133,2,3000.0,10.713082254954024
isophon,133,2,4000.0,17.403606469024524
isophon,133,2,6000.0,-0.023127709626130866
isophon,133,2,8000.0,-11.524750656308598
isophon,133,3,250.0,4.704707954635381
isophon,133,3,500.0,4.510906014273488
isophon,133,3,750.0,-3.3185163510301123
isophon,133,3,1000.0,5.772748690044452
isophon,133,3,1500.0,17.376690270787876
isophon,133,3,2000.0,-4.05806976020601
isophon,133,3,3000.0,-6.825031006225458
isophon,133,3,4000.0,12.66316816923674
isophon,133,3,6000.0,-6.298280790724263
isophon,133,3,8000.0,-5.335092821592468
isophon,133,4,250.0,2.477812326965349
isophon,133,4,500.0,4.051743063103913
isophon,133,4,750.0,0.23692393363053554
isophon,133,4,1000.0,4.784858406460216
isophon,133,4,1500.0,18.14899046945935
isophon,133,4,2000.0,-8.622455307052519
isophon,133,4,3000.0,-6.40729667725455
isophon,133,4,4000.0,9.717355618684202
isophon,133,4,6000.0,-2.973375705841079
isophon,133,4,8000.0,-4.519761546616309
isophon,133,5,250.0,2.3551370977900206
isophon,133,5,500.0,-0.6368685272254737
isophon,133,5,750.0,-0.47324554216335457
isophon,133,5,1000.0,4.194613222767217
isophon,133,5,1500.0,18.893226866014267
isophon,133,5,2000.0,-2.684469467208771
isophon,133,5,3000.0,-2.508585448541808
isophon,133,5,4000.0,7.190111777687491
isophon,133,5,6000.0,2.086792494479951
isophon,133,5,8000.0,-1.7257799263549884
isophon,133,6,250.0,4.981485507349504
isophon,133,6,500.0,-3.525313686050197
isophon,133,6,750.0,-2.4985260733923838
isophon,133,6,1000.0,1.436131138013451
isophon,133,6,1500.0,13.556868176245146
isophon,133,6,2000.0,-3.2701275541786003
isophon,133,6,3000.0,-3.584344183313135
isophon,133,6,4000.0,4.179478603723652
isophon,133,6,6000.0,-7.006691813176047
isophon,133,6,8000.0,-10.280446308788441
isophon,133,7,250.0,-1.5352640965634805
isophon,133,7,500.0,-7.5980638215837075
isophon,133,7,750.0,-5.309214996400868
isophon,133,7,1000.0,-2.709447949231759
isophon,133,7,1500.0,10.279987378178916
isophon,133,7,2000.0,-2.886618569544268
isophon,133,7,3000.0,-6.028165634452492
isophon,133,7,4000.0,0.48892352084214963
isophon,133,7,6000.0,-7.561483950899714
isophon,133,7,8000.0,-6.83133983864721
isophon,133,8,250.0,-0.7246000083277409
isophon,133,8,500.0,-6.539426372043025
isophon,133,8,750.0,-7.466233488139494
isophon,133,8,1000.0,-0.3031472788284475
isophon,133,8,1500.0,8.443835979925382
isophon,133,8,2000.0,-3.2627201789615867
isophon,133,8,3000.0,-5.1836697962217215
isophon,133,8,4000.0,0.318204112828397
isophon,133,8,6000.0,-7.173624063784473
isophon,133,8,8000.0,-9.740892534754977
isophon,133,9,250.0,0.3767319996449032
isophon,133,9,500.0,-8.046815925772037
isophon,133,9,750.0,-7.638374611152045
isophon,133,9,1000.0,-1.9332248630778395
isophon,133,9,1500.0,6.70440819200266
isophon,133,9,2000.0,-6.322656242992764
isophon,133,9,3000.0,-5.800256445301841
isophon,133,9,4000.0,3.1519714056626924
isophon,133,9,6000.0,-7.497941767592522
isophon,133,9,8000.0,-13.139834271076282
isophon,133,10,250.0,-3.8738919143723365
isophon,133,10,500.0,-5.245184081523703
isophon,133,10,750.0,-7.125712130534836
isophon,133,10,1000.0,-1.2869456959526957
isophon,133,10,1500.0,6.261245933888432
isophon,133,10,2000.0,-10.82635650634765
isophon,133,10,3000.0,-9.106179013248536
isophon,133,10,4000.0,5.419018101461532
isophon,133,10,6000.0,-5.20655551216737
isophon,133,10,8000.0,-11.3389907836914
isophon,134,1,250.0,21.31821621303122
isophon,134,1,500.0,-23.283544029474257
isophon,134,1,750.0,-13.837822283843266
isophon,134,1,1000.0,-15.349208290360934
isophon,134,1,1500.0,-12.317604138967198
isophon,134,1,2000.0,-8.295432500838622
isophon,134,1,3000.0,-15.142951348063306
isophon,134,1,4000.0,-21.424127181252587
isophon,134,1,6000.0,-12.984289386881272
isophon,134,1,8000.0,-10.57672577396933
isophon,134,2,250.0,4.050847267704938
isophon,134,2,500.0,-8.257234683206107
isophon,134,2,750.0,-23.261233006800083
isophon,134,2,1000.0,-13.315430775886789
isophon,134,2,1500.0,-7.289920839944472
isophon,134,2,2000.0,-12.304620961446354
isophon,134,2,3000.0,-3.064576915505299
isophon,134,2,4000.0,-13.85901995364636
isophon,134,2,6000.0,-12.339818386738528
isophon,134,2,8000.0,3.411070580237542
isophon,134,3,250.0,8.143171752590682
isophon,134,3,500.0,-0.013638765994478774
isophon,134,3,750.0,-11.96638432526413
isophon,134,3,1000.0,-5.471952914916251
isophon,134,3,1500.0,-1.877887564192804
isophon,134,3,2000.0,-7.4653524490856356
isophon,134,3,3000.0,1.0252081406427322
isophon,134,3,4000.0,-8.281902479132583
isophon,134,3,6000.0,-9.409518016509523
isophon,134,3,8000.0,7.254182769156401
isophon,134,4,250.0,0.264938089500248
isophon,134,4,500.0,-2.0840056408298935
isophon,134,4,750.0,-3.1763039758391614
isophon,134,4,1000.0,7.242250769590093
isophon,134,4,1500.0,3.758871904139724
isophon,134,4,2000.0,-6.318725821045341
isophon,134,4,3000.0,2.556683584193216
isophon,134,4,4000.0,-6.959105067454644
isophon,134,4,6000.0,-3.874534759875118
isophon,134,4,8000.0,3.183304854573578
isophon,134,5,250.0,3.2697957893192324
isophon,134,5,500.0,8.674225196908964
isophon,134,5,750.0,2.012295210448684
isophon,134,5,1000.0,3.5824885682367267
isophon,134,5,1500.0,7.412903029013563
isophon,134,5,2000.0,-9.282269519517513
isophon,134,5,3000.0,1.9765425143970532
isophon,134,5,4000.0,-3.922716959801221
isophon,134,5,6000.0,1.3522513293395093
isophon,134,5,8000.0,-3.34561709835026
isophon,134,6,250.0,-6.837835272263092
isophon,134,6,500.0,1.573735428154862
isophon,134,6,750.0,-5.163135761699266
isophon,134,6,1000.0,-6.15807952556348
isophon,134,6,1500.0,0.6341842128433939
isophon,134,6,2000.0,-3.725488165875703
isophon,134,6,3000.0,4.101123030657732
isophon,134,6,4000.0,-4.229082790475218
isophon,134,6,6000.0,-2.5194047830797643
isophon,134,6,8000.0,3.7640679457811217
isophon,134,7,250.0,-9.322457648186159
isophon,134,7,500.0,-3.311394938640902
isophon,134,7,750.0,-4.554103514635358
isophon,134,7,1000.0,-2.364965653259688
isophon,134,7,1500.0,-2.5330282949787915
isophon,134,7,2000.0,-2.0369199638212336
isophon,134,7,3000.0,1.8653326520002906
isophon,134,7,4000.0,-4.604894976845898
isophon,134,7,6000.0,0.7590615553590538
isophon,134,7,8000.0,7.625038709092678
isophon,134,8,250.0,-9.949279381879492
isophon,134,8,500.0,-4.529756999215081
isophon,134,8,750.0,-2.141625015861379
isophon,134,8,1000.0,-2.1045644853962813
isophon,134,8,1500.0,-2.6149923532494483
isophon,134,8,2000.0,-1.9171792516079904
isophon,134,8,3000.0,2.3598160230761067
isophon,134,8,4000.0,-0.7089545181009527
isophon,134,8,6000.0,-0.28057078022089854
isophon,134,8,8000.0,4.174905716021101
isophon,134,9,250.0,-8.555272931440896
isophon,134,9,500.0,-1.6133830887845733
isophon,134,9,750.0,-0.2774294594972986
isophon,134,9,1000.0,-0.7054291898054998
isophon,134,9,1500.0,-2.2403489229580202
isophon,134,9,2000.0,-1.2452678534576478
isophon,134,9,3000.0,2.4210168102382426
isophon,134,9,4000.0,-0.7427411817250515
isophon,134,9,6000.0,-2.0627751460355057
isophon,134,9,8000.0,0.26000768086704795
isophon,134,10,250.0,-5.223049443182148
isophon,134,10,500.0,-0.2248435477140589
isophon,134,10,750.0,-7.049738205469922
isophon,134,10,1000.0,-0.31399217339232166
isophon,134,10,1500.0,-0.7113512797071593
isophon,134,10,2000.0,3.0035215594027562
isophon,134,10,3000.0,2.472324660226022
isophon,134,10,4000.0,-2.831628669279837
isophon,134,10,6000.0,0.6268803373767611
isophon,134,10,8000.0,-3.3936886068423178
isophon,135,1,250.0,6.939556353036821
isophon,135,1,500.0,-10.145115180960168
isophon,135,1,750.0,10.794754889763254
isophon,135,1,1000.0,0.3931713945389106
isophon,135,1,1500.0,9.804907551449382
isophon,135,1,2000.0,7.554391696236145
isophon,135,1,3000.0,23.52117087141152
isophon,135,1,4000.0,4.659441389628057
isophon,135,1,6000.0,-2.7729149136895046
isophon,135,1,8000.0,26.579800597622693
isophon,135,2,250.0,-6.262368681285736
isophon,135,2,500.0,-3.52869714763861
isophon,135,2,750.0,4.757954307432186
isophon,135,2,1000.0,-8.614536466198274
isophon,135,2,1500.0,-0.011631022001900249
isophon,135,2,2000.0,1.465780112335331
isophon,135,2,3000.0,0.1465950396697977
isophon,135,2,4000.0,3.4970322504278215
isophon,135,2,6000.0,2.5663278781843815
isophon,135,2,8000.0,13.590477587002084
isophon,135,3,250.0,-0.021012991594119512
isophon,135,3,500.0,-5.283481744223792
isophon,135,3,750.0,6.7017891333692035
isophon,135,3,1000.0,-1.7138477179406948
isophon,135,3,1500.0,2.684369076238994
isophon,135,3,2000.0,-1.1296378062710346
isophon,135,3,3000.0,-4.031464461209694
isophon,135,3,4000.0,-0.8687038583928057
isophon,135,3,6000.0,-4.881837740689292
isophon,135,3,8000.0,4.973210960236571
isophon,135,4,250.0,7.614812011564268
isophon,135,4,500.0,0.04213263673885592
isophon,135,4,750.0,7.493950126898795
isophon,135,4,1000.0,0.12501446022213258
isophon,135,4,1500.0,-3.2496836083646627
isophon,135,4,2000.0,-11.44734979962655
isophon,135,4,3000.0,3.0814710246301473
isophon,135,4,4000.0,5.602950106236477
isophon,135,4,6000.0,0.27996592393297703
isophon,135,4,8000.0,1.614266512165969
isophon,135,5,250.0,-2.6248694360339755
isophon,135,5,500.0,-1.670395510298178
isophon,135,5,750.0,6.863375179288255
isophon,135,5,1000.0,1.5485957933333339
isophon,135,5,1500.0,0.37605271616570235
isophon,135,5,2000.0,-7.307642365757175
isophon,135,5,3000.0,3.638530352228102
isophon,135,5,4000.0,9.820917339594217
isophon,135,5,6000.0,3.7509315880206913
isophon,135,5,8000.0,4.352541677810265
isophon,135,6,250.0,-2.0885510850129236
isophon,135,6,500.0,-3.823456301409564
isophon,135,6,750.0,3.1537648420001574
isophon,135,6,1000.0,-2.234476565426121
isophon,135,6,1500.0,-1.7744482548436906
isophon,135,6,2000.0,-4.463655959291657
isophon,135,6,3000.0,1.4811198657212827
isophon,135,6,4000.0,0.8916575758937597
isophon,135,6,6000.0,-2.3362945709819485
isophon,135,6,8000.0,0.34153306959528607
isophon,135,7,250.0,-3.1194867718820944
isophon,135,7,500.0,-1.632452804309068
isophon,135,7,750.0,0.2995730405079513
isophon,135,7,1000.0,-3.750643862259878
isophon,135,7,1500.0,-2.4872588604529255
isophon,135,7,2000.0,-3.9877452525975627
isophon,135,7,3000.0,1.2215008651581911
isophon,135,7,4000.0,-3.2493071246050818
isophon,135,7,6000.0,-6.6600505190530015
isophon,135,7,8000.0,1.5280065758413173
isophon,135,8,250.0,-0.7456030282112209
isophon,135,8,500.0,-0.5784978610915203
isophon,135,8,750.0,-1.1588421955695338
isophon,135,8,1000.0,-2.739177550375828
isophon,135,8,1500.0,0.6806172170972644
isophon,135,8,2000.0,-5.342264156486934
isophon,135,8,3000.0,-0.19466654639185776
isophon,135,8,4000.0,-2.643509586890872
isophon,135,8,6000.0,-5.4195330827031825
isophon,135,8,8000.0,0.8994326405514244
isophon,135,9,250.0,0.3634137717125725
isophon,135,9,500.0,-3.178473013767473
isophon,135,9,750.0,-2.1666982850063192
isophon,135,9,1000.0,-4.750484315892024
isophon,135,9,1500.0,-5.2062887929585315
isophon,135,9,2000.0,-4.63427591004735
isophon,135,9,3000.0,-2.43754962597383
isophon,135,9,4000.0,-0.4798486551524377
isophon,135,9,6000.0,-3.848952991067918
isophon,135,9,8000.0,1.7021444398550045
isophon,135,10,250.0,2.2895589924239204
isophon,135,10,500.0,-0.2539470738588392
isophon,135,10,750.0,-0.4312742878649658
isophon,135,10,1000.0,-3.6437132779656025
isophon,135,10,1500.0,-3.3668842273302033
isophon,135,10,2000.0,-7.188306480669198
isophon,135,10,3000.0,-6.302419281005783
isophon,135,10,4000.0,1.0568326283154335
isophon,135,10,6000.0,-2.4056511084335312
isophon,135,10,8000.0,1.7618346613018474
isophon,136,1,250.0,-13.90738947294902
isophon,136,1,500.0,-6.712834570629411
isophon,136,1,750.0,0.5042245613649925
isophon,136,1,1000.0,-11.679972789651707
isophon,136,1,1500.0,-3.700856250070588
isophon,136,1,2000.0,-15.282937642642874
isophon,136,1,3000.0,2.0961180641367463
isophon,136,1,4000.0,0.15765368700778026
isophon,136,1,6000.0,-2.3054905708917346
isophon,136,1,8000.0,2.7308058646967197
isophon,136,2,250.0,-3.0209687145248267
isophon,136,2,500.0,-6.234052318993541
isophon,136,2,750.0,1.185346972274921
isophon,136,2,1000.0,-0.515477270584725
isophon,136,2,1500.0,-4.794489711928634
isophon,136,2,2000.0,1.5916882330052502
isophon,136,2,3000.0,7.621070074832822
isophon,136,2,4000.0,9.34708886163709
isophon,136,2,6000.0,-3.0715292477381695
isophon,136,2,8000.0,-5.193064954267001
isophon,136,3,250.0,-0.1474518443967412
isophon,136,3,500.0,-0.2207940697355113
isophon,136,3,750.0,2.3343109801763973
isophon,136,3,1000.0,1.6319096637630608
isophon,136,3,1500.0,-8.587499790864058
isophon,136,3,2000.0,-11.08109175601566
isophon,136,3,3000.0,-2.377282305899371
isophon,136,3,4000.0,3.645438228595772
isophon,136,3,6000.0,-6.1321243784492765
isophon,136,3,8000.0,3.2530317656411114
isophon,136,4,250.0,-2.829265752263325
isophon,136,4,500.0,1.479356299175521
isophon,136,4,750.0,6.534028858405968
isophon,136,4,1000.0,1.6503458299447402
isophon,136,4,1500.0,-5.790173633927793
isophon,136,4,2000.0,-13.498195907916497
isophon,136,4,3000.0,0.29993228413232487
isophon,136,4,4000.0,1.5300720656360625
isophon,136,4,6000.0,-2.865398674907425
isophon,136,4,8000.0,5.461863751327314
isophon,136,5,250.0,2.4249028388582587
isophon,136,5,500.0,1.716699024602832
isophon,136,5,750.0,5.755094245649204
isophon,136,5,1000.0,2.51304725527892
isophon,136,5,1500.0,-0.2597303073753352
isophon,136,5,2000.0,-7.3254728344468845
isophon,136,5,3000.0,5.409506580726102
isophon,136,5,4000.0,1.5216384630377604
isophon,136,5,6000.0,2.376927532559492
isophon,136,5,8000.0,6.964995295040637
isophon,136,6,250.0,3.649363124982699
isophon,136,6,500.0,-1.0307498662789243
isophon,136,6,750.0,4.956515802550527
isophon,136,6,1000.0,1.4495727527827285
isophon,136,6,1500.0,-3.115256819099656
isophon,136,6,2000.0,-6.789220369102452
isophon,136,6,3000.0,3.9501081305630237
isophon,136,6,4000.0,-1.4266634597028514
isophon,136,6,6000.0,-0.8762696939533186
isophon,136,6,8000.0,-1.2383707803637805
isophon,136,7,250.0,-3.722328768982237
isophon,136,7,500.0,-6.409782679530906
isophon,136,7,750.0,-3.098425580427417
isophon,136,7,1000.0,1.4158722371114436
isophon,136,7,1500.0,-3.733715160764575
isophon,136,7,2000.0,-5.049526324996037
isophon,136,7,3000.0,2.4615485947006306
isophon,136,7,4000.0,-2.308543870696383
isophon,136,7,6000.0,-2.441038190547033
isophon,136,7,8000.0,1.8924336533981716
isophon,136,8,250.0,-2.8429385177142876
isophon,136,8,500.0,-6.743273361519741
isophon,136,8,750.0,-4.012884858524075
isophon,136,8,1000.0,3.4376959757282037
isophon,136,8,1500.0,-6.212116200665477
isophon,136,8,2000.0,-5.319248563548612
isophon,136,8,3000.0,0.76501814822781
isophon,136,8,4000.0,-1.7521123256161815
isophon,136,8,6000.0,-2.464310599946444
isophon,136,8,8000.0,-0.13030009101879614
isophon,136,9,250.0,-1.804326977928369
isophon,136,9,500.0,-8.45393362267626
isophon,136,9,750.0,-3.920618325970949
isophon,136,9,1000.0,2.2339792651110315
isophon,136,9,1500.0,-7.5411814518596
isophon,136,9,2000.0,-7.93847998324739
isophon,136,9,3000.0,-1.429992439303831
isophon,136,9,4000.0,1.3299716875847736
isophon,136,9,6000.0,-3.6410958359475956
isophon,136,9,8000.0,-4.1174212135964865
isophon,136,10,250.0,-4.149368135710461
isophon,136,10,500.0,-5.440073531159953
isophon,136,10,750.0,-3.466352005693068
isophon,136,10,1000.0,1.897605568189178
isophon,136,10,1500.0,-7.989113221896204
isophon,136,10,2000.0,-12.318098685808721
isophon,136,10,3000.0,-7.018622095184966
isophon,136,10,4000.0,3.810916760740085
isophon,136,10,6000.0,-1.59391208909625
isophon,136,10,8000.0,-3.558987475814675
isophon,137,1,250.0,-15.807843843629314
isophon,137,1,500.0,32.16476344051689
isophon,137,1,750.0,30.128088451410715
isophon,137,1,1000.0,28.67108214011438
isophon,137,1,1500.0,20.99400727754651
isophon,137,1,2000.0,10.509321087011983
isophon,137,1,3000.0,-17.05083380099549
isophon,137,1,4000.0,13.653374104149044
isophon,137,1,6000.0,9.5841273677514
isophon,137,1,8000.0,35.485402285369176
isophon,137,2,250.0,-8.371508345392442
isophon,137,2,500.0,11.599965958116385
isophon,137,2,750.0,22.767653474378648
isophon,137,2,1000.0,7.095853486426378
isophon,137,2,1500.0,0.03476469319899422
isophon,137,2,2000.0,12.765946298289634
isophon,137,2,3000.0,-7.092852795578622
isophon,137,2,4000.0,-0.01994283343077541
isophon,137,2,6000.0,-5.40955207971659
isophon,137,2,8000.0,18.93353320049512
isophon,137,3,250.0,-2.616491811713402
isophon,137,3,500.0,5.366465347359224
isophon,137,3,750.0,14.062320099526268
isophon,137,3,1000.0,-0.29722204476998115
isophon,137,3,1500.0,-0.30610400787230674
isophon,137,3,2000.0,6.526792806777223
isophon,137,3,3000.0,-6.650620475520228
isophon,137,3,4000.0,-0.19127291816897696
isophon,137,3,6000.0,-0.19667090656841424
isophon,137,3,8000.0,23.861294256359457
isophon,137,4,250.0,1.4340650242457258
isophon,137,4,500.0,3.7050073397003587
isophon,137,4,750.0,11.69372073006052
isophon,137,4,1000.0,-5.439745010389089
isophon,137,4,1500.0,-2.9527210152506598
isophon,137,4,2000.0,8.878707498335388
isophon,137,4,3000.0,-3.615092883775745
isophon,137,4,4000.0,-0.26109626177691325
isophon,137,4,6000.0,1.492513190859711
isophon,137,4,8000.0,24.06845312679583
isophon,137,5,250.0,13.01529177079638
isophon,137,5,500.0,10.325317382062536
isophon,137,5,750.0,11.520878388626329
isophon,137,5,1000.0,3.2177532094509473
isophon,137,5,1500.0,3.35310463782551
isophon,137,5,2000.0,14.318887711228982
isophon,137,5,3000.0,2.769414653211598
isophon,137,5,4000.0,5.030780473770946
isophon,137,5,6000.0,7.753230048769865
isophon,137,5,8000.0,28.039895882573873
isophon,137,6,250.0,10.1612963984021
isophon,137,6,500.0,10.251473073474187
isophon,137,6,750.0,9.891712994586726
isophon,137,6,1000.0,7.8356152226729705
isophon,137,6,1500.0,3.7180937087990884
isophon,137,6,2000.0,10.066319563465598
isophon,137,6,3000.0,2.1544083578901905
isophon,137,6,4000.0,3.562698792458775
isophon,137,6,6000.0,1.9603035715037294
isophon,137,6,8000.0,21.675641762859698
isophon,137,7,250.0,13.596070466682463
isophon,137,7,500.0,15.05848764536752
isophon,137,7,750.0,9.490046723280159
isophon,137,7,1000.0,5.471613904482453
isophon,137,7,1500.0,4.948751835001488
isophon,137,7,2000.0,17.407901487019075
isophon,137,7,3000.0,3.815723790478444
isophon,137,7,4000.0,8.77230136493462
isophon,137,7,6000.0,2.671362914451393
isophon,137,7,8000.0,20.872044084676943
isophon,137,8,250.0,10.521802486790506
isophon,137,8,500.0,15.70795335237294
isophon,137,8,750.0,7.500993658231749
isophon,137,8,1000.0,2.452638044675723
isophon,137,8,1500.0,-0.2500109906463166
isophon,137,8,2000.0,13.53580947225764
isophon,137,8,3000.0,4.987145235995598
isophon,137,8,4000.0,7.048723369018575
isophon,137,8,6000.0,1.9426786555146975
isophon,137,8,8000.0,16.942410375147944
isophon,137,9,250.0,10.064612187714474
isophon,137,9,500.0,16.463011647539048
isophon,137,9,750.0,4.9043875933485594
isophon,137,9,1000.0,2.0271581617405303
isophon,137,9,1500.0,-0.7508459472656313
isophon,137,9,2000.0,8.604859263350221
isophon,137,9,3000.0,6.944072110016208
isophon,137,9,4000.0,6.0667733764648375
isophon,137,9,6000.0,3.6709985351562437
isophon,137,9,8000.0,14.668337262172301
isophon,137,10,250.0,8.987334494334661
isophon,137,10,500.0,16.894292685417852
isophon,137,10,750.0,3.913221740722662
isophon,137,10,1000.0,4.798323004541658
isophon,137,10,1500.0,1.5567802429199276
isophon,137,10,2000.0,6.662046918073685
isophon,137,10,3000.0,6.116015949265858
isophon,137,10,4000.0,5.661650085449224
isophon,137,10,6000.0,4.852625274658209
isophon,137,10,8000.0,14.48952556998988
isophon,138,1,250.0,5.856047136532638
isophon,138,1,500.0,9.60930743184501
isophon,138,1,750.0,1.6257121289337277
isophon,138,1,1000.0,-9.885650165975449
isophon,138,1,1500.0,2.5000587961661154
isophon,138,1,2000.0,-18.949657482809876
isophon,138,1,3000.0,-15.372648580294836
isophon,138,1,4000.0,-30.945614989160987
isophon,138,1,6000.0,-40.695983255157806
isophon,138,1,8000.0,-43.77811748553562
isophon,138,2,250.0,-0.047701968999575683
isophon,138,2,500.0,-1.7684472661425588
isophon,138,2,750.0,0.37744658857680236
isophon,138,2,1000.0,-6.700524421408936
isophon,138,2,1500.0,-8.264097226951598
isophon,138,2,2000.0,-27.338877554734687
isophon,138,2,3000.0,-9.880433240548577
isophon,138,2,4000.0,-21.720880120847838
isophon,138,2,6000.0,-18.392550102106938
isophon,138,2,8000.0,-32.68361992179875
isophon,138,3,250.0,1.363329386473481
isophon,138,3,500.0,2.12094564860881
isophon,138,3,750.0,-1.578978322426039
isophon,138,3,1000.0,-8.377678757225823
isophon,138,3,1500.0,-11.346154410752561
isophon,138,3,2000.0,-16.45917014793089
isophon,138,3,3000.0,-4.302772590741924
isophon,138,3,4000.0,-16.106129510994833
isophon,138,3,6000.0,-4.9147271861692445
isophon,138,3,8000.0,-19.764179456571142
isophon,138,4,250.0,7.356714378132068
isophon,138,4,500.0,-1.8077747993495024
isophon,138,4,750.0,-4.071339593532571
isophon,138,4,1000.0,-1.9111854247445308
isophon,138,4,1500.0,-7.926750401092974
isophon,138,4,2000.0,-9.496296845248153
isophon,138,4,3000.0,5.332243108994533
isophon,138,4,4000.0,-1.7727549133509513
isophon,138,4,6000.0,6.810482957701538
isophon,138,4,8000.0,-8.896261573520945
isophon,138,5,250.0,10.724944960175947
isophon,138,5,500.0,0.8734286361806198
isophon,138,5,750.0,-3.9428587684874685
isophon,138,5,1000.0,0.8829643299823147
isophon,138,5,1500.0,-3.6926462192511167
isophon,138,5,2000.0,-7.299543565198292
isophon,138,5,3000.0,2.216300084424276
isophon,138,5,4000.0,-2.2977253679134577
isophon,138,5,6000.0,1.4818544318301576
isophon,138,5,8000.0,-5.561209648690621
isophon,138,6,250.0,6.09282957656896
isophon,138,6,500.0,3.501203991912945
isophon,138,6,750.0,-0.5190895319807822
isophon,138,6,1000.0,-0.41637172617711826
isophon,138,6,1500.0,0.9327435727144575
isophon,138,6,2000.0,-1.019621815062436
isophon,138,6,3000.0,0.6128487437478043
isophon,138,6,4000.0,-1.0700150560360981
isophon,138,6,6000.0,-1.053474793499774
isophon,138,6,8000.0,-8.370708782186725
isophon,138,7,250.0,7.247804843508433
isophon,138,7,500.0,6.229744289773038
isophon,138,7,750.0,2.1722774921580736
isophon,138,7,1000.0,0.8410957722863657
isophon,138,7,1500.0,0.08581790625723329
isophon,138,7,2000.0,-1.6111881529420913
isophon,138,7,3000.0,1.490985935931306
isophon,138,7,4000.0,-4.294078681413524
isophon,138,7,6000.0,2.0828123931941462
isophon,138,7,8000.0,-6.084197872400026
isophon,138,8,250.0,7.476136753220231
isophon,138,8,500.0,5.005587643103837
isophon,138,8,750.0,3.520774725301294
isophon,138,8,1000.0,-0.613273659748458
isophon,138,8,1500.0,0.7886045772868044
isophon,138,8,2000.0,-3.2160538650835377
isophon,138,8,3000.0,-1.739046575746599
isophon,138,8,4000.0,-4.802091518536145
isophon,138,8,6000.0,1.9500580654604391
isophon,138,8,8000.0,-3.265931157621381
isophon,138,9,250.0,7.168674902135166
isophon,138,9,500.0,4.053370081509868
isophon,138,9,750.0,4.025968859259422
isophon,138,9,1000.0,-1.6529646301269594
isophon,138,9,1500.0,2.665770030312544
isophon,138,9,2000.0,-4.4281814931128025
isophon,138,9,3000.0,-7.217410622038969
isophon,138,9,4000.0,-1.2658028333430593
isophon,138,9,6000.0,0.21361762531370232
isophon,138,9,8000.0,-1.2058172731183276
isophon,138,10,250.0,3.9159559216364954
isophon,138,10,500.0,5.684703452927494
isophon,138,10,750.0,4.4344964705139205
isophon,138,10,1000.0,-0.2589927673339787
isophon,138,10,1500.0,4.274015418711954
isophon,138,10,2000.0,-1.7864315109520987
isophon,138,10,3000.0,-5.4187578943203505
isophon,138,10,4000.0,-0.07117569164553572
isophon,138,10,6000.0,1.2639491415134785
isophon,138,10,8000.0,-0.36243403612725444
isophon,139,1,250.0,8.595884797465239
isophon,139,1,500.0,-11.629022391424115
isophon,139,1,750.0,-3.354474264588859
isophon,139,1,1000.0,-9.40214038483606
isophon,139,1,1500.0,-9.618708721407252
isophon,139,1,2000.0,11.731268148091456
isophon,139,1,3000.0,15.087113516741912
isophon,139,1,4000.0,5.094591879068751
isophon,139,1,6000.0,-4.436344853362002
isophon,139,1,8000.0,8.160868147270946
isophon,139,2,250.0,-4.459847578292518
isophon,139,2,500.0,0.746605864684355
isophon,139,2,750.0,0.355218006075134
isophon,139,2,1000.0,4.180144054851191
isophon,139,2,1500.0,-1.5143713163654198
isophon,139,2,2000.0,16.719858901091158
isophon,139,2,3000.0,1.1609336134302026
isophon,139,2,4000.0,-1.9306337009356227
isophon,139,2,6000.0,-6.5404974110427645
isophon,139,2,8000.0,6.37358987844928
isophon,139,3,250.0,-1.6586016684588714
isophon,139,3,500.0,-5.589539662810807
isophon,139,3,750.0,-1.5916348250659382
isophon,139,3,1000.0,3.9571253418931462
isophon,139,3,1500.0,11.367602510821499
isophon,139,3,2000.0,8.942995519731788
isophon,139,3,3000.0,-3.5787004265812357
isophon,139,3,4000.0,-0.7021999160876504
isophon,139,3,6000.0,4.844804866722569
isophon,139,3,8000.0,6.708302984772871
isophon,139,4,250.0,4.316219910599216
isophon,139,4,500.0,4.182320539723392
isophon,139,4,750.0,0.2839929743995242
isophon,139,4,1000.0,0.891345043506476
isophon,139,4,1500.0,7.235742821038627
isophon,139,4,2000.0,4.069761506672364
isophon,139,4,3000.0,-3.224992418297873
isophon,139,4,4000.0,-0.5858360588467804
isophon,139,4,6000.0,9.529661401565548
isophon,139,4,8000.0,7.807288027030694
isophon,139,5,250.0,3.23273214677468
isophon,139,5,500.0,3.1512679514244297
isophon,139,5,750.0,5.203060643378535
isophon,139,5,1000.0,4.698662170526461
isophon,139,5,1500.0,12.285496244035826
isophon,139,5,2000.0,7.684495554585382
isophon,139,5,3000.0,2.148196629346657
isophon,139,5,4000.0,4.5605668926930605
isophon,139,5,6000.0,11.003972687638594
isophon,139,5,8000.0,4.778481867554788
isophon,139,6,250.0,-0.29930442192083717
isophon,139,6,500.0,-2.2795979936091157
isophon,139,6,750.0,-1.1625562846952988
isophon,139,6,1000.0,-1.0071531173211383
isophon,139,6,1500.0,7.223576953487594
isophon,139,6,2000.0,-8.531072425244929
isophon,139,6,3000.0,-3.839733252928241
isophon,139,6,4000.0,7.150580139298853
isophon,139,6,6000.0,9.076863497870633
isophon,139,6,8000.0,10.239899568021613
isophon,139,7,250.0,0.5147166790092399
isophon,139,7,500.0,-0.7276805327562101
isophon,139,7,750.0,-1.8752327816422252
isophon,139,7,1000.0,1.708849929644984
isophon,139,7,1500.0,6.190830596038012
isophon,139,7,2000.0,-9.330907471660993
isophon,139,7,3000.0,-3.6528995607664285
isophon,139,7,4000.0,8.038909085778528
isophon,139,7,6000.0,6.181601602968371
isophon,139,7,8000.0,3.4884333132409893
isophon,139,8,250.0,2.206340208589836
isophon,139,8,500.0,-1.0280680568931189
isophon,139,8,750.0,-0.7671570010912774
isophon,139,8,1000.0,2.2261016605128674
isophon,139,8,1500.0,5.017762376402445
isophon,139,8,2000.0,-7.920941323808634
isophon,139,8,3000.0,-1.9473429426264772
isophon,139,8,4000.0,3.2668440009187094
isophon,139,8,6000.0,5.637898127909949
isophon,139,8,8000.0,3.485490783800273
isophon,139,9,250.0,4.160737455674806
isophon,139,9,500.0,-1.1217684182822154
isophon,139,9,750.0,0.9525152194648854
isophon,139,9,1000.0,3.394278807405996
isophon,139,9,1500.0,4.996911888615742
isophon,139,9,2000.0,-6.27895791191861
isophon,139,9,3000.0,-0.8539793258521655
isophon,139,9,4000.0,-0.20605100977340385
isophon,139,9,6000.0,3.4439593380721476
isophon,139,9,8000.0,3.035900632479283
isophon,139,10,250.0,6.135967704041136
isophon,139,10,500.0,2.531550915083699
isophon,139,10,750.0,2.142828577246746
isophon,139,10,1000.0,4.4910434814896405
isophon,139,10,1500.0,6.3874878309084835
isophon,139,10,2000.0,-5.386246260502574
isophon,139,10,3000.0,2.0497478757962995
isophon,139,10,4000.0,1.061115355786015
isophon,139,10,6000.0,4.457537226339895
isophon,139,10,8000.0,3.701361959687816
isophon,140,1,250.0,23.57229835510254
isophon,140,1,500.0,4.31312011625219
isophon,140,1,750.0,1.2369406890869143
isophon,140,1,1000.0,4.07911808013916
isophon,140,1,1500.0,4.645358141204371
isophon,140,1,2000.0,9.717567749023438
isophon,140,1,3000.0,9.977998085021973
isophon,140,1,4000.0,-0.7819959727459107
isophon,140,1,6000.0,19.740946561079767
isophon,140,1,8000.0,-24.25487900030204
isophon,140,2,250.0,8.620278450224887
isophon,140,2,500.0,3.4586978102260133
isophon,140,2,750.0,1.2606089151215443
isophon,140,2,1000.0,-5.888141504408033
isophon,140,2,1500.0,-3.2772611790871764
isophon,140,2,2000.0,-3.881043701171876
isophon,140,2,3000.0,1.0989806365966786
isophon,140,2,4000.0,-11.16210435518991
isophon,140,2,6000.0,11.784449606172146
isophon,140,2,8000.0,-16.528034511853406
isophon,140,3,250.0,3.8627390338681593
isophon,140,3,500.0,5.084245863644725
isophon,140,3,750.0,5.9663977758836
isophon,140,3,1000.0,-2.150203745327147
isophon,140,3,1500.0,-4.271852576527678
isophon,140,3,2000.0,-3.1502897515118917
isophon,140,3,3000.0,2.0083940542177317
isophon,140,3,4000.0,-9.107368735317522
isophon,140,3,6000.0,10.30459282894698
isophon,140,3,8000.0,-8.247952229428577
isophon,140,4,250.0,-0.8800064758411281
isophon,140,4,500.0,6.5115507139353355
isophon,140,4,750.0,6.117538881982611
isophon,140,4,1000.0,-0.9951633245881197
isophon,140,4,1500.0,-7.796986367791547
isophon,140,4,2000.0,-1.3435799965498916
isophon,140,4,3000.0,4.082865612631352
isophon,140,4,4000.0,-4.177098892956224
isophon,140,4,6000.0,8.195684922794982
isophon,140,4,8000.0,-7.684497711097734
isophon,140,5,250.0,-2.5077393252605162
isophon,140,5,500.0,1.7718095275444057
isophon,140,5,750.0,4.6771455171942335
isophon,140,5,1000.0,-1.3673257340816036
isophon,140,5,1500.0,-7.526753773016367
isophon,140,5,2000.0,-5.660362498238186
isophon,140,5,3000.0,0.9413719053152079
isophon,140,5,4000.0,-3.536173481438837
isophon,140,5,6000.0,4.568222572090065
isophon,140,5,8000.0,-2.436974695169269
isophon,140,6,250.0,-3.4389310613677964
isophon,140,6,500.0,-6.089250172799012
isophon,140,6,750.0,0.26228194863409726
isophon,140,6,1000.0,4.717551145732045
isophon,140,6,1500.0,2.151802611427982
isophon,140,6,2000.0,5.853623555228609
isophon,140,6,3000.0,9.425736834514424
isophon,140,6,4000.0,5.113900560850482
isophon,140,6,6000.0,11.891012138884875
isophon,140,6,8000.0,0.30242506678382597
isophon,140,7,250.0,-3.0970724954991624
isophon,140,7,500.0,-3.0708618320979326
isophon,140,7,750.0,-4.639960392808717
isophon,140,7,1000.0,-0.8306978593286516
isophon,140,7,1500.0,6.231276998113657
isophon,140,7,2000.0,0.2739375442687333
isophon,140,7,3000.0,3.936104515808566
isophon,140,7,4000.0,2.508398694523791
isophon,140,7,6000.0,12.86872327571885
isophon,140,7,8000.0,1.980520235678739
isophon,140,8,250.0,-3.7495966925911546
isophon,140,8,500.0,-0.14469014294444094
isophon,140,8,750.0,-2.4062723574165545
isophon,140,8,1000.0,1.1758462770010993
isophon,140,8,1500.0,9.198314015172642
isophon,140,8,2000.0,1.694112562579278
isophon,140,8,3000.0,7.427226786674993
isophon,140,8,4000.0,1.2632135405581693
isophon,140,8,6000.0,11.792884756873264
isophon,140,8,8000.0,3.625385924577486
isophon,140,9,250.0,-3.5579138183593386
isophon,140,9,500.0,2.1335536623317353
isophon,140,9,750.0,-0.1511831665035288
isophon,140,9,1000.0,3.0246254212882064
isophon,140,9,1500.0,10.691133779885291
isophon,140,9,2000.0,3.8349487442199006
isophon,140,9,3000.0,10.120994473708777
isophon,140,9,4000.0,1.690606139359062
isophon,140,9,6000.0,9.470818068718685
isophon,140,9,8000.0,4.917878711802345
isophon,140,10,250.0,-1.4452835083007471
isophon,140,10,500.0,3.666963836504806
isophon,140,10,750.0,0.713030242920297
isophon,140,10,1000.0,5.269507104981173
isophon,140,10,1500.0,11.24677482753863
isophon,140,10,2000.0,-2.535459136962885
isophon,140,10,3000.0,4.907349679178921
isophon,140,10,4000.0,2.128768616720194
isophon,140,10,6000.0,2.5889991760253963
isophon,140,10,8000.0,6.109233966311791
isophon,141,1,250.0,-19.36883266020517
isophon,141,1,500.0,-23.74106951375815
isophon,141,1,750.0,-19.30749410120275
isophon,141,1,1000.0,-19.15486764530293
isophon,141,1,1500.0,-24.50444957099984
isophon,141,1,2000.0,1.1506816056093676
isophon,141,1,3000.0,-22.839056119850838
isophon,141,1,4000.0,-14.174725933493164
isophon,141,1,6000.0,-16.483149409733983
isophon,141,1,8000.0,-44.181383497866335
isophon,141,2,250.0,-5.462836014445244
isophon,141,2,500.0,-0.5550498749169961
isophon,141,2,750.0,-5.176337346719166
isophon,141,2,1000.0,-1.128393612785203
isophon,141,2,1500.0,-7.9912054280698825
isophon,141,2,2000.0,-10.157420515943684
isophon,141,2,3000.0,-3.156417842813198
isophon,141,2,4000.0,0.7409380958199705
isophon,141,2,6000.0,1.8399658582899434
isophon,141,2,8000.0,-19.6668443994444
isophon,141,3,250.0,-1.2148346690732126
isophon,141,3,500.0,0.8916815192080065
isophon,141,3,750.0,-4.402859157907926
isophon,141,3,1000.0,-4.007368036552137
isophon,141,3,1500.0,1.4503062259454254
isophon,141,3,2000.0,-3.110316936814165
isophon,141,3,3000.0,-3.101259815276663
isophon,141,3,4000.0,2.952236517155484
isophon,141,3,6000.0,-5.023947607309367
isophon,141,3,8000.0,-13.388140614319042
isophon,141,4,250.0,-3.3211323147285015
isophon,141,4,500.0,1.8234028007483687
isophon,141,4,750.0,1.793012535687751
isophon,141,4,1000.0,-1.4430560772849788
isophon,141,4,1500.0,3.3772966932157544
isophon,141,4,2000.0,5.194675748969004
isophon,141,4,3000.0,0.23425772786075072
isophon,141,4,4000.0,3.4120006604927653
isophon,141,4,6000.0,-7.636291925929754
isophon,141,4,8000.0,-20.797703360137348
isophon,141,5,250.0,-2.996353005717168
isophon,141,5,500.0,8.533331222635525
isophon,141,5,750.0,4.558748114892381
isophon,141,5,1000.0,0.44981321272243235
isophon,141,5,1500.0,4.3842726303020925
isophon,141,5,2000.0,5.832361420643053
isophon,141,5,3000.0,-3.3652384946956886
isophon,141,5,4000.0,1.0528849219536909
isophon,141,5,6000.0,-6.675527483566157
isophon,141,5,8000.0,-13.200424635559969
isophon,141,6,250.0,2.2614494625405825
isophon,141,6,500.0,7.6433001631470745
isophon,141,6,750.0,-0.9253384643557325
isophon,141,6,1000.0,-3.5411256208673194
isophon,141,6,1500.0,-0.8073415373782638
isophon,141,6,2000.0,-0.921806756356844
isophon,141,6,3000.0,-4.577571810227397
isophon,141,6,4000.0,-2.5656888907174107
isophon,141,6,6000.0,-1.2286945858212164
isophon,141,6,8000.0,-10.068383316681846
isophon,141,7,250.0,7.449048307450184
isophon,141,7,500.0,8.379938275108657
isophon,141,7,750.0,1.6112723611743718
isophon,141,7,1000.0,-7.867587139306565
isophon,141,7,1500.0,-0.7540194088110042
isophon,141,7,2000.0,2.5286029886339207
isophon,141,7,3000.0,-0.5198815532432519
isophon,141,7,4000.0,-0.3345458808456243
isophon,141,7,6000.0,-0.5149055439434278
isophon,141,7,8000.0,-8.511166331363157
isophon,141,8,250.0,8.554211634272093
isophon,141,8,500.0,11.758111762700295
isophon,141,8,750.0,3.1879117114189626
isophon,141,8,1000.0,-5.032268449658957
isophon,141,8,1500.0,-1.7003186052702404
isophon,141,8,2000.0,1.6559378885812208
isophon,141,8,3000.0,-3.4788382962038185
isophon,141,8,4000.0,0.4714793703422657
isophon,141,8,6000.0,-0.6181758561670989
isophon,141,8,8000.0,-5.987977855032
isophon,141,9,250.0,9.584500512358673
isophon,141,9,500.0,13.806285094399527
isophon,141,9,750.0,4.596727989182398
isophon,141,9,1000.0,-3.2708355882349025
isophon,141,9,1500.0,-1.9338922207118259
isophon,141,9,2000.0,-0.40042420604861206
isophon,141,9,3000.0,-3.462952640550782
isophon,141,9,4000.0,2.1452915637659373
isophon,141,9,6000.0,-1.8426315281824373
isophon,141,9,8000.0,-3.4826703549849753
isophon,141,10,250.0,4.348385040749079
isophon,141,10,500.0,10.71419853414811
isophon,141,10,750.0,5.425800703779686
isophon,141,10,1000.0,-1.39172515754737
isophon,141,10,1500.0,-0.7486308165929643
isophon,141,10,2000.0,-0.7970451319108633
isophon,141,10,3000.0,-2.29950217831599
isophon,141,10,4000.0,2.975943660050561
isophon,141,10,6000.0,-0.1671789869806588
isophon,141,10,8000.0,-2.927427185086515
isophon,142,1,250.0,23.81657441488874
isophon,142,1,500.0,-2.28733372280087
isophon,142,1,750.0,-3.298434369907582
isophon,142,1,1000.0,-1.3563947987896228
isophon,142,1,1500.0,6.751104608469035
isophon,142,1,2000.0,14.65408872519236
isophon,142,1,3000.0,-5.704924388202478
isophon,142,1,4000.0,-1.138810991047876
isophon,142,1,6000.0,6.499225662907321
isophon,142,1,8000.0,22.04342246920458
isophon,142,2,250.0,6.735424576883098
isophon,142,2,500.0,-2.7777169905094112
isophon,142,2,750.0,-2.88756987916463
isophon,142,2,1000.0,-3.3632641184248797
isophon,142,2,1500.0,-5.379955959458513
isophon,142,2,2000.0,1.6492787191173122
isophon,142,2,3000.0,0.9498848089816292
isophon,142,2,4000.0,3.4684784843210963
isophon,142,2,6000.0,7.417274140243606
isophon,142,2,8000.0,14.187453346242549
isophon,142,3,250.0,9.946528460002995
isophon,142,3,500.0,-1.8528091408867908
isophon,142,3,750.0,0.1155385011910397
isophon,142,3,1000.0,2.3707451298728586
isophon,142,3,1500.0,-2.9647264353903466
isophon,142,3,2000.0,-4.651505250856836
isophon,142,3,3000.0,1.49016421907303
isophon,142,3,4000.0,-0.483591545864428
isophon,142,3,6000.0,5.636799881420117
isophon,142,3,8000.0,8.55993997467165
isophon,142,4,250.0,4.454367379436306
isophon,142,4,500.0,0.9947872725835509
isophon,142,4,750.0,-0.9037526976622985
isophon,142,4,1000.0,-1.1816423361700714
isophon,142,4,1500.0,-1.461318576176879
isophon,142,4,2000.0,-0.42272967948080975
isophon,142,4,3000.0,7.420501067167919
isophon,142,4,4000.0,1.6777091287742394
isophon,142,4,6000.0,6.9435407073337245
isophon,142,4,8000.0,6.007349800196323
isophon,142,5,250.0,3.7479495632992155
isophon,142,5,500.0,1.2907131331780732
isophon,142,5,750.0,-1.6200376589347627
isophon,142,5,1000.0,2.580406887448632
isophon,142,5,1500.0,-2.0632933462192113
isophon,142,5,2000.0,-5.808755156398973
isophon,142,5,3000.0,-0.21326442856259575
isophon,142,5,4000.0,2.033692229828304
isophon,142,5,6000.0,8.619229145476453
isophon,142,5,8000.0,5.024540199366243
isophon,142,6,250.0,-1.5702580999219151
isophon,142,6,500.0,-2.33820140109718
isophon,142,6,750.0,-0.7908406588916819
isophon,142,6,1000.0,1.935181930634812
isophon,142,6,1500.0,-2.3916418608106085
isophon,142,6,2000.0,-3.9799673012667824
isophon,142,6,3000.0,-1.2090390380433007
isophon,142,6,4000.0,-0.5070416951317611
isophon,142,6,6000.0,4.30145969184224
isophon,142,6,8000.0,-1.9711616650995722
isophon,142,7,250.0,-0.5301353361685699
isophon,142,7,500.0,-4.085542280283107
isophon,142,7,750.0,-5.372763205654209
isophon,142,7,1000.0,-1.4245515379777913
isophon,142,7,1500.0,-5.336414468050819
isophon,142,7,2000.0,0.2591563296304855
isophon,142,7,3000.0,-2.860677467378949
isophon,142,7,4000.0,-1.4017008693259214
isophon,142,7,6000.0,4.659663681986757
isophon,142,7,8000.0,-2.185839061123133
isophon,142,8,250.0,-0.6792867545457995
isophon,142,8,500.0,-4.233407610064759
isophon,142,8,750.0,-5.278910354681187
isophon,142,8,1000.0,-2.7754104841737615
isophon,142,8,1500.0,-5.542908999314832
isophon,142,8,2000.0,-0.3720539392919733
isophon,142,8,3000.0,-1.2924497237950305
isophon,142,8,4000.0,1.1261911445919566
isophon,142,8,6000.0,4.770249033250039
isophon,142,8,8000.0,-3.796665649414038
isophon,142,9,250.0,-1.7382633309239282
isophon,142,9,500.0,-4.969717566069278
isophon,142,9,750.0,-5.36036090424065
isophon,142,9,1000.0,-3.130484587612912
isophon,142,9,1500.0,-7.695686434691993
isophon,142,9,2000.0,-1.2569373860848145
isophon,142,9,3000.0,-1.8879184129292952
isophon,142,9,4000.0,3.1812012359692687
isophon,142,9,6000.0,4.828567130864101
isophon,142,9,8000.0,-4.372588195800759
isophon,142,10,250.0,-4.589115299409343
isophon,142,10,500.0,0.7797182699804353
isophon,142,10,750.0,-1.6220917076037011
isophon,142,10,1000.0,0.7171623877057556
isophon,142,10,1500.0,-4.65138461657304
isophon,142,10,2000.0,-0.8989000221958321
isophon,142,10,3000.0,1.4848633293193814
isophon,142,10,4000.0,-1.6162380407129433
isophon,142,10,6000.0,2.9680085754732204
isophon,142,10,8000.0,-4.992776489257793
isophon,143,1,250.0,-8.200614064475051
isophon,143,1,500.0,17.314687227380166
isophon,143,1,750.0,14.94057384646118
isophon,143,1,1000.0,4.425525085447395
isophon,143,1,1500.0,11.282214471518891
isophon,143,1,2000.0,15.960495103668919
isophon,143,1,3000.0,12.203515346447743
isophon,143,1,4000.0,1.5648514842133157
isophon,143,1,6000.0,-23.453274643555538
isophon,143,1,8000.0,-19.49321454902858
isophon,143,2,250.0,1.9679332543119514
isophon,143,2,500.0,-4.923959645975529
isophon,143,2,750.0,-9.180359781620865
isophon,143,2,1000.0,-11.415511258623035
isophon,143,2,1500.0,1.2626517740547811
isophon,143,2,2000.0,5.840622390333689
isophon,143,2,3000.0,-3.15202348265359
isophon,143,2,4000.0,1.7883781360117723
isophon,143,2,6000.0,-3.097492618306333
isophon,143,2,8000.0,-19.54058386880348
isophon,143,3,250.0,4.158832216111428
isophon,143,3,500.0,-0.22060069210263578
isophon,143,3,750.0,-8.266104806937875
isophon,143,3,1000.0,-5.166661064029334
isophon,143,3,1500.0,-5.490190998774182
isophon,143,3,2000.0,8.574464147039272
isophon,143,3,3000.0,-6.2308545089771314
isophon,143,3,4000.0,1.6904153193258225
isophon,143,3,6000.0,7.6883585369741425
isophon,143,3,8000.0,-15.47316309139272
isophon,143,4,250.0,6.903142706463626
isophon,143,4,500.0,8.19729949995724
isophon,143,4,750.0,1.488973559175406
isophon,143,4,1000.0,-0.026729816571787524
isophon,143,4,1500.0,-5.275688175009279
isophon,143,4,2000.0,8.419483814839829
isophon,143,4,3000.0,-0.5609799483811742
isophon,143,4,4000.0,0.7736867625108914
isophon,143,4,6000.0,15.637403372833234
isophon,143,4,8000.0,-12.76223176654824
isophon,143,5,250.0,-1.256589403454683
isophon,143,5,500.0,-3.0575579469541196
isophon,143,5,750.0,-5.898346080075456
isophon,143,5,1000.0,-5.150045872787359
isophon,143,5,1500.0,-9.983823048656234
isophon,143,5,2000.0,5.4699733538478625
isophon,143,5,3000.0,-1.0678287614192072
isophon,143,5,4000.0,-5.7566143013396385
isophon,143,5,6000.0,-3.9571606213966106
isophon,143,5,8000.0,-9.469392325846172
isophon,143,6,250.0,0.8310213837782214
isophon,143,6,500.0,-1.2041878658773442
isophon,143,6,750.0,0.3036016554246004
isophon,143,6,1000.0,4.288157104381298
isophon,143,6,1500.0,-2.76060644676636
isophon,143,6,2000.0,7.975595078355383
isophon,143,6,3000.0,-2.4209504406710067
isophon,143,6,4000.0,-4.131506525399473
isophon,143,6,6000.0,-1.0558819601958476
isophon,143,6,8000.0,-14.289204163232398
isophon,143,7,250.0,1.9097178806973005
isophon,143,7,500.0,-0.9362496807023177
isophon,143,7,750.0,-0.3094351610898798
isophon,143,7,1000.0,1.8573861204310589
isophon,143,7,1500.0,-3.1756462395216687
isophon,143,7,2000.0,3.8282606343546206
isophon,143,7,3000.0,-0.8645971765882905
isophon,143,7,4000.0,-4.115744658876153
isophon,143,7,6000.0,-1.5968158768775425
isophon,143,7,8000.0,-10.262644731502022
isophon,143,8,250.0,1.6484152452829335
isophon,143,8,500.0,0.8272269814794129
isophon,143,8,750.0,-1.7049716454582153
isophon,143,8,1000.0,2.59897142504812
isophon,143,8,1500.0,-2.915462339993539
isophon,143,8,2000.0,1.2004034297422237
isophon,143,8,3000.0,-5.269500155255358
isophon,143,8,4000.0,-6.42994013567926
isophon,143,8,6000.0,-1.8630616047783661
isophon,143,8,8000.0,-10.991115712093688
isophon,143,9,250.0,0.7471130759654869
isophon,143,9,500.0,2.8504185540691225
isophon,143,9,750.0,-4.81264074733987
isophon,143,9,1000.0,4.373853483197223
isophon,143,9,1500.0,-1.7352993101855247
isophon,143,9,2000.0,4.230789603087189
isophon,143,9,3000.0,-4.977736427736801
isophon,143,9,4000.0,-6.758323258206062
isophon,143,9,6000.0,-0.05727486293693573
isophon,143,9,8000.0,-11.81393651796526
isophon,143,10,250.0,2.765114259046399
isophon,143,10,500.0,1.2766555141872544
isophon,143,10,750.0,-2.671644348414091
isophon,143,10,1000.0,8.604803966999057
isophon,143,10,1500.0,0.8537234132507621
isophon,143,10,2000.0,7.81732607866887
isophon,143,10,3000.0,-2.8517051051502023
isophon,143,10,4000.0,-6.820886230468744
isophon,143,10,6000.0,-3.344649545422925
isophon,143,10,8000.0,-10.59005052301815
isophon,144,1,250.0,28.976214244666235
isophon,144,1,500.0,33.30490254099924
isophon,144,1,750.0,4.168839825781518
isophon,144,1,1000.0,1.9985923917426476
isophon,144,1,1500.0,20.82296984706413
isophon,144,1,2000.0,24.247339766989082
isophon,144,1,3000.0,-5.708306408520002
isophon,144,1,4000.0,17.80005656397117
isophon,144,1,6000.0,-0.10121791267998503
isophon,144,1,8000.0,-7.2603455362319025
isophon,144,2,250.0,16.50202868891258
isophon,144,2,500.0,8.715317362344095
isophon,144,2,750.0,9.420691115606136
isophon,144,2,1000.0,0.8717397198074863
isophon,144,2,1500.0,-7.653739443665877
isophon,144,2,2000.0,-5.538787041451414
isophon,144,2,3000.0,0.08349597120252383
isophon,144,2,4000.0,-3.917206905395382
isophon,144,2,6000.0,2.280944440796148
isophon,144,2,8000.0,4.46198202606837
isophon,144,3,250.0,1.4344496621334457
isophon,144,3,500.0,6.86382057943419
isophon,144,3,750.0,14.971733637255266
isophon,144,3,1000.0,1.0710000080207607
isophon,144,3,1500.0,-3.563407092948239
isophon,144,3,2000.0,0.6415865475810705
isophon,144,3,3000.0,3.5490446154625417
isophon,144,3,4000.0,-5.518092036361814
isophon,144,3,6000.0,-2.856024499621782
isophon,144,3,8000.0,-6.746665257413923
isophon,144,4,250.0,9.623243553770706
isophon,144,4,500.0,3.301704294918494
isophon,144,4,750.0,5.5624641731063065
isophon,144,4,1000.0,3.647001099006353
isophon,144,4,1500.0,-0.9449799055396753
isophon,144,4,2000.0,3.024217671228662
isophon,144,4,3000.0,9.51981418514923
isophon,144,4,4000.0,4.337945181756361
isophon,144,4,6000.0,6.020546935786214
isophon,144,4,8000.0,-1.1373308457928317
isophon,144,5,250.0,1.1075650881181787
isophon,144,5,500.0,5.686582808529465
isophon,144,5,750.0,-3.0121943128528983
isophon,144,5,1000.0,-1.597763347025193
isophon,144,5,1500.0,-2.1454957434404633
isophon,144,5,2000.0,2.5042930230020772
isophon,144,5,3000.0,4.622798564400341
isophon,144,5,4000.0,-1.0277438189870622
isophon,144,5,6000.0,-0.7625774580781979
isophon,144,5,8000.0,-13.082893811342217
isophon,144,6,250.0,-9.806418106040482
isophon,144,6,500.0,4.335611815969003
isophon,144,6,750.0,-5.221198404395324
isophon,144,6,1000.0,-3.8578062240983684
isophon,144,6,1500.0,-0.6312356553862628
isophon,144,6,2000.0,4.684666290524376
isophon,144,6,3000.0,5.134190698617388
isophon,144,6,4000.0,1.4649440207232658
isophon,144,6,6000.0,-3.832928280403763
isophon,144,6,8000.0,-10.158443417945378
isophon,144,7,250.0,-3.8746974351149532
isophon,144,7,500.0,-10.098208471808647
isophon,144,7,750.0,-9.403567796150625
isophon,144,7,1000.0,-11.830863307491882
isophon,144,7,1500.0,-8.616845970753218
isophon,144,7,2000.0,7.547345189885306
isophon,144,7,3000.0,-1.2328952315455695
isophon,144,7,4000.0,-7.625832840749993
isophon,144,7,6000.0,-6.497390357845731
isophon,144,7,8000.0,-6.52848951168076
isophon,144,8,250.0,-1.3977902390700336
isophon,144,8,500.0,-5.121738529620103
isophon,144,8,750.0,-3.800055357558719
isophon,144,8,1000.0,-8.85012825493611
isophon,144,8,1500.0,-5.758986391669197
isophon,144,8,2000.0,2.9027309764889253
isophon,144,8,3000.0,-0.9172069081539718
isophon,144,8,4000.0,-2.9725201922493056
isophon,144,8,6000.0,-6.710930100067003
isophon,144,8,8000.0,-9.13361983297186
isophon,144,9,250.0,0.19458784320535472
isophon,144,9,500.0,-2.51133094950778
isophon,144,9,750.0,1.1966731159651403
isophon,144,9,1000.0,-7.706570338537958
isophon,144,9,1500.0,-5.801162442043818
isophon,144,9,2000.0,-2.136897250856464
isophon,144,9,3000.0,1.2308350486479611
isophon,144,9,4000.0,-0.2529249591300271
isophon,144,9,6000.0,-5.766860459448949
isophon,144,9,8000.0,-11.01270698555544
isophon,144,10,250.0,0.999784071232682
isophon,144,10,500.0,0.14058160407388698
isophon,144,10,750.0,3.864492423069592
isophon,144,10,1000.0,-2.087827283495713
isophon,144,10,1500.0,-1.864183829798975
isophon,144,10,2000.0,-1.5724866926357493
isophon,144,10,3000.0,-2.2721496582031193
isophon,144,10,4000.0,-1.5509456277373488
isophon,144,10,6000.0,-5.626790154185301
isophon,144,10,8000.0,-10.049974060058588
isophon,145,1,250.0,15.745327803934742
isophon,145,1,500.0,-6.834505415567641
isophon,145,1,750.0,18.7616915876372
isophon,145,1,1000.0,12.242015347019452
isophon,145,1,1500.0,2.7327232241099786
isophon,145,1,2000.0,-25.024333020992543
isophon,145,1,3000.0,5.675921960039247
isophon,145,1,4000.0,-9.60142042179666
isophon,145,1,6000.0,9.042666640193104
isophon,145,1,8000.0,-13.479130060553842
isophon,145,2,250.0,11.041094449579148
isophon,145,2,500.0,-0.05974296187181238
isophon,145,2,750.0,-4.097680013417488
isophon,145,2,1000.0,-9.140378547492965
isophon,145,2,1500.0,5.4956337069714
isophon,145,2,2000.0,-9.643670226369473
isophon,145,2,3000.0,-0.23347147111468303
isophon,145,2,4000.0,-2.318962419735662
isophon,145,2,6000.0,-4.055110416826778
isophon,145,2,8000.0,-9.546726853831217
isophon,145,3,250.0,14.091230892625326
isophon,145,3,500.0,3.06683608289444
isophon,145,3,750.0,1.8192551055450892
isophon,145,3,1000.0,-3.0019750398211116
isophon,145,3,1500.0,0.44289729354370166
isophon,145,3,2000.0,-6.438577269074372
isophon,145,3,3000.0,-1.0206520432111361
isophon,145,3,4000.0,-2.497660426411585
isophon,145,3,6000.0,-2.655235846216968
isophon,145,3,8000.0,-11.975370326787441
isophon,145,4,250.0,15.103361574181221
isophon,145,4,500.0,6.667835411375002
isophon,145,4,750.0,6.033363418966694
isophon,145,4,1000.0,3.12108170656866
isophon,145,4,1500.0,7.355987569483183
isophon,145,4,2000.0,-0.19994917378760846
isophon,145,4,3000.0,3.0989586525966004
isophon,145,4,4000.0,-0.1941705699508276
isophon,145,4,6000.0,-1.8898799916434115
isophon,145,4,8000.0,-13.855897192042718
isophon,145,5,250.0,2.2355705346967625
isophon,145,5,500.0,-5.90704722770046
isophon,145,5,750.0,-1.7475388511587724
isophon,145,5,1000.0,-3.539325178469362
isophon,145,5,1500.0,5.478218816379886
isophon,145,5,2000.0,-0.9197298636271967
isophon,145,5,3000.0,6.369784306600394
isophon,145,5,4000.0,2.747004512161311
isophon,145,5,6000.0,-1.1358352583848443
isophon,145,5,8000.0,-13.677000981534135
isophon,145,6,250.0,8.96557702765503
isophon,145,6,500.0,-4.498434985989206
isophon,145,6,750.0,-0.46631200016061314
isophon,145,6,1000.0,-2.3655850422574787
isophon,145,6,1500.0,4.491956247813491
isophon,145,6,2000.0,-3.852964447314662
isophon,145,6,3000.0,6.558147646629564
isophon,145,6,4000.0,9.148179167298409
isophon,145,6,6000.0,3.346431850736238
isophon,145,6,8000.0,-6.588868657315402
isophon,145,7,250.0,4.537713962062838
isophon,145,7,500.0,-4.392560589128408
isophon,145,7,750.0,-8.285713120348959
isophon,145,7,1000.0,-6.371147166187214
isophon,145,7,1500.0,5.893628235943126
isophon,145,7,2000.0,-7.542005483150135
isophon,145,7,3000.0,2.51115423093421
isophon,145,7,4000.0,2.7448927897866326
isophon,145,7,6000.0,-1.4793086073386092
isophon,145,7,8000.0,-8.64469466133518
isophon,145,8,250.0,1.2897283759776457
isophon,145,8,500.0,-7.143875355317618
isophon,145,8,750.0,-9.316908072293359
isophon,145,8,1000.0,-7.625022531011837
isophon,145,8,1500.0,3.538381601874434
isophon,145,8,2000.0,-6.260665116306043
isophon,145,8,3000.0,1.2661755335751508
isophon,145,8,4000.0,-0.9253152736613117
isophon,145,8,6000.0,-1.5041004888006029
isophon,145,8,8000.0,-8.978960987149947
isophon,145,9,250.0,-2.7684452289902595
isophon,145,9,500.0,-11.902570911803195
isophon,145,9,750.0,-11.99326292439683
isophon,145,9,1000.0,-8.780772775985028
isophon,145,9,1500.0,0.9769654722228296
isophon,145,9,2000.0,-6.203645451948518
isophon,145,9,3000.0,-0.20620787284020992
isophon,145,9,4000.0,2.0685928326538345
isophon,145,9,6000.0,-0.25416156464507367
isophon,145,9,8000.0,-6.919032135009289
isophon,145,10,250.0,-2.133839839630596
isophon,145,10,500.0,-11.197603433711322
isophon,145,10,750.0,-9.596425848103578
isophon,145,10,1000.0,-9.042312846828821
isophon,145,10,1500.0,-2.860589507897828
isophon,145,10,2000.0,-9.248624959780216
isophon,145,10,3000.0,-2.83478831886724
isophon,145,10,4000.0,5.507465632361644
isophon,145,10,6000.0,0.8804528803142375
isophon,145,10,8000.0,-5.390901184081557
isophon,146,1,250.0,-18.184469400820092
isophon,146,1,500.0,32.49825457715641
isophon,146,1,750.0,32.753993349148615
isophon,146,1,1000.0,28.877868064542724
isophon,146,1,1500.0,13.059567364717182
isophon,146,1,2000.0,13.032621005533429
isophon,146,1,3000.0,-10.812643755075783
isophon,146,1,4000.0,7.9585833399871575
isophon,146,1,6000.0,5.8077581073060145
isophon,146,1,8000.0,21.624855186391045
isophon,146,2,250.0,-10.058464623984776
isophon,146,2,500.0,6.032425192994026
isophon,146,2,750.0,23.37101775903254
isophon,146,2,1000.0,8.913167341451782
isophon,146,2,1500.0,-6.680134241986224
isophon,146,2,2000.0,6.76178110915788
isophon,146,2,3000.0,-3.5057258724597062
isophon,146,2,4000.0,-0.840924433880744
isophon,146,2,6000.0,-5.283727722249878
isophon,146,2,8000.0,13.020543798324795
isophon,146,3,250.0,-5.369062171538985
isophon,146,3,500.0,-1.4488961255598838
isophon,146,3,750.0,13.34703833113246
isophon,146,3,1000.0,-1.023747118239612
isophon,146,3,1500.0,-9.413960396753083
isophon,146,3,2000.0,3.6477311769107104
isophon,146,3,3000.0,-2.2710598150773222
isophon,146,3,4000.0,0.30012016887629045
isophon,146,3,6000.0,1.00125772190286
isophon,146,3,8000.0,19.472312213504537
isophon,146,4,250.0,-2.5720421460635237
isophon,146,4,500.0,-4.549917148966983
isophon,146,4,750.0,8.907029522974966
isophon,146,4,1000.0,-8.16694345924327
isophon,146,4,1500.0,-4.959081329051699
isophon,146,4,2000.0,6.532422516098848
isophon,146,4,3000.0,1.157344330865385
isophon,146,4,4000.0,-1.299965041592671
isophon,146,4,6000.0,1.889930887368891
isophon,146,4,8000.0,22.161362892207592
isophon,146,5,250.0,5.920586764201104
isophon,146,5,500.0,-0.08340666809661457
isophon,146,5,750.0,6.432122812238248
isophon,146,5,1000.0,-1.9595267351048022
isophon,146,5,1500.0,-0.7582762422310196
isophon,146,5,2000.0,10.632448398013949
isophon,146,5,3000.0,5.748890808176085
isophon,146,5,4000.0,3.465951807569269
isophon,146,5,6000.0,7.447894938314974
isophon,146,5,8000.0,24.56782324757964
isophon,146,6,250.0,5.468371813636594
isophon,146,6,500.0,-0.6336426255030432
isophon,146,6,750.0,3.957194943646897
isophon,146,6,1000.0,1.5081097899685716
isophon,146,6,1500.0,1.3130950398178811
isophon,146,6,2000.0,5.652369761478667
isophon,146,6,3000.0,1.44337795087705
isophon,146,6,4000.0,1.7381225827806048
isophon,146,6,6000.0,0.8681966965146586
isophon,146,6,8000.0,15.465276359657011
isophon,146,7,250.0,7.71026778838268
isophon,146,7,500.0,3.315264736503707
isophon,146,7,750.0,2.404773431776775
isophon,146,7,1000.0,-2.1357701830978044
isophon,146,7,1500.0,1.8573358697139781
isophon,146,7,2000.0,12.036135043204794
isophon,146,7,3000.0,1.0324675351896957
isophon,146,7,4000.0,6.569140423006218
isophon,146,7,6000.0,1.5687214852511175
isophon,146,7,8000.0,15.663453577356691
isophon,146,8,250.0,5.753981576930769
isophon,146,8,500.0,3.3098455662778434
isophon,146,8,750.0,0.30318552969362145
isophon,146,8,1000.0,-4.785531730052284
isophon,146,8,1500.0,-2.1000337995823912
isophon,146,8,2000.0,7.770879454504069
isophon,146,8,3000.0,2.4487010772189564
isophon,146,8,4000.0,5.79802645423581
isophon,146,8,6000.0,0.6075218284400137
isophon,146,8,8000.0,12.036773013611906
isophon,146,9,250.0,6.301847155172894
isophon,146,9,500.0,3.6627297453586607
isophon,146,9,750.0,-1.9836747876526317
isophon,146,9,1000.0,-4.633152843689501
isophon,146,9,1500.0,-2.6885761551159106
isophon,146,9,2000.0,3.3063023962469913
isophon,146,9,3000.0,3.178249586153214
isophon,146,9,4000.0,5.995934836692896
isophon,146,9,6000.0,2.4113186878829254
isophon,146,9,8000.0,9.50320761263717
isophon,146,10,250.0,6.523218420434262
isophon,146,10,500.0,5.84567924697086
isophon,146,10,750.0,-1.8149929857164864
isophon,146,10,1000.0,-1.579189899512599
isophon,146,10,1500.0,0.19825721639345772
isophon,146,10,2000.0,1.1793087227060965
isophon,146,10,3000.0,3.5334624756208513
isophon,146,10,4000.0,7.07158188954449
isophon,146,10,6000.0,4.003279064202104
isophon,146,10,8000.0,9.766784605086826
isophon,147,1,250.0,1.1241334889779608
isophon,147,1,500.0,9.89270408004657
isophon,147,1,750.0,5.02010648481852
isophon,147,1,1000.0,0.7487837851837185
isophon,147,1,1500.0,5.542404568496366
isophon,147,1,2000.0,9.434881151822253
isophon,147,1,3000.0,12.350132765225077
isophon,147,1,4000.0,6.531062273180012
isophon,147,1,6000.0,16.857293851350946
isophon,147,1,8000.0,26.584596920547426
isophon,147,2,250.0,-2.7477091661911146
isophon,147,2,500.0,-5.250488751299827
isophon,147,2,750.0,-1.676531184822963
isophon,147,2,1000.0,-1.9021155511044796
isophon,147,2,1500.0,3.226318767726113
isophon,147,2,2000.0,-2.6421238083875807
isophon,147,2,3000.0,1.0777980655245258
isophon,147,2,4000.0,-2.547908824024816
isophon,147,2,6000.0,9.235618062242068
isophon,147,2,8000.0,20.66740011011271
isophon,147,3,250.0,-2.0231622287523265
isophon,147,3,500.0,-0.06409216441807075
isophon,147,3,750.0,1.3973731405004486
isophon,147,3,1000.0,3.386260764917324
isophon,147,3,1500.0,-1.428692407607798
isophon,147,3,2000.0,-1.1543194478373522
isophon,147,3,3000.0,3.1644239782967674
isophon,147,3,4000.0,-1.1897331172848595
isophon,147,3,6000.0,3.3420721283421813
isophon,147,3,8000.0,15.104618938551894
isophon,147,4,250.0,-2.7748127072245836
isophon,147,4,500.0,-3.740444807978747
isophon,147,4,750.0,-5.053482929487416
isophon,147,4,1000.0,1.3747614137538164
isophon,147,4,1500.0,-2.852522310495388
isophon,147,4,2000.0,3.477619781545741
isophon,147,4,3000.0,3.209908968943054
isophon,147,4,4000.0,-0.034805094679299486
isophon,147,4,6000.0,6.537835394556595
isophon,147,4,8000.0,17.806673366560844
isophon,147,5,250.0,1.5995096499531485
isophon,147,5,500.0,2.208285555418996
isophon,147,5,750.0,-5.091367639870441
isophon,147,5,1000.0,1.165161259512061
isophon,147,5,1500.0,-6.725252624665217
isophon,147,5,2000.0,-3.1372874314952526
isophon,147,5,3000.0,-7.645764504890209
isophon,147,5,4000.0,-6.869107886934188
isophon,147,5,6000.0,7.505389579688227
isophon,147,5,8000.0,7.910726581452693
isophon,147,6,250.0,2.1733415064551878
isophon,147,6,500.0,3.6148218281085036
isophon,147,6,750.0,-6.302879389139719
isophon,147,6,1000.0,-3.0375622755258576
isophon,147,6,1500.0,-3.8695261759546753
isophon,147,6,2000.0,-4.086148136409008
isophon,147,6,3000.0,-6.0044251924589105
isophon,147,6,4000.0,-3.134694565781132
isophon,147,6,6000.0,7.59003435982811
isophon,147,6,8000.0,-1.3971866744518593
isophon,147,7,250.0,-1.3736119033337957
isophon,147,7,500.0,-5.502518772912339
isophon,147,7,750.0,-9.339986724853517
isophon,147,7,1000.0,-3.6883749589922132
isophon,147,7,1500.0,-2.2624896050543413
isophon,147,7,2000.0,-2.1473376672843187
isophon,147,7,3000.0,-5.427399129610237
isophon,147,7,4000.0,-2.1383915971512693
isophon,147,7,6000.0,4.229803345192622
isophon,147,7,8000.0,-0.7553167098522522
isophon,147,8,250.0,-3.911976691675889
isophon,147,8,500.0,-4.3122615916585545
isophon,147,8,750.0,-6.74090240478516
isophon,147,8,1000.0,-0.5580489877239927
isophon,147,8,1500.0,-0.33409666142529204
isophon,147,8,2000.0,-1.0196878649061176
isophon,147,8,3000.0,-2.7095381227685635
isophon,147,8,4000.0,-1.2374719011846196
isophon,147,8,6000.0,4.9123772423451015
isophon,147,8,8000.0,-3.061726074218754
isophon,147,9,250.0,-5.544336363450725
isophon,147,9,500.0,-2.9012237842429727
isophon,147,9,750.0,-4.447218933105475
isophon,147,9,1000.0,0.8307220009764507
isophon,147,9,1500.0,1.001291646991973
isophon,147,9,2000.0,0.3598554846233952
isophon,147,9,3000.0,-0.7599552076931815
isophon,147,9,4000.0,-0.6432285543377958
isophon,147,9,6000.0,3.442849434699255
isophon,147,9,8000.0,-2.8967352294921938
isophon,147,10,250.0,-4.823953247070307
isophon,147,10,500.0,-2.678167828528359
isophon,147,10,750.0,-3.4136672973632756
isophon,147,10,1000.0,0.7462618126900367
isophon,147,10,1500.0,1.8859851461461687
isophon,147,10,2000.0,2.0167908039752263
isophon,147,10,3000.0,-3.1306425516618503
isophon,147,10,4000.0,-0.22384164419690933
isophon,147,10,6000.0,4.110739547002524
isophon,147,10,8000.0,-1.7874656677246037
isophon,148,1,250.0,-3.4260998875873554
isophon,148,1,500.0,-0.6819872810324945
isophon,148,1,750.0,4.491313944712417
isophon,148,1,1000.0,4.575878874633467
isophon,148,1,1500.0,9.855728513247772
isophon,148,1,2000.0,-8.104702571800267
isophon,148,1,3000.0,13.28461355239946
isophon,148,1,4000.0,-3.202397109675882
isophon,148,1,6000.0,-4.008612730575464
isophon,148,1,8000.0,-5.696766944878306
isophon,148,2,250.0,-5.9279180177402395
isophon,148,2,500.0,-7.9776952062639594
isophon,148,2,750.0,11.986732998135317
isophon,148,2,1000.0,-3.402509906580839
isophon,148,2,1500.0,3.4044756366052695
isophon,148,2,2000.0,-3.361563995877283
isophon,148,2,3000.0,5.636936165954879
isophon,148,2,4000.0,-4.886559693952599
isophon,148,2,6000.0,-1.6910125994463172
isophon,148,2,8000.0,8.680459553160084
isophon,148,3,250.0,-4.461341210511819
isophon,148,3,500.0,-5.769337576809946
isophon,148,3,750.0,10.2400771818672
isophon,148,3,1000.0,-2.8769362701575005
isophon,148,3,1500.0,5.065475518094445
isophon,148,3,2000.0,2.9210492339199874
isophon,148,3,3000.0,5.697317024759549
isophon,148,3,4000.0,-2.5679561813925744
isophon,148,3,6000.0,5.424312050282687
isophon,148,3,8000.0,16.060263490678828
isophon,148,4,250.0,0.11820611911231538
isophon,148,4,500.0,-6.965213648778061
isophon,148,4,750.0,5.872158710294819
isophon,148,4,1000.0,-6.411274431605307
isophon,148,4,1500.0,-1.1928785410815195
isophon,148,4,2000.0,9.093623142683569
isophon,148,4,3000.0,2.714250671263869
isophon,148,4,4000.0,-1.1216649859211998
isophon,148,4,6000.0,3.039219548978636
isophon,148,4,8000.0,14.758742501003525
isophon,148,5,250.0,6.327163150300848
isophon,148,5,500.0,-4.480582130284759
isophon,148,5,750.0,7.239568326470334
isophon,148,5,1000.0,-3.0355673014454823
isophon,148,5,1500.0,-0.2929297445257646
isophon,148,5,2000.0,6.887610828454456
isophon,148,5,3000.0,6.084816093707232
isophon,148,5,4000.0,-2.4465931400196297
isophon,148,5,6000.0,1.9403903509008131
isophon,148,5,8000.0,9.449194750145764
isophon,148,6,250.0,-1.9003620181736949
isophon,148,6,500.0,4.212092543786227
isophon,148,6,750.0,12.40788568101543
isophon,148,6,1000.0,-1.6276704515468623
isophon,148,6,1500.0,-7.591029990278443
isophon,148,6,2000.0,-6.177337709587661
isophon,148,6,3000.0,7.065161335218704
isophon,148,6,4000.0,-6.260707119044781
isophon,148,6,6000.0,1.8078166080851616
isophon,148,6,8000.0,12.878666768139539
isophon,148,7,250.0,-1.4744630706177588
isophon,148,7,500.0,6.67556528940554
isophon,148,7,750.0,16.479707404197214
isophon,148,7,1000.0,-1.6364722596258758
isophon,148,7,1500.0,-5.510106861106507
isophon,148,7,2000.0,-6.081249082256008
isophon,148,7,3000.0,10.029369543086531
isophon,148,7,4000.0,-1.0271449316263244
isophon,148,7,6000.0,4.629211133438318
isophon,148,7,8000.0,15.14627753892232
isophon,148,8,250.0,-0.1413828025453654
isophon,148,8,500.0,5.304341057512872
isophon,148,8,750.0,14.711860499287965
isophon,148,8,1000.0,-3.202258184580586
isophon,148,8,1500.0,-3.634243272927222
isophon,148,8,2000.0,-6.5335547968759045
isophon,148,8,3000.0,9.818271412580458
isophon,148,8,4000.0,-2.659298281871685
isophon,148,8,6000.0,4.734231923355338
isophon,148,8,8000.0,17.551464611676224
isophon,148,9,250.0,0.10935155360611759
isophon,148,9,500.0,6.365269361984389
isophon,148,9,750.0,12.444011775671285
isophon,148,9,1000.0,-2.8462746848532134
isophon,148,9,1500.0,-1.2109635753894423
isophon,148,9,2000.0,-5.874196869016217
isophon,148,9,3000.0,-2.2918085159382144
isophon,148,9,4000.0,-4.731291352300843
isophon,148,9,6000.0,3.342143967681011
isophon,148,9,8000.0,19.65160560288716
isophon,148,10,250.0,-0.5457049762929245
isophon,148,10,500.0,-0.8349384840513494
isophon,148,10,750.0,10.912030131471582
isophon,148,10,1000.0,-5.011752527328099
isophon,148,10,1500.0,-5.88638222304894
isophon,148,10,2000.0,-6.441950732834528
isophon,148,10,3000.0,1.1523101020414117
isophon,148,10,4000.0,-8.229853045848245
isophon,148,10,6000.0,-1.8961175035131959
isophon,148,10,8000.0,16.035710732749777
