mode,listener_id,boundary_index,freq_hz,signed_bias_db
isophon,1,1,250.0,-9.341525256211924
isophon,1,1,500.0,-0.663799917987582
isophon,1,1,750.0,-1.9702120867180426
isophon,1,1,1000.0,3.3811853007954387
isophon,1,1,1500.0,1.7976779128719258
isophon,1,1,2000.0,-10.13428540697138
isophon,1,1,3000.0,-10.510105792937082
isophon,1,1,4000.0,-26.996822114001915
isophon,1,1,6000.0,-2.9469075278060615
isophon,1,1,8000.0,4.108871010238005
isophon,1,2,250.0,-6.140574095467137
isophon,1,2,500.0,8.282818214134892
isophon,1,2,750.0,4.657119602204851
isophon,1,2,1000.0,2.008644940381842
isophon,1,2,1500.0,16.271381245807778
isophon,1,2,2000.0,-1.864231188513159
isophon,1,2,3000.0,0.32163679612529705
isophon,1,2,4000.0,-7.343967960237407
isophon,1,2,6000.0,-1.394220858066305
isophon,1,2,8000.0,13.25779866756502
isophon,1,3,250.0,-1.970097920749538
isophon,1,3,500.0,4.447494154472558
isophon,1,3,750.0,7.543529593979905
isophon,1,3,1000.0,0.8815249550267126
isophon,1,3,1500.0,8.376504211580873
isophon,1,3,2000.0,-2.5264172542577583
isophon,1,3,3000.0,-2.2315622015932917
isophon,1,3,4000.0,-13.750074428077596
isophon,1,3,6000.0,3.5780960609473027
isophon,1,3,8000.0,14.036213989556451
isophon,1,4,250.0,-7.841630441654274
isophon,1,4,500.0,-1.8921861021128024
isophon,1,4,750.0,0.9670639514077948
isophon,1,4,1000.0,-3.338223453457573
isophon,1,4,1500.0,6.021542627053975
isophon,1,4,2000.0,-13.410346248874731
isophon,1,4,3000.0,-4.406842815386156
isophon,1,4,4000.0,-8.158666919039263
isophon,1,4,6000.0,6.921015295503665
isophon,1,4,8000.0,11.047858957486064
isophon,1,5,250.0,-2.347478880763447
isophon,1,5,500.0,10.275678106549762
isophon,1,5,750.0,8.265270437020135
isophon,1,5,1000.0,1.7780916872931982
isophon,1,5,1500.0,7.214445813821456
isophon,1,5,2000.0,-12.7166946021607
isophon,1,5,3000.0,-5.661046473902786
isophon,1,5,4000.0,-9.20381119650932
isophon,1,5,6000.0,-5.309515068385394
isophon,1,5,8000.0,-3.220320827687516
isophon,1,6,250.0,0.872857753207839
isophon,1,6,500.0,1.0044815503741376
isophon,1,6,750.0,-4.228224788504562
isophon,1,6,1000.0,3.047425574811328
isophon,1,6,1500.0,1.4805502970925062
isophon,1,6,2000.0,-5.8597129402290875
isophon,1,6,3000.0,1.9735559259210476
isophon,1,6,4000.0,-5.770521156775345
isophon,1,6,6000.0,3.4912227585642626
isophon,1,6,8000.0,6.158472111417979
isophon,1,7,250.0,5.809146014381142
isophon,1,7,500.0,-7.146624028099666
isophon,1,7,750.0,-4.367631359626017
isophon,1,7,1000.0,-0.24735833633626214
isophon,1,7,1500.0,-2.872158431242383
isophon,1,7,2000.0,-7.921368831753469
isophon,1,7,3000.0,4.511328756099601
isophon,1,7,4000.0,-0.5673810355879709
isophon,1,7,6000.0,6.768798960067002
isophon,1,7,8000.0,0.4036513705718505
isophon,1,8,250.0,0.27305986386673453
isophon,1,8,500.0,-3.8624725987837536
isophon,1,8,750.0,-2.8104498646734157
isophon,1,8,1000.0,0.4074385771311029
isophon,1,8,1500.0,-0.5856393912829958
isophon,1,8,2000.0,-5.179029348173714
isophon,1,8,3000.0,6.615620481880114
isophon,1,8,4000.0,-3.5380810229229382
isophon,1,8,6000.0,4.055147767997269
isophon,1,8,8000.0,1.6914934137226965
isophon,1,9,250.0,1.5318263467653281
isophon,1,9,500.0,-2.028277565402618
isophon,1,9,750.0,-0.7463585054402841
isophon,1,9,1000.0,0.4528889207069824
isophon,1,9,1500.0,1.8709584577585474
isophon,1,9,2000.0,-2.367134177009021
isophon,1,9,3000.0,8.978288337781848
isophon,1,9,4000.0,-4.3434298569802365
isophon,1,9,6000.0,0.7922705412729272
isophon,1,9,8000.0,2.090783119851281
isophon,1,10,250.0,3.1978928896604515
isophon,1,10,500.0,-0.6732563323170808
isophon,1,10,750.0,-1.3879360223758823
isophon,1,10,1000.0,-0.3274735375559601
isophon,1,10,1500.0,1.672598956507528
isophon,1,10,2000.0,-4.305756991119395
isophon,1,10,3000.0,8.3663416584114
isophon,1,10,4000.0,-3.169067935213633
isophon,1,10,6000.0,2.965797081158698
isophon,1,10,8000.0,1.821867466360331
isophon,2,1,250.0,5.341368122171129
isophon,2,1,500.0,4.0175400748864405
isophon,2,1,750.0,-5.699005167552574
isophon,2,1,1000.0,4.035137350418552
isophon,2,1,1500.0,-3.501342217276301
isophon,2,1,2000.0,-4.696923429461968
isophon,2,1,3000.0,4.880623688203503
isophon,2,1,4000.0,2.343091535683758
isophon,2,1,6000.0,8.479555629120537
isophon,2,1,8000.0,30.265851579483463
isophon,2,2,250.0,6.278116883400571
isophon,2,2,500.0,8.884485617532775
isophon,2,2,750.0,-4.915075520631774
isophon,2,2,1000.0,-3.6424763213840095
isophon,2,2,1500.0,-5.3605682132915575
isophon,2,2,2000.0,3.419316730948843
isophon,2,2,3000.0,9.23924518823532
isophon,2,2,4000.0,7.006818548635394
isophon,2,2,6000.0,14.715088475194335
isophon,2,2,8000.0,18.986975573479583
isophon,2,3,250.0,9.9949696536343
isophon,2,3,500.0,7.1375102440716205
isophon,2,3,750.0,-6.512929974469415
isophon,2,3,1000.0,3.266890201423422
isophon,2,3,1500.0,-5.903841324784679
isophon,2,3,2000.0,-16.62780268921344
isophon,2,3,3000.0,4.414614357169377
isophon,2,3,4000.0,-2.828702645275314
isophon,2,3,6000.0,7.243482627326813
isophon,2,3,8000.0,21.954048807645187
isophon,2,4,250.0,14.830734575031329
isophon,2,4,500.0,0.7431092321110668
isophon,2,4,750.0,1.2095608630532269
isophon,2,4,1000.0,1.6311321937583614
isophon,2,4,1500.0,-0.8379206663698966
isophon,2,4,2000.0,-8.416690487728715
isophon,2,4,3000.0,2.577297094541251
isophon,2,4,4000.0,-1.9365979833432618
isophon,2,4,6000.0,-1.6891057751474108
isophon,2,4,8000.0,5.954273248234358
isophon,2,5,250.0,1.215181988612315
isophon,2,5,500.0,3.6422746986693824
isophon,2,5,750.0,1.66778475815795
isophon,2,5,1000.0,6.687865118416823
isophon,2,5,1500.0,1.0586719813075973
isophon,2,5,2000.0,-7.75713372717297
isophon,2,5,3000.0,-1.6305264769517152
isophon,2,5,4000.0,-3.850171199318183
isophon,2,5,6000.0,-3.166301485924876
isophon,2,5,8000.0,7.807357573360804
isophon,2,6,250.0,9.404506677243987
isophon,2,6,500.0,3.350911418270968
isophon,2,6,750.0,-0.1492435300910273
isophon,2,6,1000.0,0.43585525292071736
isophon,2,6,1500.0,1.6331500272466428
isophon,2,6,2000.0,-6.036456507068124
isophon,2,6,3000.0,-0.21564370220707474
isophon,2,6,4000.0,-2.6413455110211714
isophon,2,6,6000.0,0.7998878883502414
isophon,2,6,8000.0,0.3534478951492446
isophon,2,7,250.0,13.866384429428436
isophon,2,7,500.0,7.6487939383421235
isophon,2,7,750.0,1.1678792642867535
isophon,2,7,1000.0,0.9517312281639789
isophon,2,7,1500.0,5.720385486214155
isophon,2,7,2000.0,0.3802887076450645
isophon,2,7,3000.0,2.3393688935204437
isophon,2,7,4000.0,2.1494086014659217
isophon,2,7,6000.0,2.215459452702916
isophon,2,7,8000.0,3.5056183713362827
isophon,2,8,250.0,10.598066640186474
isophon,2,8,500.0,8.84856378621484
isophon,2,8,750.0,4.127526290172909
isophon,2,8,1000.0,3.0762858178847523
isophon,2,8,1500.0,6.113943020342958
isophon,2,8,2000.0,1.5372307622750014
isophon,2,8,3000.0,3.124307122238392
isophon,2,8,4000.0,0.47892244984339527
isophon,2,8,6000.0,4.890948181697695
isophon,2,8,8000.0,6.8008087381149664
isophon,2,9,250.0,7.484076855755845
isophon,2,9,500.0,9.47408697198361
isophon,2,9,750.0,6.463037116422342
isophon,2,9,1000.0,4.3190487570846585
isophon,2,9,1500.0,2.526765262271354
isophon,2,9,2000.0,1.7691511505585993
isophon,2,9,3000.0,5.9159274507698285
isophon,2,9,4000.0,0.7581615234916086
isophon,2,9,6000.0,5.689673217166089
isophon,2,9,8000.0,8.951560991737196
isophon,2,10,250.0,3.4389031754562325
isophon,2,10,500.0,10.752647125622843
isophon,2,10,750.0,7.128067950885935
isophon,2,10,1000.0,3.638271247359242
isophon,2,10,1500.0,2.2117700000707003
isophon,2,10,2000.0,2.7926904789052145
isophon,2,10,3000.0,6.292595733130298
isophon,2,10,4000.0,1.240848081642966
isophon,2,10,6000.0,4.665701358996444
isophon,2,10,8000.0,10.859791001005092
isophon,3,1,250.0,23.887834698137613
isophon,3,1,500.0,-0.836029036359685
isophon,3,1,750.0,-9.426910284291198
isophon,3,1,1000.0,-4.816320549579935
isophon,3,1,1500.0,-13.375987811685082
isophon,3,1,2000.0,-14.897324716521773
isophon,3,1,3000.0,-24.91304867255179
isophon,3,1,4000.0,-15.348728820905603
isophon,3,1,6000.0,-3.6904612981514404
isophon,3,1,8000.0,-19.08222426376602
isophon,3,2,250.0,8.903372867017922
isophon,3,2,500.0,-9.129030069655805
isophon,3,2,750.0,8.153898309977624
isophon,3,2,1000.0,1.1744133348654415
isophon,3,2,1500.0,-9.894783726816286
isophon,3,2,2000.0,-17.156032625060732
isophon,3,2,3000.0,-8.482991847235716
isophon,3,2,4000.0,-5.26262785501002
isophon,3,2,6000.0,-0.5722202199346
isophon,3,2,8000.0,-3.9508211541096223
isophon,3,3,250.0,5.123380396154587
isophon,3,3,500.0,2.3500773903334533
isophon,3,3,750.0,10.711055192013049
isophon,3,3,1000.0,1.082161272947694
isophon,3,3,1500.0,-8.551052284371515
isophon,3,3,2000.0,-12.79919253308028
isophon,3,3,3000.0,0.22325261432693821
isophon,3,3,4000.0,5.83486606026149
isophon,3,3,6000.0,4.912341416183729
isophon,3,3,8000.0,1.156504051974622
isophon,3,4,250.0,-1.0372518215892796
isophon,3,4,500.0,3.466807390732697
isophon,3,4,750.0,9.77186712941539
isophon,3,4,1000.0,-0.3057487311243108
isophon,3,4,1500.0,-3.9027028598467552
isophon,3,4,2000.0,-4.397779495032665
isophon,3,4,3000.0,-4.356076337410144
isophon,3,4,4000.0,-0.5004957787634368
isophon,3,4,6000.0,0.7247193167937382
isophon,3,4,8000.0,-4.524483470796589
isophon,3,5,250.0,1.5276921077112888
isophon,3,5,500.0,1.6226927821118409
isophon,3,5,750.0,-4.051968551061293
isophon,3,5,1000.0,-3.1685928296683983
isophon,3,5,1500.0,-5.925903126969899
isophon,3,5,2000.0,-3.249532814601835
isophon,3,5,3000.0,1.6823720707141518
isophon,3,5,4000.0,3.590278623464698
isophon,3,5,6000.0,-3.1719373433976443
isophon,3,5,8000.0,-7.2419313963436736
isophon,3,6,250.0,-5.256690602472929
isophon,3,6,500.0,1.7530572331039167
isophon,3,6,750.0,-4.789324062324184
isophon,3,6,1000.0,2.093916364101176
isophon,3,6,1500.0,0.346389363261693
isophon,3,6,2000.0,-2.0892916208810703
isophon,3,6,3000.0,3.3532089620423164
isophon,3,6,4000.0,-0.5995425931079126
isophon,3,6,6000.0,-6.020938070681879
isophon,3,6,8000.0,0.747446579017037
isophon,3,7,250.0,-3.4425180143322933
isophon,3,7,500.0,-4.186718421711845
isophon,3,7,750.0,-6.10047303479962
isophon,3,7,1000.0,3.3859290573028034
isophon,3,7,1500.0,1.0678151334505372
isophon,3,7,2000.0,-0.8442102522189856
isophon,3,7,3000.0,0.26229090515442977
isophon,3,7,4000.0,-2.7593955496777482
isophon,3,7,6000.0,-6.6758774680005075
isophon,3,7,8000.0,1.2132381119852766
isophon,3,8,250.0,-3.6601673639449075
isophon,3,8,500.0,-2.130978894416856
isophon,3,8,750.0,-3.8254039182873214
isophon,3,8,1000.0,5.315753778671436
isophon,3,8,1500.0,2.2797439663727204
isophon,3,8,2000.0,0.6647813897458832
isophon,3,8,3000.0,3.3833278824196924
isophon,3,8,4000.0,1.207264863547465
isophon,3,8,6000.0,-4.221288696302622
isophon,3,8,8000.0,1.6972164162297787
isophon,3,9,250.0,-3.44272474602262
isophon,3,9,500.0,-1.1798150905156461
isophon,3,9,750.0,-1.267217069970684
isophon,3,9,1000.0,6.21904430499103
isophon,3,9,1500.0,3.4127888439594756
isophon,3,9,2000.0,-0.2514990325831121
isophon,3,9,3000.0,6.070961512649944
isophon,3,9,4000.0,2.9724448150746525
isophon,3,9,6000.0,-0.9300539194099855
isophon,3,9,8000.0,1.927158387600059
isophon,3,10,250.0,-4.141387621033871
isophon,3,10,500.0,1.638857554553951
isophon,3,10,750.0,-2.835849458575737
isophon,3,10,1000.0,9.005117053502588
isophon,3,10,1500.0,4.992308656279036
isophon,3,10,2000.0,3.1039933778445885
isophon,3,10,3000.0,3.3035257108081026
isophon,3,10,4000.0,1.8409607260317102
isophon,3,10,6000.0,-4.8330472790115095
isophon,3,10,8000.0,-5.537044367898943
isophon,4,1,250.0,-13.622154807759273
isophon,4,1,500.0,5.4300550240102865
isophon,4,1,750.0,-6.563077558229507
isophon,4,1,1000.0,-1.5072548927298222
isophon,4,1,1500.0,4.16831100998666
isophon,4,1,2000.0,11.136259579963578
isophon,4,1,3000.0,-4.702082885930189
isophon,4,1,4000.0,-6.071265046383772
isophon,4,1,6000.0,-10.94891620486844
isophon,4,1,8000.0,-12.409142165595831
isophon,4,2,250.0,-8.70462298458439
isophon,4,2,500.0,6.798750462876697
isophon,4,2,750.0,1.8035462599008945
isophon,4,2,1000.0,-1.4080549948089072
isophon,4,2,1500.0,0.7203233738810795
isophon,4,2,2000.0,-4.2481256036139285
isophon,4,2,3000.0,3.31887275685245
isophon,4,2,4000.0,1.1360962392586558
isophon,4,2,6000.0,-9.760963999964723
isophon,4,2,8000.0,-3.8400217128153358
isophon,4,3,250.0,-0.7535022482588971
isophon,4,3,500.0,-0.7364173143002546
isophon,4,3,750.0,6.703331079655072
isophon,4,3,1000.0,-2.4190696717761
isophon,4,3,1500.0,2.9773701871449347
isophon,4,3,2000.0,4.188143238845008
isophon,4,3,3000.0,1.2982501069164343
isophon,4,3,4000.0,0.13342789551421674
isophon,4,3,6000.0,-5.160597573246513
isophon,4,3,8000.0,-6.441967292637429
isophon,4,4,250.0,-7.314647532887307
isophon,4,4,500.0,2.36250873106588
isophon,4,4,750.0,6.94060147928387
isophon,4,4,1000.0,2.5240290966199623
isophon,4,4,1500.0,8.718215996942043
isophon,4,4,2000.0,3.6409271770586074
isophon,4,4,3000.0,2.17935885848064
isophon,4,4,4000.0,0.2145154803052023
isophon,4,4,6000.0,-2.8207122571884753
isophon,4,4,8000.0,-3.1274769177481403
isophon,4,5,250.0,-18.336139075132934
isophon,4,5,500.0,-1.213186978187565
isophon,4,5,750.0,0.13578791402869683
isophon,4,5,1000.0,3.53019031095576
isophon,4,5,1500.0,4.061441934942877
isophon,4,5,2000.0,-7.1680162607504485
isophon,4,5,3000.0,-11.200482398516115
isophon,4,5,4000.0,-4.54689474462549
isophon,4,5,6000.0,-3.0510521660882546
isophon,4,5,8000.0,-1.6508498775702947
isophon,4,6,250.0,-8.965543508740666
isophon,4,6,500.0,-0.5698883423692678
isophon,4,6,750.0,-4.868992464402069
isophon,4,6,1000.0,0.43917039402629143
isophon,4,6,1500.0,3.5074694336760786
isophon,4,6,2000.0,-7.582165910987101
isophon,4,6,3000.0,-4.086622442493265
isophon,4,6,4000.0,0.5405762613662688
isophon,4,6,6000.0,1.4924269430789963
isophon,4,6,8000.0,-12.710959242867602
isophon,4,7,250.0,-6.940526505967995
isophon,4,7,500.0,1.2853307116798192
isophon,4,7,750.0,-1.1442882221791706
isophon,4,7,1000.0,2.326288831553029
isophon,4,7,1500.0,4.858497930006948
isophon,4,7,2000.0,-8.93383032995304
isophon,4,7,3000.0,-1.2823742557114315
isophon,4,7,4000.0,4.236216730174064
isophon,4,7,6000.0,-1.5547683123460274
isophon,4,7,8000.0,-14.597107709533603
isophon,4,8,250.0,-5.999947693231405
isophon,4,8,500.0,1.0359925061270872
isophon,4,8,750.0,-0.40622113951926053
isophon,4,8,1000.0,1.196466361356599
isophon,4,8,1500.0,6.0436587667762325
isophon,4,8,2000.0,-5.573149103610888
isophon,4,8,3000.0,1.2795441400979826
isophon,4,8,4000.0,1.4819492883493695
isophon,4,8,6000.0,1.0417558463598198
isophon,4,8,8000.0,-10.668762130861353
isophon,4,9,250.0,-6.196784988256184
isophon,4,9,500.0,1.3380498241666032
isophon,4,9,750.0,-3.155811847200667
isophon,4,9,1000.0,2.4980813145333656
isophon,4,9,1500.0,6.049780378590754
isophon,4,9,2000.0,-3.5397320831851005
isophon,4,9,3000.0,1.9320176891178136
isophon,4,9,4000.0,-1.7663870772890107
isophon,4,9,6000.0,5.3153386662564515
isophon,4,9,8000.0,-7.330328961444337
isophon,4,10,250.0,-2.3462411717763842
isophon,4,10,500.0,-0.19899025682721572
isophon,4,10,750.0,-6.186847386672753
isophon,4,10,1000.0,1.1576705117478383
isophon,4,10,1500.0,4.868579197636322
isophon,4,10,2000.0,-1.5877641730877912
isophon,4,10,3000.0,4.100665819149853
isophon,4,10,4000.0,-4.558927302323184
isophon,4,10,6000.0,8.881077204900322
isophon,4,10,8000.0,-5.02473713811284
isophon,5,1,250.0,-6.560816962207959
isophon,5,1,500.0,0.025692835428955618
isophon,5,1,750.0,3.150841864987596
isophon,5,1,1000.0,1.0628351417029442
isophon,5,1,1500.0,10.82733757019043
isophon,5,1,2000.0,14.32373918312669
isophon,5,1,3000.0,8.331719216305
isophon,5,1,4000.0,-5.588847782964383
isophon,5,1,6000.0,-18.70364383411777
isophon,5,1,8000.0,-33.92440771437502
isophon,5,2,250.0,-2.7754064743797286
isophon,5,2,500.0,-2.1449033375395956
isophon,5,2,750.0,-5.3409339173213155
isophon,5,2,1000.0,10.56861577196609
isophon,5,2,1500.0,6.917276740295467
isophon,5,2,2000.0,8.903276446983533
isophon,5,2,3000.0,0.17996639023075645
isophon,5,2,4000.0,-9.603640004587717
isophon,5,2,6000.0,-12.003473673962432
isophon,5,2,8000.0,-18.12611164371034
isophon,5,3,250.0,-8.17661247468493
isophon,5,3,500.0,-1.6927721870468986
isophon,5,3,750.0,-1.7566044222751458
isophon,5,3,1000.0,-6.100674163970325
isophon,5,3,1500.0,-1.6372441803592466
isophon,5,3,2000.0,2.110623969074922
isophon,5,3,3000.0,-2.6336847722469656
isophon,5,3,4000.0,-4.643800923569742
isophon,5,3,6000.0,-13.29086501437449
isophon,5,3,8000.0,-13.08198581136817
isophon,5,4,250.0,-3.7555743540990107
isophon,5,4,500.0,4.490490899381712
isophon,5,4,750.0,-0.8365549178787148
isophon,5,4,1000.0,-7.028744670504693
isophon,5,4,1500.0,-4.059110909529267
isophon,5,4,2000.0,-4.413353703114339
isophon,5,4,3000.0,-0.820290568394789
isophon,5,4,4000.0,-2.3680447629158863
isophon,5,4,6000.0,-2.3159687441360433
isophon,5,4,8000.0,-2.677487563512855
isophon,5,5,250.0,-5.531350375637018
isophon,5,5,500.0,2.2433558473551187
isophon,5,5,750.0,6.88320131313489
isophon,5,5,1000.0,-0.4289677875931659
isophon,5,5,1500.0,-1.8282271709764188
isophon,5,5,2000.0,-1.446254188534482
isophon,5,5,3000.0,-0.8224519983233733
isophon,5,5,4000.0,4.568853841757047
isophon,5,5,6000.0,6.690776398275801
isophon,5,5,8000.0,3.9906801734305617
isophon,5,6,250.0,2.1795240450315134
isophon,5,6,500.0,6.703207249921704
isophon,5,6,750.0,5.058390951841176
isophon,5,6,1000.0,-0.4023802207546936
isophon,5,6,1500.0,2.1810254246093734
isophon,5,6,2000.0,1.0517617136953277
isophon,5,6,3000.0,0.4768873323201319
isophon,5,6,4000.0,1.2486748801077852
isophon,5,6,6000.0,4.659100120129054
isophon,5,6,8000.0,-3.335920352745319
isophon,5,7,250.0,3.5156416457673743
isophon,5,7,500.0,10.73900648497721
isophon,5,7,750.0,5.652774326772274
isophon,5,7,1000.0,0.1301595263123403
isophon,5,7,1500.0,0.39853274883465417
isophon,5,7,2000.0,-5.761958716985305
isophon,5,7,3000.0,-3.428547341494564
isophon,5,7,4000.0,1.521605529988193
isophon,5,7,6000.0,3.8915740654306745
isophon,5,7,8000.0,-6.068940819665613
isophon,5,8,250.0,2.721238605249269
isophon,5,8,500.0,10.08054117331136
isophon,5,8,750.0,4.845723829231858
isophon,5,8,1000.0,-2.1460034245907167
isophon,5,8,1500.0,-1.9333419454442833
isophon,5,8,2000.0,-3.019420503857674
isophon,5,8,3000.0,-3.646631382830819
isophon,5,8,4000.0,-3.2857849433422075
isophon,5,8,6000.0,-1.2989202531439474
isophon,5,8,8000.0,-12.958143400309538
isophon,5,9,250.0,1.865941064912036
isophon,5,9,500.0,8.908205098970782
isophon,5,9,750.0,3.0168973162587207
isophon,5,9,1000.0,-2.1101259373216266
isophon,5,9,1500.0,-4.0539613296141255
isophon,5,9,2000.0,-3.872382886444953
isophon,5,9,3000.0,-4.198039304135264
isophon,5,9,4000.0,-9.309756802521363
isophon,5,9,6000.0,-3.231210712262339
isophon,5,9,8000.0,-15.109178052419637
isophon,5,10,250.0,-0.3230361706921059
isophon,5,10,500.0,-1.4689420899464665
isophon,5,10,750.0,-3.2748123168945256
isophon,5,10,1000.0,-6.070134445620965
isophon,5,10,1500.0,-5.162053680419916
isophon,5,10,2000.0,-2.9552794854923263
isophon,5,10,3000.0,-5.7498577299501505
isophon,5,10,4000.0,-7.344559658955234
isophon,5,10,6000.0,-3.3445575999248547
isophon,5,10,8000.0,-10.698976946899094
isophon,6,1,250.0,-5.569147552126211
isophon,6,1,500.0,-10.282816425850996
isophon,6,1,750.0,10.629507729911303
isophon,6,1,1000.0,9.265111274719239
isophon,6,1,1500.0,1.4148619888658693
isophon,6,1,2000.0,-17.392374888259283
isophon,6,1,3000.0,-7.557784355466644
isophon,6,1,4000.0,-10.215732794871233
isophon,6,1,6000.0,13.705846073935145
isophon,6,1,8000.0,22.961841888427735
isophon,6,2,250.0,-3.621679894766828
isophon,6,2,500.0,-8.180607838927173
isophon,6,2,750.0,1.6867014973816268
isophon,6,2,1000.0,-4.160934900140383
isophon,6,2,1500.0,-5.594272001806669
isophon,6,2,2000.0,-0.7705815129075972
isophon,6,2,3000.0,4.749885841314924
isophon,6,2,4000.0,2.8248201513705347
isophon,6,2,6000.0,16.990618867046845
isophon,6,2,8000.0,19.268005339516442
isophon,6,3,250.0,-1.537343496296586
isophon,6,3,500.0,-5.959915785939771
isophon,6,3,750.0,4.10986693433653
isophon,6,3,1000.0,0.8740995979107851
isophon,6,3,1500.0,-5.903671826527102
isophon,6,3,2000.0,1.7356668923300873
isophon,6,3,3000.0,5.969261719208276
isophon,6,3,4000.0,-0.3630412658297928
isophon,6,3,6000.0,9.622556914830682
isophon,6,3,8000.0,5.716689999279751
isophon,6,4,250.0,-2.1779609169283276
isophon,6,4,500.0,-2.3628471552916466
isophon,6,4,750.0,4.744765404930746
isophon,6,4,1000.0,4.7263767047460306
isophon,6,4,1500.0,-4.8921105867778465
isophon,6,4,2000.0,-0.19318714445435603
isophon,6,4,3000.0,3.4151395852536908
isophon,6,4,4000.0,0.2341912462956799
isophon,6,4,6000.0,-3.9844514941262617
isophon,6,4,8000.0,-2.847580291586894
isophon,6,5,250.0,13.294852484155925
isophon,6,5,500.0,8.946272183018138
isophon,6,5,750.0,4.226275246635481
isophon,6,5,1000.0,0.2401905266398785
isophon,6,5,1500.0,-5.780921712679088
isophon,6,5,2000.0,1.8866562288633588
isophon,6,5,3000.0,1.5074974960868701
isophon,6,5,4000.0,-10.236135134258816
isophon,6,5,6000.0,-3.4589031655871594
isophon,6,5,8000.0,-14.038200715682109
isophon,6,6,250.0,5.796901419439877
isophon,6,6,500.0,12.297927794509661
isophon,6,6,750.0,8.363763087408756
isophon,6,6,1000.0,-3.657739958644541
isophon,6,6,1500.0,-3.171507132638908
isophon,6,6,2000.0,0.09540775249476496
isophon,6,6,3000.0,-1.691117613679367
isophon,6,6,4000.0,-6.267742778768181
isophon,6,6,6000.0,4.0749813174440845
isophon,6,6,8000.0,-2.9601048599692064
isophon,6,7,250.0,2.103908416794013
isophon,6,7,500.0,13.329745794657839
isophon,6,7,750.0,11.730022029543193
isophon,6,7,1000.0,2.9734641124003787
isophon,6,7,1500.0,1.8702083960128704
isophon,6,7,2000.0,4.772044973674923
isophon,6,7,3000.0,3.6377023407105185
isophon,6,7,4000.0,-3.6322723426211496
isophon,6,7,6000.0,5.499792261593271
isophon,6,7,8000.0,-1.681363791115274
isophon,6,8,250.0,3.0505713421842273
isophon,6,8,500.0,9.99859387121596
isophon,6,8,750.0,11.029773045513693
isophon,6,8,1000.0,-2.3343775156788666
isophon,6,8,1500.0,-0.6337024006991498
isophon,6,8,2000.0,0.8791754321780587
isophon,6,8,3000.0,3.9910738485499593
isophon,6,8,4000.0,-2.7863071492737532
isophon,6,8,6000.0,4.657271522916048
isophon,6,8,8000.0,-0.9955341968591398
isophon,6,9,250.0,2.950070983898172
isophon,6,9,500.0,5.4547470314840325
isophon,6,9,750.0,3.7750940790437113
isophon,6,9,1000.0,-4.987521209716803
isophon,6,9,1500.0,1.7438991012124063
isophon,6,9,2000.0,-2.3128041840016493
isophon,6,9,3000.0,2.2713402856873444
isophon,6,9,4000.0,-4.248110238176409
isophon,6,9,6000.0,1.0444473151124214
isophon,6,9,8000.0,-0.47179931200874137
isophon,6,10,250.0,3.630017614967187
isophon,6,10,500.0,6.568885506900301
isophon,6,10,750.0,4.35499547772811
isophon,6,10,1000.0,-2.4384704589843693
isophon,6,10,1500.0,3.2597657220674705
isophon,6,10,2000.0,-3.26924885501451
isophon,6,10,3000.0,-2.2096616444725186
isophon,6,10,4000.0,-2.8240607564039237
isophon,6,10,6000.0,0.9177504632014433
isophon,6,10,8000.0,-0.9114776611328068
isophon,7,1,250.0,-2.9964528280878397
isophon,7,1,500.0,-10.84491529086067
isophon,7,1,750.0,5.035948484818849
isophon,7,1,1000.0,-1.505955530344842
isophon,7,1,1500.0,-10.980826821752242
isophon,7,1,2000.0,10.456921086822621
isophon,7,1,3000.0,-21.111691077310173
isophon,7,1,4000.0,-5.465589230067785
isophon,7,1,6000.0,-8.779506392060924
isophon,7,1,8000.0,0.40137378944966784
isophon,7,2,250.0,-3.9759115442300157
isophon,7,2,500.0,1.68577386135874
isophon,7,2,750.0,10.46159922370855
isophon,7,2,1000.0,0.6906668018690993
isophon,7,2,1500.0,-2.879087499474437
isophon,7,2,2000.0,-5.545554579912206
isophon,7,2,3000.0,-0.5170404748619362
isophon,7,2,4000.0,-3.607676438108463
isophon,7,2,6000.0,-5.963970659994388
isophon,7,2,8000.0,-8.986517214655933
isophon,7,3,250.0,-7.980749076980928
isophon,7,3,500.0,-4.3633582022333
isophon,7,3,750.0,2.2802082153576606
isophon,7,3,1000.0,-0.2345802865722817
isophon,7,3,1500.0,-1.1943191175277832
isophon,7,3,2000.0,-11.70572605913221
isophon,7,3,3000.0,4.03170822968216
isophon,7,3,4000.0,-5.581035776459601
isophon,7,3,6000.0,-11.478264096953907
isophon,7,3,8000.0,-10.013095317867666
isophon,7,4,250.0,-4.54186055325988
isophon,7,4,500.0,-3.241208036705302
isophon,7,4,750.0,-0.32671760875633993
isophon,7,4,1000.0,-2.229662213692137
isophon,7,4,1500.0,1.0638075289890594
isophon,7,4,2000.0,-7.836053998976553
isophon,7,4,3000.0,-0.9482359871872603
isophon,7,4,4000.0,-3.7707814696936595
isophon,7,4,6000.0,-7.217353767466932
isophon,7,4,8000.0,-5.414266871962667
isophon,7,5,250.0,0.26035312498653695
isophon,7,5,500.0,8.514121569428767
isophon,7,5,750.0,1.4675496463309514
isophon,7,5,1000.0,0.6054184252994332
isophon,7,5,1500.0,9.745248119913867
isophon,7,5,2000.0,1.7929286228625614
isophon,7,5,3000.0,9.070948034442978
isophon,7,5,4000.0,5.7723839679263165
isophon,7,5,6000.0,0.599395893713492
isophon,7,5,8000.0,3.886305942978737
isophon,7,6,250.0,-2.74647139553781
isophon,7,6,500.0,-1.8261178002474168
isophon,7,6,750.0,2.4346043655943532
isophon,7,6,1000.0,1.8029950398907744
isophon,7,6,1500.0,4.883568519134187
isophon,7,6,2000.0,0.379815828743034
isophon,7,6,3000.0,-6.189077443582022
isophon,7,6,4000.0,-0.9536805665955939
isophon,7,6,6000.0,-3.385554368004037
isophon,7,6,8000.0,9.982376651728629
isophon,7,7,250.0,2.137044478220176
isophon,7,7,500.0,-0.22210250863267333
isophon,7,7,750.0,3.3532885661970937
isophon,7,7,1000.0,1.2510857026420439
isophon,7,7,1500.0,0.9179760098900545
isophon,7,7,2000.0,-3.184317375093869
isophon,7,7,3000.0,-5.957091617944613
isophon,7,7,4000.0,-4.5789236396967965
isophon,7,7,6000.0,-4.217051035382312
isophon,7,7,8000.0,9.21657430796131
isophon,7,8,250.0,4.052812200619968
isophon,7,8,500.0,1.9680414163321274
isophon,7,8,750.0,-0.8538014820152711
isophon,7,8,1000.0,-0.5239973038146246
isophon,7,8,1500.0,-1.1542531125049749
isophon,7,8,2000.0,-5.8728454964898305
isophon,7,8,3000.0,-4.91143630297131
isophon,7,8,4000.0,-1.7924518988987614
isophon,7,8,6000.0,-1.816487969871872
isophon,7,8,8000.0,7.715783819699823
isophon,7,9,250.0,4.845741160491784
isophon,7,9,500.0,2.127007394221579
isophon,7,9,750.0,-1.7839522232539196
isophon,7,9,1000.0,-1.3735818558380828
isophon,7,9,1500.0,0.9704413744200622
isophon,7,9,2000.0,-7.017131339064832
isophon,7,9,3000.0,-1.6035993644694315
isophon,7,9,4000.0,0.2144605929371437
isophon,7,9,6000.0,-0.690501772220955
isophon,7,9,8000.0,5.965610102328256
isophon,7,10,250.0,-0.05787946174041281
isophon,7,10,500.0,2.6017873569219745
isophon,7,10,750.0,-0.539121688391333
isophon,7,10,1000.0,-1.359778235069939
isophon,7,10,1500.0,2.3930544643387464
isophon,7,10,2000.0,-4.223317519065063
isophon,7,10,3000.0,-0.3980206493814791
isophon,7,10,4000.0,1.2711139881500628
isophon,7,10,6000.0,-0.9313370234704479
isophon,7,10,8000.0,7.968441980990349
isophon,8,1,250.0,10.558628115362978
isophon,8,1,500.0,7.0910495395153035
isophon,8,1,750.0,10.036030641624574
isophon,8,1,1000.0,9.957163384256262
isophon,8,1,1500.0,2.7822549936602456
isophon,8,1,2000.0,-1.5535801586149631
isophon,8,1,3000.0,2.6415328397272937
isophon,8,1,4000.0,3.853147565887511
isophon,8,1,6000.0,-8.927104135071836
isophon,8,1,8000.0,44.539398319112884
isophon,8,2,250.0,-3.219591620109668
isophon,8,2,500.0,5.066372045451352
isophon,8,2,750.0,7.296871003989253
isophon,8,2,1000.0,3.272517806581618
isophon,8,2,1500.0,5.816150676545284
isophon,8,2,2000.0,-6.243898606119487
isophon,8,2,3000.0,0.2699055556672434
isophon,8,2,4000.0,0.5645224134964906
isophon,8,2,6000.0,-2.5423729805592643
isophon,8,2,8000.0,27.365431285103405
isophon,8,3,250.0,-0.9093046019267348
isophon,8,3,500.0,5.404174360923321
isophon,8,3,750.0,7.137497447534713
isophon,8,3,1000.0,-5.34598798072885
isophon,8,3,1500.0,0.4400588568570072
isophon,8,3,2000.0,2.3400136311350934
isophon,8,3,3000.0,11.967300182506655
isophon,8,3,4000.0,0.8576284126704365
isophon,8,3,6000.0,-3.233987619533991
isophon,8,3,8000.0,22.02864478334223
isophon,8,4,250.0,2.7676291650090548
isophon,8,4,500.0,0.4200716094060226
isophon,8,4,750.0,3.539597491146978
isophon,8,4,1000.0,-5.802307533800217
isophon,8,4,1500.0,-0.481874144941159
isophon,8,4,2000.0,-1.5503902294187952
isophon,8,4,3000.0,-0.27635223355252947
isophon,8,4,4000.0,0.30189337260017624
isophon,8,4,6000.0,3.4475985275427803
isophon,8,4,8000.0,21.62793571630722
isophon,8,5,250.0,-7.030680777070415
isophon,8,5,500.0,-4.369957678147614
isophon,8,5,750.0,-2.1391551143222785
isophon,8,5,1000.0,-3.4352514258435747
isophon,8,5,1500.0,-2.2363498407718225
isophon,8,5,2000.0,-0.4394666895729813
isophon,8,5,3000.0,2.1370819839352464
isophon,8,5,4000.0,3.166782713174541
isophon,8,5,6000.0,-0.04822636959924864
isophon,8,5,8000.0,11.21915612734405
isophon,8,6,250.0,-0.21233975342542522
isophon,8,6,500.0,2.0396595046439074
isophon,8,6,750.0,4.435854651302719
isophon,8,6,1000.0,1.4748413780654204
isophon,8,6,1500.0,1.4417996360230916
isophon,8,6,2000.0,-4.643095672273958
isophon,8,6,3000.0,2.2854126379955773
isophon,8,6,4000.0,4.054910513219454
isophon,8,6,6000.0,-0.5496936746760497
isophon,8,6,8000.0,12.07714903486486
isophon,8,7,250.0,2.2191233637834955
isophon,8,7,500.0,-0.8062077969829744
isophon,8,7,750.0,3.131348140487688
isophon,8,7,1000.0,2.2155386321069983
isophon,8,7,1500.0,-1.8800741131421148
isophon,8,7,2000.0,-3.7924393396266964
isophon,8,7,3000.0,-4.098425329830405
isophon,8,7,4000.0,-0.16964534766478323
isophon,8,7,6000.0,-1.9237994384765642
isophon,8,7,8000.0,12.434027808017461
isophon,8,8,250.0,3.6404933005079556
isophon,8,8,500.0,-1.1016891461999876
isophon,8,8,750.0,1.924659717106877
isophon,8,8,1000.0,0.7021956155021911
isophon,8,8,1500.0,-3.304230428095977
isophon,8,8,2000.0,-4.937571175521285
isophon,8,8,3000.0,-1.3167952357980823
isophon,8,8,4000.0,1.936626604764868
isophon,8,8,6000.0,-1.0248036193847696
isophon,8,8,8000.0,13.063198348714636
isophon,8,9,250.0,3.7907742675485423
isophon,8,9,500.0,-0.6590589322959772
isophon,8,9,750.0,0.14887717353411745
isophon,8,9,1000.0,-0.5900506500052671
isophon,8,9,1500.0,-5.223697092109219
isophon,8,9,2000.0,-6.024037103462788
isophon,8,9,3000.0,-6.362772619657207
isophon,8,9,4000.0,3.3744524653342722
isophon,8,9,6000.0,0.1589517211914
isophon,8,9,8000.0,12.191801864365758
isophon,8,10,250.0,4.980379829141398
isophon,8,10,500.0,1.291968334370722
isophon,8,10,750.0,-0.6003089904785099
isophon,8,10,1000.0,-0.6938877029272419
isophon,8,10,1500.0,-5.996133422851557
isophon,8,10,2000.0,-4.038939851373925
isophon,8,10,3000.0,-3.5549125316254475
isophon,8,10,4000.0,4.114431866694318
isophon,8,10,6000.0,0.6277717590332088
isophon,8,10,8000.0,10.874810911418109
isophon,9,1,250.0,10.982603774212123
isophon,9,1,500.0,25.008341133707084
isophon,9,1,750.0,13.352855851578774
isophon,9,1,1000.0,-3.2699922915612376
isophon,9,1,1500.0,3.1841216511167687
isophon,9,1,2000.0,18.684542179520975
isophon,9,1,3000.0,6.334242253471963
isophon,9,1,4000.0,4.842831619966347
isophon,9,1,6000.0,12.31902254982706
isophon,9,1,8000.0,9.431186008987353
isophon,9,2,250.0,1.3027601186497648
isophon,9,2,500.0,4.979926053909601
isophon,9,2,750.0,4.543443332999303
isophon,9,2,1000.0,1.5438006357982772
isophon,9,2,1500.0,1.2130921231522933
isophon,9,2,2000.0,-1.706368831844813
isophon,9,2,3000.0,-4.236210957977335
isophon,9,2,4000.0,-8.969319596410443
isophon,9,2,6000.0,5.391819691078432
isophon,9,2,8000.0,7.296031701909584
isophon,9,3,250.0,1.867127529431059
isophon,9,3,500.0,10.653402486108263
isophon,9,3,750.0,8.468875826047324
isophon,9,3,1000.0,5.437838924443241
isophon,9,3,1500.0,-2.9220321742285336
isophon,9,3,2000.0,-0.3317884007045677
isophon,9,3,3000.0,-0.12280449282469874
isophon,9,3,4000.0,-3.4758802041097283
isophon,9,3,6000.0,-0.9283298608280717
isophon,9,3,8000.0,4.194588573561674
isophon,9,4,250.0,1.333986104795315
isophon,9,4,500.0,-4.383249781758636
isophon,9,4,750.0,1.3359022939012561
isophon,9,4,1000.0,1.7070659132998287
isophon,9,4,1500.0,-3.3070056825296206
isophon,9,4,2000.0,5.524566161711377
isophon,9,4,3000.0,2.5251228732308135
isophon,9,4,4000.0,-0.7465465270023515
isophon,9,4,6000.0,5.996221519974782
isophon,9,4,8000.0,9.962641078963202
isophon,9,5,250.0,1.2079367166116128
isophon,9,5,500.0,-2.9924649708601834
isophon,9,5,750.0,-1.7074107306907536
isophon,9,5,1000.0,-1.5926106710051755
isophon,9,5,1500.0,-5.137768958536938
isophon,9,5,2000.0,-1.2624527749096615
isophon,9,5,3000.0,-6.748752839346963
isophon,9,5,4000.0,-10.357083665625623
isophon,9,5,6000.0,3.139042658214862
isophon,9,5,8000.0,-0.6071757928148855
isophon,9,6,250.0,0.06335657996416444
isophon,9,6,500.0,-3.551868004523598
isophon,9,6,750.0,-4.894153650614328
isophon,9,6,1000.0,-4.817005863039498
isophon,9,6,1500.0,-4.486114977557435
isophon,9,6,2000.0,-3.6652911865349296
isophon,9,6,3000.0,-8.772827944671619
isophon,9,6,4000.0,-8.541462805625699
isophon,9,6,6000.0,1.5915081608020358
isophon,9,6,8000.0,-10.054768003797562
isophon,9,7,250.0,-4.309238495535595
isophon,9,7,500.0,-7.263968878562181
isophon,9,7,750.0,-9.710126800537111
isophon,9,7,1000.0,-7.502879407745311
isophon,9,7,1500.0,-5.41548597116325
isophon,9,7,2000.0,-3.7875956230565606
isophon,9,7,3000.0,-10.254296156620214
isophon,9,7,4000.0,-8.565838383847137
isophon,9,7,6000.0,-3.2066709790184262
isophon,9,7,8000.0,-8.745379423475299
isophon,9,8,250.0,-6.748637479498939
isophon,9,8,500.0,-6.835675800776585
isophon,9,8,750.0,-8.149212341308598
isophon,9,8,1000.0,-4.722675641739073
isophon,9,8,1500.0,-4.064763181510472
isophon,9,8,2000.0,-3.116545328994448
isophon,9,8,3000.0,-8.359782510836396
isophon,9,8,4000.0,-7.331353029661983
isophon,9,8,6000.0,-2.8683436953258337
isophon,9,8,8000.0,-11.329765777587895
isophon,9,9,250.0,-8.18590337873404
isophon,9,9,500.0,-6.24927315607836
isophon,9,9,750.0,-6.983786621093756
isophon,9,9,1000.0,-3.871815639821591
isophon,9,9,1500.0,-2.792114709758877
isophon,9,9,2000.0,-2.345707084126488
isophon,9,9,3000.0,-7.037108615859907
isophon,9,9,4000.0,-6.081911227250558
isophon,9,9,6000.0,-4.27088257256375
isophon,9,9,8000.0,-11.30592636108399
isophon,9,10,250.0,-7.285354814329054
isophon,9,10,500.0,-5.717661376705934
isophon,9,10,750.0,-5.948937988281244
isophon,9,10,1000.0,-4.851076824986777
isophon,9,10,1500.0,-2.0508042106846744
isophon,9,10,2000.0,-0.8708551025933389
isophon,9,10,3000.0,-8.758423527422195
isophon,9,10,4000.0,-5.375597126632755
isophon,9,10,6000.0,-3.7628318843739663
isophon,9,10,8000.0,-9.098104095458979
isophon,10,1,250.0,27.50495273590088
isophon,10,1,500.0,-20.134623075442498
isophon,10,1,750.0,0.23498751626137374
isophon,10,1,1000.0,-2.0804946818722385
isophon,10,1,1500.0,-15.629926099893826
isophon,10,1,2000.0,-26.918453233441475
isophon,10,1,3000.0,-19.715883604677973
isophon,10,1,4000.0,10.284909437943167
isophon,10,1,6000.0,-0.4102391305928066
isophon,10,1,8000.0,33.78388530731201
isophon,10,2,250.0,12.00372573852539
isophon,10,2,500.0,-5.063459626737256
isophon,10,2,750.0,5.499742144735794
isophon,10,2,1000.0,8.779650132549023
isophon,10,2,1500.0,-9.30483679524751
isophon,10,2,2000.0,-15.783287937409035
isophon,10,2,3000.0,-15.59717726360445
isophon,10,2,4000.0,-0.39392000799530535
isophon,10,2,6000.0,1.7914050093794813
isophon,10,2,8000.0,29.904137964293717
isophon,10,3,250.0,7.318833338903914
isophon,10,3,500.0,0.41409801143927893
isophon,10,3,750.0,5.812091551612113
isophon,10,3,1000.0,7.888699442309907
isophon,10,3,1500.0,-3.745678422251004
isophon,10,3,2000.0,-10.108947325999978
isophon,10,3,3000.0,-6.878367678030273
isophon,10,3,4000.0,-1.3499047233584136
isophon,10,3,6000.0,-6.722897452725078
isophon,10,3,8000.0,25.307076642192932
isophon,10,4,250.0,4.3578081479402755
isophon,10,4,500.0,0.25920013606500447
isophon,10,4,750.0,5.330262068252225
isophon,10,4,1000.0,13.519161138280424
isophon,10,4,1500.0,3.1353758865442387
isophon,10,4,2000.0,-2.932706082308755
isophon,10,4,3000.0,-0.9401719537817428
isophon,10,4,4000.0,-2.509250924450953
isophon,10,4,6000.0,0.18298217301824593
isophon,10,4,8000.0,21.861123817793867
isophon,10,5,250.0,1.9239625960439355
isophon,10,5,500.0,-5.524201982918399
isophon,10,5,750.0,-6.596392100036766
isophon,10,5,1000.0,-3.507122634059968
isophon,10,5,1500.0,0.8059304174231556
isophon,10,5,2000.0,-0.2866500862776178
isophon,10,5,3000.0,4.387516181880059
isophon,10,5,4000.0,2.647986044683961
isophon,10,5,6000.0,3.231704779112306
isophon,10,5,8000.0,15.381754805230628
isophon,10,6,250.0,2.2349003646683627
isophon,10,6,500.0,3.4973958352347125
isophon,10,6,750.0,1.301157953769433
isophon,10,6,1000.0,1.243845434632746
isophon,10,6,1500.0,-1.0977396078091886
isophon,10,6,2000.0,1.226936154268401
isophon,10,6,3000.0,0.7593633876175687
isophon,10,6,4000.0,2.838063254765302
isophon,10,6,6000.0,6.369243583032201
isophon,10,6,8000.0,22.557202466044302
isophon,10,7,250.0,3.877453618128058
isophon,10,7,500.0,3.356743967678568
isophon,10,7,750.0,2.9190765989134206
isophon,10,7,1000.0,5.989985519262987
isophon,10,7,1500.0,3.018335539216338
isophon,10,7,2000.0,4.6756591105156105
isophon,10,7,3000.0,-5.471944829989866
isophon,10,7,4000.0,-3.082926085805056
isophon,10,7,6000.0,4.309557465993251
isophon,10,7,8000.0,23.399166270250873
isophon,10,8,250.0,5.046701941959498
isophon,10,8,500.0,1.3991153041216506
isophon,10,8,750.0,3.1517597713387033
isophon,10,8,1000.0,2.6707790510224925
isophon,10,8,1500.0,0.8553755892772159
isophon,10,8,2000.0,6.78114415745533
isophon,10,8,3000.0,-1.0576261818564063
isophon,10,8,4000.0,-0.9461709546231276
isophon,10,8,6000.0,5.071016152281018
isophon,10,8,8000.0,23.296086556927378
isophon,10,9,250.0,5.233142829410667
isophon,10,9,500.0,1.9145994505687582
isophon,10,9,750.0,1.6904580409152743
isophon,10,9,1000.0,2.5524556780407863
isophon,10,9,1500.0,-2.8390192522658424
isophon,10,9,2000.0,6.529358794549594
isophon,10,9,3000.0,3.889089810152271
isophon,10,9,4000.0,0.8627523728110589
isophon,10,9,6000.0,5.7768291687106625
isophon,10,9,8000.0,22.850445836272996
isophon,10,10,250.0,6.220677772037618
isophon,10,10,500.0,3.991897361704787
isophon,10,10,750.0,2.4929179646842385
isophon,10,10,1000.0,1.030638155848294
isophon,10,10,1500.0,-5.601223401132145
isophon,10,10,2000.0,2.7497826606112596
isophon,10,10,3000.0,3.7264495321765168
isophon,10,10,4000.0,-2.3021291854281998
isophon,10,10,6000.0,1.839070105652766
isophon,10,10,8000.0,12.749934526940606
isophon,11,1,250.0,-14.537672802423273
isophon,11,1,500.0,-30.366664945996355
isophon,11,1,750.0,-26.256032441103486
isophon,11,1,1000.0,-14.153438863273639
isophon,11,1,1500.0,-7.127613368636404
isophon,11,1,2000.0,-21.52693188586298
isophon,11,1,3000.0,-12.402164154052734
isophon,11,1,4000.0,-2.5456469426688386
isophon,11,1,6000.0,-7.493876687470518
isophon,11,1,8000.0,26.25186283155073
isophon,11,2,250.0,2.7593765342246073
isophon,11,2,500.0,4.171099341533271
isophon,11,2,750.0,2.0123038004642524
isophon,11,2,1000.0,4.08392468311127
isophon,11,2,1500.0,-3.1070875320045133
isophon,11,2,2000.0,-7.358635829081322
isophon,11,2,3000.0,-6.45339324951172
isophon,11,2,4000.0,-1.2954297054859865
isophon,11,2,6000.0,-5.006732390777643
isophon,11,2,8000.0,35.79232671386396
isophon,11,3,250.0,-3.2257664849058614
isophon,11,3,500.0,5.130145459701282
isophon,11,3,750.0,2.638572671881178
isophon,11,3,1000.0,-4.972937117138457
isophon,11,3,1500.0,5.347923505147705
isophon,11,3,2000.0,-6.481876712411463
isophon,11,3,3000.0,-7.368355539939614
isophon,11,3,4000.0,-0.3080338396260913
isophon,11,3,6000.0,5.400561310063736
isophon,11,3,8000.0,33.267765188536586
isophon,11,4,250.0,-1.4508256492081841
isophon,11,4,500.0,6.725557682991621
isophon,11,4,750.0,7.406983086722107
isophon,11,4,1000.0,-2.2115341224091623
isophon,11,4,1500.0,11.333929160882917
isophon,11,4,2000.0,6.425170631176485
isophon,11,4,3000.0,0.4954334642825273
isophon,11,4,4000.0,-1.9756557318994652
isophon,11,4,6000.0,19.69257875889798
isophon,11,4,8000.0,39.71101423769365
isophon,11,5,250.0,-5.375613178257325
isophon,11,5,500.0,8.78701575283776
isophon,11,5,750.0,4.484039074151127
isophon,11,5,1000.0,-4.06423685248059
isophon,11,5,1500.0,5.943329646269689
isophon,11,5,2000.0,-1.8675524467519153
isophon,11,5,3000.0,-1.3207937223937876
isophon,11,5,4000.0,-1.0193684993819687
isophon,11,5,6000.0,18.915862035853422
isophon,11,5,8000.0,36.83015291220305
isophon,11,6,250.0,-9.739833349859282
isophon,11,6,500.0,7.717948595374594
isophon,11,6,750.0,4.83688157990818
isophon,11,6,1000.0,-2.6789157691334538
isophon,11,6,1500.0,0.6782694290548648
isophon,11,6,2000.0,-1.6626616517378636
isophon,11,6,3000.0,-5.3054825715553875
isophon,11,6,4000.0,-3.1366091182649427
isophon,11,6,6000.0,15.026775117513282
isophon,11,6,8000.0,27.555797005643925
isophon,11,7,250.0,-8.733821741466912
isophon,11,7,500.0,5.609376853647575
isophon,11,7,750.0,2.802590768255712
isophon,11,7,1000.0,-1.3799737352010624
isophon,11,7,1500.0,-2.5756958385546653
isophon,11,7,2000.0,-3.5062386232193745
isophon,11,7,3000.0,-10.045113278537727
isophon,11,7,4000.0,-5.485499980676806
isophon,11,7,6000.0,9.742333944752744
isophon,11,7,8000.0,20.752488791793482
isophon,11,8,250.0,-7.640207140837859
isophon,11,8,500.0,-1.7050990280175142
isophon,11,8,750.0,-1.731890494418579
isophon,11,8,1000.0,-4.363603681745843
isophon,11,8,1500.0,-6.574873612025627
isophon,11,8,2000.0,-5.0775530453048106
isophon,11,8,3000.0,-8.652611195932124
isophon,11,8,4000.0,-10.018053734715267
isophon,11,8,6000.0,8.485061260538686
isophon,11,8,8000.0,18.097065788914705
isophon,11,9,250.0,-6.82981258809761
isophon,11,9,500.0,-5.5624747693337895
isophon,11,9,750.0,-1.724177752248437
isophon,11,9,1000.0,-3.917282165706837
isophon,11,9,1500.0,-6.055912719017698
isophon,11,9,2000.0,-7.116338033726876
isophon,11,9,3000.0,-10.516194435280127
isophon,11,9,4000.0,-10.287411833689035
isophon,11,9,6000.0,4.499025230640555
isophon,11,9,8000.0,13.414693876068725
isophon,11,10,250.0,-9.488330783195352
isophon,11,10,500.0,-6.275138146517989
isophon,11,10,750.0,-1.9032580194604805
isophon,11,10,1000.0,-5.195794031006031
isophon,11,10,1500.0,-8.175310113874758
isophon,11,10,2000.0,-6.298636268795633
isophon,11,10,3000.0,-10.97961891699505
isophon,11,10,4000.0,-9.390319731240822
isophon,11,10,6000.0,3.009081091575581
isophon,11,10,8000.0,7.844430953070514
isophon,12,1,250.0,24.771160009850036
isophon,12,1,500.0,5.465616342986401
isophon,12,1,750.0,3.8776963906364657
isophon,12,1,1000.0,2.3942172366414134
isophon,12,1,1500.0,19.98068975324479
isophon,12,1,2000.0,18.136885983905017
isophon,12,1,3000.0,7.135467716548952
isophon,12,1,4000.0,11.779876197656762
isophon,12,1,6000.0,34.006681747436524
isophon,12,1,8000.0,14.629199800867841
isophon,12,2,250.0,2.2114346297131533
isophon,12,2,500.0,1.6174398431731518
isophon,12,2,750.0,6.875928975509794
isophon,12,2,1000.0,-1.6608593837817551
isophon,12,2,1500.0,0.4852553831530457
isophon,12,2,2000.0,-8.982285612736312
isophon,12,2,3000.0,1.0191452717341818
isophon,12,2,4000.0,-6.856109744805266
isophon,12,2,6000.0,8.891657562255858
isophon,12,2,8000.0,10.802612236981005
isophon,12,3,250.0,-6.548776242560663
isophon,12,3,500.0,5.201869950424296
isophon,12,3,750.0,0.7706122199753764
isophon,12,3,1000.0,-2.570288549388721
isophon,12,3,1500.0,7.424872267381659
isophon,12,3,2000.0,-0.15787435166198094
isophon,12,3,3000.0,10.726622124905361
isophon,12,3,4000.0,-1.476353406324293
isophon,12,3,6000.0,9.465719928986452
isophon,12,3,8000.0,-1.572585256921407
isophon,12,4,250.0,-1.129873257389491
isophon,12,4,500.0,11.721490612275161
isophon,12,4,750.0,-4.219359600211703
isophon,12,4,1000.0,-1.347664204093789
isophon,12,4,1500.0,-2.373152619315732
isophon,12,4,2000.0,-0.44309326498647295
isophon,12,4,3000.0,10.044907781834716
isophon,12,4,4000.0,-0.3966325547143157
isophon,12,4,6000.0,3.434442967302431
isophon,12,4,8000.0,-3.0095865812600664
isophon,12,5,250.0,4.048387444034972
isophon,12,5,500.0,5.341725949930634
isophon,12,5,750.0,-10.593004277872353
isophon,12,5,1000.0,-9.63583085979721
isophon,12,5,1500.0,-4.412680573093056
isophon,12,5,2000.0,-4.8665755320592865
isophon,12,5,3000.0,10.261996541255371
isophon,12,5,4000.0,2.1076299035344164
isophon,12,5,6000.0,-5.9454821274793375
isophon,12,5,8000.0,-5.950562791915061
isophon,12,6,250.0,-1.128733277016849
isophon,12,6,500.0,1.6381609933137895
isophon,12,6,750.0,-9.742539963736277
isophon,12,6,1000.0,-2.2319387767156087
isophon,12,6,1500.0,1.4586483310075238
isophon,12,6,2000.0,-0.39430561399463215
isophon,12,6,3000.0,4.751195227763802
isophon,12,6,4000.0,0.7712670393367347
isophon,12,6,6000.0,-5.2290270429572985
isophon,12,6,8000.0,2.521636302383186
isophon,12,7,250.0,-1.2924160929446913
isophon,12,7,500.0,-0.6930285426062
isophon,12,7,750.0,-8.597775509173559
isophon,12,7,1000.0,0.7697574233373672
isophon,12,7,1500.0,3.40175261009405
isophon,12,7,2000.0,-0.5348420921684891
isophon,12,7,3000.0,-0.5592515654557104
isophon,12,7,4000.0,-5.575789204065217
isophon,12,7,6000.0,-7.032431332946317
isophon,12,7,8000.0,3.4706872640552007
isophon,12,8,250.0,1.3220908313805495
isophon,12,8,500.0,3.403833892965338
isophon,12,8,750.0,-5.623759005893035
isophon,12,8,1000.0,-0.08717171305980287
isophon,12,8,1500.0,5.361989082950885
isophon,12,8,2000.0,1.140004324932022
isophon,12,8,3000.0,3.0034302469911864
isophon,12,8,4000.0,-1.578040195825949
isophon,12,8,6000.0,-7.937307154311185
isophon,12,8,8000.0,2.5310931770427914
isophon,12,9,250.0,4.610869725892883
isophon,12,9,500.0,5.910139012928781
isophon,12,9,750.0,-3.038672742321097
isophon,12,9,1000.0,-0.3928312720716747
isophon,12,9,1500.0,4.378839487535032
isophon,12,9,2000.0,2.117193491532092
isophon,12,9,3000.0,4.183008832947451
isophon,12,9,4000.0,0.20771637795959919
isophon,12,9,6000.0,-6.430528581698127
isophon,12,9,8000.0,1.4157466206788172
isophon,12,10,250.0,6.448738388885587
isophon,12,10,500.0,8.803873060838924
isophon,12,10,750.0,1.016242907026708
isophon,12,10,1000.0,0.12379436724353354
isophon,12,10,1500.0,5.770848239551725
isophon,12,10,2000.0,2.3556886457618305
isophon,12,10,3000.0,2.3547266201561996
isophon,12,10,4000.0,-3.984640706595769
isophon,12,10,6000.0,-3.2983555775477384
isophon,12,10,8000.0,5.519136676447914
isophon,13,1,250.0,-8.63843460740479
isophon,13,1,500.0,14.376877858504614
isophon,13,1,750.0,10.056964840188995
isophon,13,1,1000.0,10.401174547907482
isophon,13,1,1500.0,10.205849166921666
isophon,13,1,2000.0,9.210962930447337
isophon,13,1,3000.0,10.636069602966309
isophon,13,1,4000.0,15.557635214803753
isophon,13,1,6000.0,27.779213130587753
isophon,13,1,8000.0,13.825633481123404
isophon,13,2,250.0,-0.7617869239970432
isophon,13,2,500.0,1.9508268608370258
isophon,13,2,750.0,1.325287511941724
isophon,13,2,1000.0,3.4991501886189624
isophon,13,2,1500.0,8.268574778369157
isophon,13,2,2000.0,1.1027624976704402
isophon,13,2,3000.0,-5.691930084228517
isophon,13,2,4000.0,-1.0907672032361404
isophon,13,2,6000.0,12.531080098692911
isophon,13,2,8000.0,5.516210842688125
isophon,13,3,250.0,-6.544377867426462
isophon,13,3,500.0,-3.7099848802265285
isophon,13,3,750.0,3.5272565905444893
isophon,13,3,1000.0,9.119667555980286
isophon,13,3,1500.0,8.529564017476744
isophon,13,3,2000.0,-2.6801342722501715
isophon,13,3,3000.0,-6.286887329188481
isophon,13,3,4000.0,-0.7262839025401604
isophon,13,3,6000.0,9.35955572002942
isophon,13,3,8000.0,7.412156062728798
isophon,13,4,250.0,-7.81974703411143
isophon,13,4,500.0,0.9316290310331539
isophon,13,4,750.0,-2.430539985147817
isophon,13,4,1000.0,3.3263668560381205
isophon,13,4,1500.0,-4.6004015933616245
isophon,13,4,2000.0,-2.541102459534841
isophon,13,4,3000.0,-9.273372654453937
isophon,13,4,4000.0,-4.66178791137321
isophon,13,4,6000.0,3.497367997086542
isophon,13,4,8000.0,11.114585011123282
isophon,13,5,250.0,-3.977947268047714
isophon,13,5,500.0,0.7531410083956871
isophon,13,5,750.0,-9.335596088593576
isophon,13,5,1000.0,-4.164012652918416
isophon,13,5,1500.0,-8.224346415709093
isophon,13,5,2000.0,-0.32486991110440044
isophon,13,5,3000.0,-4.815128838957449
isophon,13,5,4000.0,2.5245852495875454
isophon,13,5,6000.0,1.3885015569685777
isophon,13,5,8000.0,11.373066221085452
isophon,13,6,250.0,2.546247295353524
isophon,13,6,500.0,0.8094975171146359
isophon,13,6,750.0,-1.136463842181044
isophon,13,6,1000.0,5.851165220490486
isophon,13,6,1500.0,0.12017594179827995
isophon,13,6,2000.0,7.178734979339083
isophon,13,6,3000.0,-0.17999700020456544
isophon,13,6,4000.0,0.8229416971036159
isophon,13,6,6000.0,5.133824415327851
isophon,13,6,8000.0,13.000269459214792
isophon,13,7,250.0,1.6075801635318925
isophon,13,7,500.0,4.21667062485507
isophon,13,7,750.0,2.9384277008287967
isophon,13,7,1000.0,4.117217575829159
isophon,13,7,1500.0,1.0625829804356783
isophon,13,7,2000.0,6.888825869574916
isophon,13,7,3000.0,-2.891190647189177
isophon,13,7,4000.0,1.1965148268449326
isophon,13,7,6000.0,5.892933159496721
isophon,13,7,8000.0,15.842400071754767
isophon,13,8,250.0,3.0886825815107244
isophon,13,8,500.0,0.5178748197332936
isophon,13,8,750.0,0.9528269370941587
isophon,13,8,1000.0,1.875521328375612
isophon,13,8,1500.0,0.4472256429951784
isophon,13,8,2000.0,9.30563966356263
isophon,13,8,3000.0,1.7313922080354303
isophon,13,8,4000.0,2.601794455663537
isophon,13,8,6000.0,5.43936640407486
isophon,13,8,8000.0,14.783648765569552
isophon,13,9,250.0,3.5193598234885997
isophon,13,9,500.0,-1.5078072918350216
isophon,13,9,750.0,-1.535841924906748
isophon,13,9,1000.0,3.019886883682858
isophon,13,9,1500.0,-1.0134773859901713
isophon,13,9,2000.0,7.7150630233656585
isophon,13,9,3000.0,7.101003414090101
isophon,13,9,4000.0,3.128186451148167
isophon,13,9,6000.0,4.633649424305929
isophon,13,9,8000.0,12.855604538795731
isophon,13,10,250.0,4.396135989363472
isophon,13,10,500.0,0.7620075096350263
isophon,13,10,750.0,-0.4288955061124682
isophon,13,10,1000.0,0.8817711579813761
isophon,13,10,1500.0,-4.454549122781856
isophon,13,10,2000.0,3.8545968468741165
isophon,13,10,3000.0,3.389234417544614
isophon,13,10,4000.0,-1.8665063666833532
isophon,13,10,6000.0,0.24437624135879332
isophon,13,10,8000.0,0.6200100085594187
isophon,14,1,250.0,13.703079116683838
isophon,14,1,500.0,6.483022876314365
isophon,14,1,750.0,-6.999115711343213
isophon,14,1,1000.0,-15.257520185522708
isophon,14,1,1500.0,-2.8684937506786277
isophon,14,1,2000.0,-2.8963105607450252
isophon,14,1,3000.0,-7.605172997443825
isophon,14,1,4000.0,-2.3437336777499116
isophon,14,1,6000.0,-10.236658053871096
isophon,14,1,8000.0,19.086950969627424
isophon,14,2,250.0,-3.517195410028144
isophon,14,2,500.0,10.493675052913265
isophon,14,2,750.0,-0.10146203149370336
isophon,14,2,1000.0,-3.863731164167824
isophon,14,2,1500.0,-8.08859512004932
isophon,14,2,2000.0,4.822336362439511
isophon,14,2,3000.0,4.1496611724102195
isophon,14,2,4000.0,13.45144524209142
isophon,14,2,6000.0,-4.550058174189445
isophon,14,2,8000.0,22.0090822903204
isophon,14,3,250.0,-0.790891782921797
isophon,14,3,500.0,4.399959504650134
isophon,14,3,750.0,0.5982479256924549
isophon,14,3,1000.0,-4.174124450261246
isophon,14,3,1500.0,-5.819752068465348
isophon,14,3,2000.0,9.978937313985682
isophon,14,3,3000.0,12.075574178376215
isophon,14,3,4000.0,4.439411262230635
isophon,14,3,6000.0,2.411219121188097
isophon,14,3,8000.0,17.728198714430157
isophon,14,4,250.0,1.8616826327200897
isophon,14,4,500.0,4.141698187088025
isophon,14,4,750.0,-0.9559838631871145
isophon,14,4,1000.0,3.072820367469234
isophon,14,4,1500.0,1.2000686762082324
isophon,14,4,2000.0,4.092741513375444
isophon,14,4,3000.0,2.3319547770547615
isophon,14,4,4000.0,-3.067544946186473
isophon,14,4,6000.0,-2.430679463090172
isophon,14,4,8000.0,14.379560872394201
isophon,14,5,250.0,0.2536815623701614
isophon,14,5,500.0,-3.41538053635459
isophon,14,5,750.0,0.15878863102990692
isophon,14,5,1000.0,-0.13363934802907806
isophon,14,5,1500.0,2.719518230529104
isophon,14,5,2000.0,10.066968984052806
isophon,14,5,3000.0,1.8657077065566625
isophon,14,5,4000.0,2.8561193801008358
isophon,14,5,6000.0,5.48651653935552
isophon,14,5,8000.0,23.919021906467137
isophon,14,6,250.0,5.371009754475395
isophon,14,6,500.0,2.2175342631161925
isophon,14,6,750.0,-0.673777140308303
isophon,14,6,1000.0,-0.7410911842824106
isophon,14,6,1500.0,-2.1527924677680232
isophon,14,6,2000.0,-4.505360049671879
isophon,14,6,3000.0,-2.924642867896523
isophon,14,6,4000.0,2.4080966486155404
isophon,14,6,6000.0,-5.185332584128446
isophon,14,6,8000.0,16.465406917217692
isophon,14,7,250.0,3.7790410217846215
isophon,14,7,500.0,5.911102067331072
isophon,14,7,750.0,4.3234865043407495
isophon,14,7,1000.0,4.921476134285456
isophon,14,7,1500.0,1.9541177403224594
isophon,14,7,2000.0,0.28454967063755987
isophon,14,7,3000.0,1.7669554394309728
isophon,14,7,4000.0,5.887639158488
isophon,14,7,6000.0,-3.151499004099236
isophon,14,7,8000.0,15.820827736290354
isophon,14,8,250.0,4.179621229017187
isophon,14,8,500.0,0.4264459324873684
isophon,14,8,750.0,2.403424851192341
isophon,14,8,1000.0,5.82216275811497
isophon,14,8,1500.0,2.836152792644455
isophon,14,8,2000.0,0.0732357380936719
isophon,14,8,3000.0,1.6612918501412963
isophon,14,8,4000.0,3.5574132880957876
isophon,14,8,6000.0,-3.0771280509609937
isophon,14,8,8000.0,12.193338144555739
isophon,14,9,250.0,4.816969043405834
isophon,14,9,500.0,2.285912321315692
isophon,14,9,750.0,-0.609091187033485
isophon,14,9,1000.0,6.271587949019363
isophon,14,9,1500.0,5.064786084000559
isophon,14,9,2000.0,0.2302094497436542
isophon,14,9,3000.0,4.766797332738335
isophon,14,9,4000.0,1.3167213844098598
isophon,14,9,6000.0,-3.7177444653038805
isophon,14,9,8000.0,8.354621768076925
isophon,14,10,250.0,-1.5151511357251763
isophon,14,10,500.0,0.23871205364176262
isophon,14,10,750.0,-0.9901269277563642
isophon,14,10,1000.0,-0.6170499508265692
isophon,14,10,1500.0,5.050259387543463
isophon,14,10,2000.0,-1.202366714014559
isophon,14,10,3000.0,6.30297806012851
isophon,14,10,4000.0,-3.326517177204252
isophon,14,10,6000.0,-2.0464437879522706
isophon,14,10,8000.0,10.567422713087652
isophon,15,1,250.0,-13.266363193711271
isophon,15,1,500.0,-2.680117576150053
isophon,15,1,750.0,1.6202846018202273
isophon,15,1,1000.0,8.132479300601965
isophon,15,1,1500.0,-14.709699482686801
isophon,15,1,2000.0,-2.166293087582991
isophon,15,1,3000.0,10.447376002844056
isophon,15,1,4000.0,-6.658628972450327
isophon,15,1,6000.0,-12.737121669105724
isophon,15,1,8000.0,-18.8409810649927
isophon,15,2,250.0,4.996375806811869
isophon,15,2,500.0,-3.2530250939642755
isophon,15,2,750.0,0.7917039348753079
isophon,15,2,1000.0,-5.668712183995645
isophon,15,2,1500.0,-7.728315108717265
isophon,15,2,2000.0,-4.876059524800937
isophon,15,2,3000.0,-9.401826117078226
isophon,15,2,4000.0,5.5808435263846565
isophon,15,2,6000.0,-0.43008233286205666
isophon,15,2,8000.0,-10.986929585042933
isophon,15,3,250.0,9.48548756149043
isophon,15,3,500.0,2.1438612713466796
isophon,15,3,750.0,-1.751096567781012
isophon,15,3,1000.0,-0.5372916441335889
isophon,15,3,1500.0,3.3537156402143964
isophon,15,3,2000.0,5.069676529179873
isophon,15,3,3000.0,-6.93331977997903
isophon,15,3,4000.0,7.170265633547245
isophon,15,3,6000.0,1.6362767096379969
isophon,15,3,8000.0,-6.861003633423273
isophon,15,4,250.0,4.505775272323092
isophon,15,4,500.0,-3.624785245155792
isophon,15,4,750.0,-3.6452246209862125
isophon,15,4,1000.0,-2.383912462166329
isophon,15,4,1500.0,7.227627094042745
isophon,15,4,2000.0,14.212634631292175
isophon,15,4,3000.0,-1.797467679182354
isophon,15,4,4000.0,-0.15406627085644686
isophon,15,4,6000.0,0.28808659029706973
isophon,15,4,8000.0,-10.401638852436875
isophon,15,5,250.0,1.2895600557062608
isophon,15,5,500.0,-3.3016900231641557
isophon,15,5,750.0,-3.553298544606463
isophon,15,5,1000.0,0.4523689540547551
isophon,15,5,1500.0,11.638938678244827
isophon,15,5,2000.0,9.251887949386806
isophon,15,5,3000.0,-1.7918932351047516
isophon,15,5,4000.0,-3.792712906327104
isophon,15,5,6000.0,-5.788948308146757
isophon,15,5,8000.0,0.7900043792194396
isophon,15,6,250.0,1.48646768253667
isophon,15,6,500.0,-6.2933400717870995
isophon,15,6,750.0,-6.291870689312248
isophon,15,6,1000.0,-3.256459759951909
isophon,15,6,1500.0,-1.8061946687522976
isophon,15,6,2000.0,-10.63258746634608
isophon,15,6,3000.0,-10.214301134258477
isophon,15,6,4000.0,-2.8344648782763215
isophon,15,6,6000.0,-12.015564097587117
isophon,15,6,8000.0,1.1782117085943185
isophon,15,7,250.0,3.8362146871334772
isophon,15,7,500.0,-1.3549321772935485
isophon,15,7,750.0,-4.876228820330837
isophon,15,7,1000.0,-3.056390119719964
isophon,15,7,1500.0,1.6996385669366703
isophon,15,7,2000.0,-8.904321748415597
isophon,15,7,3000.0,-4.627433030632133
isophon,15,7,4000.0,1.2885927193515698
isophon,15,7,6000.0,-10.714983305758466
isophon,15,7,8000.0,-0.46238484424736725
isophon,15,8,250.0,-0.03251539343513343
isophon,15,8,500.0,-3.720305835675177
isophon,15,8,750.0,-8.906489203815198
isophon,15,8,1000.0,-1.6001409305620484
isophon,15,8,1500.0,1.908087513939762
isophon,15,8,2000.0,-4.456390732757811
isophon,15,8,3000.0,0.974610954857269
isophon,15,8,4000.0,2.724111243316628
isophon,15,8,6000.0,-6.748007298129451
isophon,15,8,8000.0,0.8939691094654165
isophon,15,9,250.0,-0.3288935874992944
isophon,15,9,500.0,-4.874419180976176
isophon,15,9,750.0,-6.611053278983462
isophon,15,9,1000.0,-1.776582978416073
isophon,15,9,1500.0,6.22623531465311
isophon,15,9,2000.0,0.9425027635511611
isophon,15,9,3000.0,9.486603849644368
isophon,15,9,4000.0,3.498091891790537
isophon,15,9,6000.0,-3.1319852759308304
isophon,15,9,8000.0,3.211195159436599
isophon,15,10,250.0,0.33871018221556426
isophon,15,10,500.0,-5.781397642533392
isophon,15,10,750.0,-1.7118214462386447
isophon,15,10,1000.0,-3.3265193250742016
isophon,15,10,1500.0,1.804583939040043
isophon,15,10,2000.0,-5.108091180348538
isophon,15,10,3000.0,1.7209438842713354
isophon,15,10,4000.0,-2.324694187244333
isophon,15,10,6000.0,-0.37605295497574787
isophon,15,10,8000.0,1.688793600071051
isophon,16,1,250.0,4.878168746216993
isophon,16,1,500.0,-4.281376743703163
isophon,16,1,750.0,-3.3398899784177125
isophon,16,1,1000.0,-4.944044082668912
isophon,16,1,1500.0,-5.351929093902232
isophon,16,1,2000.0,-0.3676984727719841
isophon,16,1,3000.0,1.7095196445834375
isophon,16,1,4000.0,2.4773909489970194
isophon,16,1,6000.0,10.441894836425782
isophon,16,1,8000.0,-8.602917761047749
isophon,16,2,250.0,1.875826587123555
isophon,16,2,500.0,3.2836370031347
isophon,16,2,750.0,5.999626868334698
isophon,16,2,1000.0,4.515144867953591
isophon,16,2,1500.0,0.9319829480920667
isophon,16,2,2000.0,-4.476244863447981
isophon,16,2,3000.0,-8.757428124358412
isophon,16,2,4000.0,-1.4781126544538736
isophon,16,2,6000.0,-3.3654949951171886
isophon,16,2,8000.0,-1.6382166936896994
isophon,16,3,250.0,2.321569549688874
isophon,16,3,500.0,4.4494207794885625
isophon,16,3,750.0,-2.0264252867504737
isophon,16,3,1000.0,3.9950107517199385
isophon,16,3,1500.0,-2.95079272110398
isophon,16,3,2000.0,-7.527535227745524
isophon,16,3,3000.0,-5.376263608645644
isophon,16,3,4000.0,0.8437048901208257
isophon,16,3,6000.0,-2.765954455988762
isophon,16,3,8000.0,-2.759096669575271
isophon,16,4,250.0,-0.11523971420400869
isophon,16,4,500.0,-0.3853372515430351
isophon,16,4,750.0,-8.652507706494077
isophon,16,4,1000.0,-4.165639208538863
isophon,16,4,1500.0,-0.09627403765665576
isophon,16,4,2000.0,-6.660487670937343
isophon,16,4,3000.0,2.4017097057996253
isophon,16,4,4000.0,5.510526547374475
isophon,16,4,6000.0,0.4041175154181076
isophon,16,4,8000.0,-1.4486335979199794
isophon,16,5,250.0,-0.6039307772742291
isophon,16,5,500.0,-2.5652180115933163
isophon,16,5,750.0,-2.6295464022596633
isophon,16,5,1000.0,-2.18970587595183
isophon,16,5,1500.0,-3.105895808716056
isophon,16,5,2000.0,-10.83665676589078
isophon,16,5,3000.0,1.2097887713936188
isophon,16,5,4000.0,6.644126937874063
isophon,16,5,6000.0,2.5291122394476986
isophon,16,5,8000.0,6.784721275767993
isophon,16,6,250.0,-3.6701345184654883
isophon,16,6,500.0,1.8154824950079842
isophon,16,6,750.0,6.396610029284545
isophon,16,6,1000.0,5.06243057270558
isophon,16,6,1500.0,2.136043164819796
isophon,16,6,2000.0,-2.3602054234758185
isophon,16,6,3000.0,0.5945225081644026
isophon,16,6,4000.0,1.9737977360196766
isophon,16,6,6000.0,-3.674424884338393
isophon,16,6,8000.0,3.600624077894963
isophon,16,7,250.0,0.9907642251822466
isophon,16,7,500.0,4.0740737296499105
isophon,16,7,750.0,6.699570554606382
isophon,16,7,1000.0,1.5072526001302435
isophon,16,7,1500.0,-1.0197601989206504
isophon,16,7,2000.0,-2.8838724780429175
isophon,16,7,3000.0,-0.8952168078989615
isophon,16,7,4000.0,-0.35016899042588534
isophon,16,7,6000.0,-6.687362966486887
isophon,16,7,8000.0,-1.0102335599664372
isophon,16,8,250.0,3.15195796554886
isophon,16,8,500.0,2.7384224347849226
isophon,16,8,750.0,5.683665947076321
isophon,16,8,1000.0,-2.3328521198936585
isophon,16,8,1500.0,-3.385222259150865
isophon,16,8,2000.0,-4.117545798174589
isophon,16,8,3000.0,-2.185924343996902
isophon,16,8,4000.0,-1.5246509790942753
isophon,16,8,6000.0,-11.07241104125977
isophon,16,8,8000.0,-7.689710737796403
isophon,16,9,250.0,3.1813009333318405
isophon,16,9,500.0,3.184176679221281
isophon,16,9,750.0,1.9303005987417379
isophon,16,9,1000.0,-5.307957505128343
isophon,16,9,1500.0,-4.0250046769306635
isophon,16,9,2000.0,-3.9044761156322068
isophon,16,9,3000.0,-4.530425450602863
isophon,16,9,4000.0,-3.239752228444871
isophon,16,9,6000.0,-7.720007934570319
isophon,16,9,8000.0,-4.61762148459411
isophon,16,10,250.0,1.6775704933623814
isophon,16,10,500.0,-0.9958864604934945
isophon,16,10,750.0,-1.8790184020996037
isophon,16,10,1000.0,-4.287664031982416
isophon,16,10,1500.0,-2.365470834253145
isophon,16,10,2000.0,-5.919326269409012
isophon,16,10,3000.0,-2.0374643987870087
isophon,16,10,4000.0,-1.8241706079950575
isophon,16,10,6000.0,-5.756574249267572
isophon,16,10,8000.0,-1.2373727285806524
isophon,17,1,250.0,-15.272652433696827
isophon,17,1,500.0,-15.786495143113797
isophon,17,1,750.0,5.0701025173692
isophon,17,1,1000.0,2.342511143966159
isophon,17,1,1500.0,9.976645491482754
isophon,17,1,2000.0,-2.1149022207892543
isophon,17,1,3000.0,-1.8367730531974669
isophon,17,1,4000.0,5.343605712549774
isophon,17,1,6000.0,18.56992497575626
isophon,17,1,8000.0,16.356727582253953
isophon,17,2,250.0,-4.480344864152514
isophon,17,2,500.0,-8.228013831380387
isophon,17,2,750.0,-6.207745446470064
isophon,17,2,1000.0,-4.731623608136168
isophon,17,2,1500.0,10.775349013064542
isophon,17,2,2000.0,-1.40797733994399
isophon,17,2,3000.0,7.627838997185314
isophon,17,2,4000.0,2.3084076278494052
isophon,17,2,6000.0,15.41033298200042
isophon,17,2,8000.0,17.033826678820944
isophon,17,3,250.0,-2.49897241028323
isophon,17,3,500.0,-4.282749473641211
isophon,17,3,750.0,0.8344000865679746
isophon,17,3,1000.0,-4.652325164939988
isophon,17,3,1500.0,4.545181517931532
isophon,17,3,2000.0,3.15434835083159
isophon,17,3,3000.0,-0.19700987166932293
isophon,17,3,4000.0,-2.9989497929520468
isophon,17,3,6000.0,9.664069863982284
isophon,17,3,8000.0,17.88784514302548
isophon,17,4,250.0,0.32773115481788295
isophon,17,4,500.0,-1.8791539205096228
isophon,17,4,750.0,3.54268045629874
isophon,17,4,1000.0,-0.9802155917490438
isophon,17,4,1500.0,6.496055174930568
isophon,17,4,2000.0,-0.11601429808553121
isophon,17,4,3000.0,-0.27287307011442863
isophon,17,4,4000.0,-0.6171513010428384
isophon,17,4,6000.0,2.536383558318178
isophon,17,4,8000.0,16.78052505701136
isophon,17,5,250.0,4.686011249095046
isophon,17,5,500.0,-6.118422775835512
isophon,17,5,750.0,3.2032800245868316
isophon,17,5,1000.0,-3.812522253337619
isophon,17,5,1500.0,7.736356466693991
isophon,17,5,2000.0,4.518884608011561
isophon,17,5,3000.0,2.6854796177882747
isophon,17,5,4000.0,-1.6837339329252643
isophon,17,5,6000.0,-2.068990652358764
isophon,17,5,8000.0,3.9935834505169225
isophon,17,6,250.0,1.674669407682842
isophon,17,6,500.0,-0.04395544409520369
isophon,17,6,750.0,9.993614431949766
isophon,17,6,1000.0,-0.8590584185466952
isophon,17,6,1500.0,8.586148106469722
isophon,17,6,2000.0,0.8588177437367222
isophon,17,6,3000.0,2.5000711771657507
isophon,17,6,4000.0,-1.6384798672515046
isophon,17,6,6000.0,1.2111724277822873
isophon,17,6,8000.0,7.928152535819962
isophon,17,7,250.0,5.098032583647239
isophon,17,7,500.0,-3.2972254576902884
isophon,17,7,750.0,8.013570667192937
isophon,17,7,1000.0,-1.0779639540856891
isophon,17,7,1500.0,4.737391448849621
isophon,17,7,2000.0,0.40160945799063086
isophon,17,7,3000.0,0.22741468422842104
isophon,17,7,4000.0,-2.5522093366092804
isophon,17,7,6000.0,-1.601475897208573
isophon,17,7,8000.0,10.553690511509586
isophon,17,8,250.0,3.653250463331773
isophon,17,8,500.0,-2.1483452963268945
isophon,17,8,750.0,8.596799661251723
isophon,17,8,1000.0,-2.231988240561094
isophon,17,8,1500.0,2.909308363551972
isophon,17,8,2000.0,-3.5221301663134312
isophon,17,8,3000.0,-0.12250793104850288
isophon,17,8,4000.0,-2.487767771144405
isophon,17,8,6000.0,-4.865292651567188
isophon,17,8,8000.0,9.179952282427251
isophon,17,9,250.0,1.9127300887122942
isophon,17,9,500.0,-0.7663770637462477
isophon,17,9,750.0,8.799699581636233
isophon,17,9,1000.0,-4.232403459791826
isophon,17,9,1500.0,2.0276579088770745
isophon,17,9,2000.0,-5.414131335069541
isophon,17,9,3000.0,-1.956288589555598
isophon,17,9,4000.0,-3.8602780585117955
isophon,17,9,6000.0,-8.327942387772168
isophon,17,9,8000.0,7.1456150525250735
isophon,17,10,250.0,-5.17006835285089
isophon,17,10,500.0,-1.4240297191033022
isophon,17,10,750.0,5.931378966104759
isophon,17,10,1000.0,-10.039084504733268
isophon,17,10,1500.0,-4.747479878596394
isophon,17,10,2000.0,-8.666308361296416
isophon,17,10,3000.0,1.5937623795883127
isophon,17,10,4000.0,-2.5363204944057998
isophon,17,10,6000.0,-6.145440153275899
isophon,17,10,8000.0,7.644022597157445
isophon,18,1,250.0,25.427534897972905
isophon,18,1,500.0,8.475266143642763
isophon,18,1,750.0,14.707020474415245
isophon,18,1,1000.0,13.66317560087068
isophon,18,1,1500.0,8.442832830468364
isophon,18,1,2000.0,18.213943929824623
isophon,18,1,3000.0,21.219791464940357
isophon,18,1,4000.0,11.289928050308728
isophon,18,1,6000.0,10.664184159926123
isophon,18,1,8000.0,-2.6648907252956633
isophon,18,2,250.0,5.002440445239813
isophon,18,2,500.0,12.71306695798119
isophon,18,2,750.0,8.275933296522211
isophon,18,2,1000.0,4.9845726862646345
isophon,18,2,1500.0,-4.105786594219595
isophon,18,2,2000.0,-2.164969183270756
isophon,18,2,3000.0,2.743268249208427
isophon,18,2,4000.0,7.630713127655362
isophon,18,2,6000.0,-1.258532788685045
isophon,18,2,8000.0,-1.6983899218984746
isophon,18,3,250.0,-2.0241278836671768
isophon,18,3,500.0,4.663666066030501
isophon,18,3,750.0,4.074873261485081
isophon,18,3,1000.0,-1.7721014829733406
isophon,18,3,1500.0,-0.1696164876281685
isophon,18,3,2000.0,-1.893057350518518
isophon,18,3,3000.0,-2.4965666413688155
isophon,18,3,4000.0,0.772775022709709
isophon,18,3,6000.0,-6.453392646648709
isophon,18,3,8000.0,1.5148168300670903
isophon,18,4,250.0,-9.91358856654665
isophon,18,4,500.0,-2.664947923055948
isophon,18,4,750.0,-0.9939204408764084
isophon,18,4,1000.0,4.444655255990924
isophon,18,4,1500.0,2.1947267254620755
isophon,18,4,2000.0,-4.914956965480144
isophon,18,4,3000.0,-7.558939241843973
isophon,18,4,4000.0,-6.469025667343459
isophon,18,4,6000.0,-8.065938251997437
isophon,18,4,8000.0,-11.771042766040438
isophon,18,5,250.0,-5.600244400796129
isophon,18,5,500.0,-3.204495380885234
isophon,18,5,750.0,0.21955390991035983
isophon,18,5,1000.0,1.4401782606623925
isophon,18,5,1500.0,-4.174089414521433
isophon,18,5,2000.0,-6.56525306952048
isophon,18,5,3000.0,-0.6009063186210568
isophon,18,5,4000.0,-1.8660835607325765
isophon,18,5,6000.0,-9.277180889330808
isophon,18,5,8000.0,-6.21866666336247
isophon,18,6,250.0,-0.5291309249522413
isophon,18,6,500.0,-3.464868300924053
isophon,18,6,750.0,-3.5939615070276005
isophon,18,6,1000.0,4.696349406702936
isophon,18,6,1500.0,-1.6767745213206382
isophon,18,6,2000.0,1.7086550741596511
isophon,18,6,3000.0,-3.106429900474936
isophon,18,6,4000.0,0.8694219765332178
isophon,18,6,6000.0,-3.321917234270572
isophon,18,6,8000.0,-3.6511930970648763
isophon,18,7,250.0,3.045005900196969
isophon,18,7,500.0,0.1743441983928733
isophon,18,7,750.0,0.6095792804012632
isophon,18,7,1000.0,6.160788172988333
isophon,18,7,1500.0,0.2152230696259636
isophon,18,7,2000.0,-0.8304150087070781
isophon,18,7,3000.0,-4.053219310996312
isophon,18,7,4000.0,0.7001870617212944
isophon,18,7,6000.0,-3.826262461937347
isophon,18,7,8000.0,-5.059842624321277
isophon,18,8,250.0,5.340372499231108
isophon,18,8,500.0,2.6405476699687966
isophon,18,8,750.0,2.9491710221560794
isophon,18,8,1000.0,4.5210477288047315
isophon,18,8,1500.0,-2.6836278400671034
isophon,18,8,2000.0,-1.5406616169945124
isophon,18,8,3000.0,-1.7705679638901302
isophon,18,8,4000.0,3.5266066418074757
isophon,18,8,6000.0,-2.5070123287279387
isophon,18,8,8000.0,-3.951916269344977
isophon,18,9,250.0,6.494087852688068
isophon,18,9,500.0,3.9960401552723823
isophon,18,9,750.0,3.139304407177093
isophon,18,9,1000.0,3.6598605093156067
isophon,18,9,1500.0,-4.248964478261371
isophon,18,9,2000.0,-6.165613367444777
isophon,18,9,3000.0,0.4477810416455412
isophon,18,9,4000.0,4.67157293422467
isophon,18,9,6000.0,-1.0131588568452656
isophon,18,9,8000.0,-3.106449482964692
isophon,18,10,250.0,2.584402034989594
isophon,18,10,500.0,2.7506971586069966
isophon,18,10,750.0,4.771398392082261
isophon,18,10,1000.0,7.019014110000285
isophon,18,10,1500.0,-2.0597144422520444
isophon,18,10,2000.0,-3.2966472403737868
isophon,18,10,3000.0,-2.2125048595849677
isophon,18,10,4000.0,-1.2305751379919485
isophon,18,10,6000.0,0.7690959509385067
isophon,18,10,8000.0,-5.447175598144327
isophon,19,1,250.0,0.5484211930987684
isophon,19,1,500.0,-2.425358360098855
isophon,19,1,750.0,-6.02651886850818
isophon,19,1,1000.0,2.901168696247848
isophon,19,1,1500.0,1.329619089902929
isophon,19,1,2000.0,-6.779783166892889
isophon,19,1,3000.0,7.469716878368223
isophon,19,1,4000.0,6.271597328565463
isophon,19,1,6000.0,23.078109629986457
isophon,19,1,8000.0,23.2248911133032
isophon,19,2,250.0,7.881655563287474
isophon,19,2,500.0,-7.025170291473941
isophon,19,2,750.0,-3.2297145726135454
isophon,19,2,1000.0,-7.913590727979511
isophon,19,2,1500.0,-0.4231806549129189
isophon,19,2,2000.0,10.818839424737899
isophon,19,2,3000.0,-2.462908068148998
isophon,19,2,4000.0,3.6274100591907086
isophon,19,2,6000.0,9.232432855817493
isophon,19,2,8000.0,3.4398138015580884
isophon,19,3,250.0,0.14941130164829275
isophon,19,3,500.0,-8.257971463575757
isophon,19,3,750.0,-6.6509037480927375
isophon,19,3,1000.0,-5.673954729717195
isophon,19,3,1500.0,2.6412205554647983
isophon,19,3,2000.0,5.054887177408375
isophon,19,3,3000.0,2.2264946852647682
isophon,19,3,4000.0,5.090618751247277
isophon,19,3,6000.0,3.3523058780537838
isophon,19,3,8000.0,4.1810987874169285
isophon,19,4,250.0,3.600795694993792
isophon,19,4,500.0,-15.457295083556374
isophon,19,4,750.0,-9.366007131967038
isophon,19,4,1000.0,-2.429148591508124
isophon,19,4,1500.0,2.9344496089083663
isophon,19,4,2000.0,5.425128967641683
isophon,19,4,3000.0,2.9638977325821827
isophon,19,4,4000.0,10.052237720457072
isophon,19,4,6000.0,1.3639839677812944
isophon,19,4,8000.0,8.95904021366357
isophon,19,5,250.0,11.375417059191108
isophon,19,5,500.0,-6.345958976389326
isophon,19,5,750.0,-3.719433650179738
isophon,19,5,1000.0,-2.686712314221566
isophon,19,5,1500.0,1.9945484894623036
isophon,19,5,2000.0,4.59453864078651
isophon,19,5,3000.0,3.1678064949261397
isophon,19,5,4000.0,8.296499033818549
isophon,19,5,6000.0,2.8255815899861716
isophon,19,5,8000.0,11.86393185610936
isophon,19,6,250.0,15.000483421498501
isophon,19,6,500.0,-1.6587118139891288
isophon,19,6,750.0,3.534742771153674
isophon,19,6,1000.0,1.1570692430942557
isophon,19,6,1500.0,6.294075495913489
isophon,19,6,2000.0,1.4735697671660688
isophon,19,6,3000.0,-0.5976221415524776
isophon,19,6,4000.0,-6.872186321539061
isophon,19,6,6000.0,-7.201670269996427
isophon,19,6,8000.0,4.4502733348589345
isophon,19,7,250.0,0.8861027932883161
isophon,19,7,500.0,-3.6004187439361033
isophon,19,7,750.0,0.8036692262148506
isophon,19,7,1000.0,-1.257772573787932
isophon,19,7,1500.0,0.7175034234657574
isophon,19,7,2000.0,2.8992551230513897
isophon,19,7,3000.0,-0.5723346215484497
isophon,19,7,4000.0,-13.0231551353653
isophon,19,7,6000.0,-12.991884701887756
isophon,19,7,8000.0,5.818898833044756
isophon,19,8,250.0,3.3212888298300385
isophon,19,8,500.0,-3.9028699397462674
isophon,19,8,750.0,-5.208919455861292
isophon,19,8,1000.0,-4.326698059944363
isophon,19,8,1500.0,-5.3786845791163245
isophon,19,8,2000.0,-1.046054123564815
isophon,19,8,3000.0,-2.3394658996613344
isophon,19,8,4000.0,-9.899299330622213
isophon,19,8,6000.0,-12.889667935269287
isophon,19,8,8000.0,6.137363395753155
isophon,19,9,250.0,4.4974655705818805
isophon,19,9,500.0,-3.5318050764906133
isophon,19,9,750.0,-8.913026599358375
isophon,19,9,1000.0,-9.333813913723347
isophon,19,9,1500.0,-10.799823363736678
isophon,19,9,2000.0,-9.208550944275345
isophon,19,9,3000.0,-6.062000481917835
isophon,19,9,4000.0,-10.171017934753252
isophon,19,9,6000.0,-10.692894025402992
isophon,19,9,8000.0,0.6323976667500943
isophon,19,10,250.0,-0.08415603911517167
isophon,19,10,500.0,-1.2826003278287743
isophon,19,10,750.0,-7.361922292586257
isophon,19,10,1000.0,-6.020349226097977
isophon,19,10,1500.0,-8.93966572675204
isophon,19,10,2000.0,-6.793639416392793
isophon,19,10,3000.0,-4.998416529804018
isophon,19,10,4000.0,-7.500260744714197
isophon,19,10,6000.0,-8.901852820328884
isophon,19,10,8000.0,-1.2315936622044745
isophon,20,1,250.0,13.804414360834292
isophon,20,1,500.0,6.183234669503825
isophon,20,1,750.0,0.30519706726074247
isophon,20,1,1000.0,-7.571683314674919
isophon,20,1,1500.0,-22.297762967554164
isophon,20,1,2000.0,2.0054800074051755
isophon,20,1,3000.0,-2.577524887580367
isophon,20,1,4000.0,4.245420199382814
isophon,20,1,6000.0,3.078799442786236
isophon,20,1,8000.0,0.10238820578300079
isophon,20,2,250.0,-3.529388965807165
isophon,20,2,500.0,-1.9886661992850847
isophon,20,2,750.0,-7.943653373718263
isophon,20,2,1000.0,-2.2904986639161464
isophon,20,2,1500.0,-1.2007441025903915
isophon,20,2,2000.0,7.771295822822758
isophon,20,2,3000.0,5.945880099198035
isophon,20,2,4000.0,10.82881837458735
isophon,20,2,6000.0,-2.1840085349594602
isophon,20,2,8000.0,-3.1290788624056916
isophon,20,3,250.0,-3.2770322858410452
isophon,20,3,500.0,-4.618427456960944
isophon,20,3,750.0,-6.564897016624826
isophon,20,3,1000.0,-2.035026203846158
isophon,20,3,1500.0,2.527429930355325
isophon,20,3,2000.0,1.6769591367273051
isophon,20,3,3000.0,-1.4078409738476978
isophon,20,3,4000.0,-1.764552028804161
isophon,20,3,6000.0,-0.36877389512616787
isophon,20,3,8000.0,-3.0574524806956447
isophon,20,4,250.0,0.42632711926026445
isophon,20,4,500.0,-0.19616882129867008
isophon,20,4,750.0,-2.956058588406819
isophon,20,4,1000.0,-0.9792683364251076
isophon,20,4,1500.0,3.694098744183151
isophon,20,4,2000.0,-5.281377815524394
isophon,20,4,3000.0,-7.180633588242287
isophon,20,4,4000.0,-2.5015840052545
isophon,20,4,6000.0,1.4372977772826516
isophon,20,4,8000.0,-3.787826734637733
isophon,20,5,250.0,-4.0531113630308795
isophon,20,5,500.0,1.0786812205222276
isophon,20,5,750.0,1.6336383535381884
isophon,20,5,1000.0,4.379040212795161
isophon,20,5,1500.0,8.882512650761555
isophon,20,5,2000.0,-2.807268862176741
isophon,20,5,3000.0,-4.128074729417477
isophon,20,5,4000.0,-0.8499333841944718
isophon,20,5,6000.0,-5.2241852313030535
isophon,20,5,8000.0,-8.066075489006735
isophon,20,6,250.0,-5.632826664591732
isophon,20,6,500.0,-0.2688712838307481
isophon,20,6,750.0,-1.4569543335631465
isophon,20,6,1000.0,3.7000061765939876
isophon,20,6,1500.0,4.9067105497831704
isophon,20,6,2000.0,3.579238098797063
isophon,20,6,3000.0,-1.3283433073624167
isophon,20,6,4000.0,6.597405445250459
isophon,20,6,6000.0,-4.7649713066089845
isophon,20,6,8000.0,0.7649999353354247
isophon,20,7,250.0,-7.028776201889755
isophon,20,7,500.0,-3.7707504251740005
isophon,20,7,750.0,-2.035077972412111
isophon,20,7,1000.0,-0.9236562586827546
isophon,20,7,1500.0,5.990348533454096
isophon,20,7,2000.0,5.232228178733024
isophon,20,7,3000.0,0.9795046036612263
isophon,20,7,4000.0,8.505924320938163
isophon,20,7,6000.0,-2.5406045515934608
isophon,20,7,8000.0,2.420498679022529
isophon,20,8,250.0,-5.605232696533207
isophon,20,8,500.0,-0.1318111976324019
isophon,20,8,750.0,0.13911392211913665
isophon,20,8,1000.0,1.9666082536444378
isophon,20,8,1500.0,7.858339824784693
isophon,20,8,2000.0,5.339254417393249
isophon,20,8,3000.0,3.1431623395561417
isophon,20,8,4000.0,8.77611176817102
isophon,20,8,6000.0,-0.6640227741811771
isophon,20,8,8000.0,3.353791508336542
isophon,20,9,250.0,-5.007693328857428
isophon,20,9,500.0,1.9731700761716269
isophon,20,9,750.0,2.26875396728515
isophon,20,9,1000.0,2.4284426157175574
isophon,20,9,1500.0,8.263484234325318
isophon,20,9,2000.0,5.914335384230213
isophon,20,9,3000.0,4.019700299386599
isophon,20,9,4000.0,8.826347790863835
isophon,20,9,6000.0,1.6285289295621936
isophon,20,9,8000.0,4.44395248280334
isophon,20,10,250.0,-2.456277465820307
isophon,20,10,500.0,2.3836792613329436
isophon,20,10,750.0,2.1770423889160213
isophon,20,10,1000.0,4.371390261171058
isophon,20,10,1500.0,7.78582006227164
isophon,20,10,2000.0,6.899035283468137
isophon,20,10,3000.0,5.732526696780752
isophon,20,10,4000.0,8.131402245179416
isophon,20,10,6000.0,2.158165864595901
isophon,20,10,8000.0,-0.6615475518797638
isophon,21,1,250.0,-2.4607470919942784
isophon,21,1,500.0,-2.766629492634756
isophon,21,1,750.0,1.899389993720046
isophon,21,1,1000.0,-3.9424309142301297
isophon,21,1,1500.0,-4.6912004725374175
isophon,21,1,2000.0,15.784758330162806
isophon,21,1,3000.0,21.872620887756348
isophon,21,1,4000.0,17.83076445215795
isophon,21,1,6000.0,3.0709559186705704
isophon,21,1,8000.0,-3.470770426009963
isophon,21,2,250.0,-6.217005361641014
isophon,21,2,500.0,-8.428188953718951
isophon,21,2,750.0,-9.784059380858125
isophon,21,2,1000.0,9.988282864256242
isophon,21,2,1500.0,1.4672915888028868
isophon,21,2,2000.0,-2.3674864436053547
isophon,21,2,3000.0,0.9258590271074851
isophon,21,2,4000.0,-2.422855791034266
isophon,21,2,6000.0,-2.572117734071341
isophon,21,2,8000.0,-14.015014352496749
isophon,21,3,250.0,-3.688187181846331
isophon,21,3,500.0,-2.1180201254513307
isophon,21,3,750.0,-1.0990969358980038
isophon,21,3,1000.0,2.579701112315842
isophon,21,3,1500.0,4.20213711278528
isophon,21,3,2000.0,-7.142520085326069
isophon,21,3,3000.0,0.5779115712613105
isophon,21,3,4000.0,3.8110808091184722
isophon,21,3,6000.0,-1.3776908433784456
isophon,21,3,8000.0,-11.870821150808098
isophon,21,4,250.0,6.974735885637955
isophon,21,4,500.0,6.74625353235507
isophon,21,4,750.0,3.3862505322408225
isophon,21,4,1000.0,-2.1028087681217826
isophon,21,4,1500.0,-0.6513597626783252
isophon,21,4,2000.0,-4.501947733548441
isophon,21,4,3000.0,1.6276283078096085
isophon,21,4,4000.0,6.908553969790546
isophon,21,4,6000.0,6.229303674584408
isophon,21,4,8000.0,-6.759511460151529
isophon,21,5,250.0,17.811602068432222
isophon,21,5,500.0,3.446830929001635
isophon,21,5,750.0,1.4036245619320766
isophon,21,5,1000.0,-8.290957492399087
isophon,21,5,1500.0,6.320255397255174
isophon,21,5,2000.0,3.6096227803461005
isophon,21,5,3000.0,5.326677772464805
isophon,21,5,4000.0,5.360860565204909
isophon,21,5,6000.0,4.974985753790662
isophon,21,5,8000.0,-8.41234500229774
isophon,21,6,250.0,12.857034444449113
isophon,21,6,500.0,-1.860109465852247
isophon,21,6,750.0,1.787111259324007
isophon,21,6,1000.0,-4.629423755719401
isophon,21,6,1500.0,-7.268009852919278
isophon,21,6,2000.0,-0.45396623981019957
isophon,21,6,3000.0,-4.318315642718943
isophon,21,6,4000.0,-0.2511729308337749
isophon,21,6,6000.0,-3.6369449613167717
isophon,21,6,8000.0,-3.0422553622017574
isophon,21,7,250.0,1.393730913151515
isophon,21,7,500.0,-0.24160036679953123
isophon,21,7,750.0,1.870792531579383
isophon,21,7,1000.0,-6.3260389034469
isophon,21,7,1500.0,-5.02136511981935
isophon,21,7,2000.0,3.3054624879509618
isophon,21,7,3000.0,-2.4068365933719633
isophon,21,7,4000.0,0.6716338269940252
isophon,21,7,6000.0,-1.0601941398504664
isophon,21,7,8000.0,-5.6001449006858195
isophon,21,8,250.0,3.3221279313590486
isophon,21,8,500.0,-0.43126884412188815
isophon,21,8,750.0,1.6191809464129534
isophon,21,8,1000.0,-1.580641823659306
isophon,21,8,1500.0,-3.008367502432037
isophon,21,8,2000.0,1.3646703289204822
isophon,21,8,3000.0,-7.500482097945962
isophon,21,8,4000.0,-2.752791200230334
isophon,21,8,6000.0,-3.4716494364102743
isophon,21,8,8000.0,-3.48391763920894
isophon,21,9,250.0,5.1252463248765565
isophon,21,9,500.0,-3.2759657890703977
isophon,21,9,750.0,1.7304546819395767
isophon,21,9,1000.0,-0.26297800824907824
isophon,21,9,1500.0,-2.653522357669104
isophon,21,9,2000.0,0.42041725680395814
isophon,21,9,3000.0,-12.122721710204942
isophon,21,9,4000.0,-1.5941567889325228
isophon,21,9,6000.0,-5.762875906461318
isophon,21,9,8000.0,-4.040945112998557
isophon,21,10,250.0,7.951424760040027
isophon,21,10,500.0,1.3727681101952527
isophon,21,10,750.0,4.856906792164054
isophon,21,10,1000.0,4.138541319532251
isophon,21,10,1500.0,2.073917622315591
isophon,21,10,2000.0,-0.47129347563071633
isophon,21,10,3000.0,-9.357850646972537
isophon,21,10,4000.0,1.852941085292116
isophon,21,10,6000.0,-10.15834348779589
isophon,21,10,8000.0,-3.233621948140012
isophon,22,1,250.0,8.798879058000452
isophon,22,1,500.0,-8.468643984518621
isophon,22,1,750.0,-1.082162396379367
isophon,22,1,1000.0,11.597093745756688
isophon,22,1,1500.0,-5.454540195095966
isophon,22,1,2000.0,12.880937586827056
isophon,22,1,3000.0,21.055737800598145
isophon,22,1,4000.0,12.437323615362446
isophon,22,1,6000.0,7.746462783759636
isophon,22,1,8000.0,33.44384497187066
isophon,22,2,250.0,7.610400424057445
isophon,22,2,500.0,3.101077689948525
isophon,22,2,750.0,0.8926491344920962
isophon,22,2,1000.0,-4.550506451250804
isophon,22,2,1500.0,-3.823970401127312
isophon,22,2,2000.0,-2.1947232530775977
isophon,22,2,3000.0,4.6525294494628895
isophon,22,2,4000.0,3.6768538539646016
isophon,22,2,6000.0,0.9866773394808703
isophon,22,2,8000.0,40.88139616167473
isophon,22,3,250.0,0.9729619602534001
isophon,22,3,500.0,-4.9297149845006345
isophon,22,3,750.0,1.5280821428776363
isophon,22,3,1000.0,-4.65980037690764
isophon,22,3,1500.0,-7.5680728950109994
isophon,22,3,2000.0,-8.712603162489216
isophon,22,3,3000.0,-4.111710120301822
isophon,22,3,4000.0,6.547913998969705
isophon,22,3,6000.0,5.565207131654688
isophon,22,3,8000.0,19.737956429667733
isophon,22,4,250.0,-3.5628637475285814
isophon,22,4,500.0,-0.46590842716538816
isophon,22,4,750.0,3.3714448973508695
isophon,22,4,1000.0,-2.665586614777567
isophon,22,4,1500.0,0.24617289352246985
isophon,22,4,2000.0,-1.9547960228058088
isophon,22,4,3000.0,-1.9147528222920016
isophon,22,4,4000.0,-2.802301843511401
isophon,22,4,6000.0,-1.2666047984813673
isophon,22,4,8000.0,17.91614286019285
isophon,22,5,250.0,4.837879044873745
isophon,22,5,500.0,1.5923288630987855
isophon,22,5,750.0,2.0828621098097244
isophon,22,5,1000.0,2.14334762755135
isophon,22,5,1500.0,4.580071989801681
isophon,22,5,2000.0,-0.49213706149194536
isophon,22,5,3000.0,0.492767290980467
isophon,22,5,4000.0,-0.15466054674242002
isophon,22,5,6000.0,5.154235537708161
isophon,22,5,8000.0,20.476302721038792
isophon,22,6,250.0,10.245015147187374
isophon,22,6,500.0,4.286925915240346
isophon,22,6,750.0,3.4824842809137806
isophon,22,6,1000.0,0.9576505644732265
isophon,22,6,1500.0,-0.28336666444076286
isophon,22,6,2000.0,-2.2541250930447063
isophon,22,6,3000.0,4.463590848070467
isophon,22,6,4000.0,3.7155613976537722
isophon,22,6,6000.0,11.19174005521569
isophon,22,6,8000.0,19.94218473973072
isophon,22,7,250.0,14.458743558372703
isophon,22,7,500.0,8.767927276995536
isophon,22,7,750.0,8.552950949210626
isophon,22,7,1000.0,9.029676909396983
isophon,22,7,1500.0,7.420900289754442
isophon,22,7,2000.0,5.516052668339057
isophon,22,7,3000.0,11.507255246263824
isophon,22,7,4000.0,8.61471342902361
isophon,22,7,6000.0,9.166217097766165
isophon,22,7,8000.0,14.3674744915415
isophon,22,8,250.0,13.978914036194467
isophon,22,8,500.0,9.680416055364716
isophon,22,8,750.0,10.98308784611261
isophon,22,8,1000.0,9.243242594285533
isophon,22,8,1500.0,7.886553465339759
isophon,22,8,2000.0,8.032709285020943
isophon,22,8,3000.0,14.124616902445965
isophon,22,8,4000.0,7.7326465262484305
isophon,22,8,6000.0,11.370838496531547
isophon,22,8,8000.0,15.242874943188369
isophon,22,9,250.0,12.714359664181998
isophon,22,9,500.0,10.236709034988067
isophon,22,9,750.0,12.110957264589416
isophon,22,9,1000.0,10.592788867990805
isophon,22,9,1500.0,6.615571679537098
isophon,22,9,2000.0,10.270016558477494
isophon,22,9,3000.0,15.807928027268943
isophon,22,9,4000.0,8.925981895066514
isophon,22,9,6000.0,13.722125170781894
isophon,22,9,8000.0,14.224706836995452
isophon,22,10,250.0,10.748657738770802
isophon,22,10,500.0,9.84609070659657
isophon,22,10,750.0,11.413973071368787
isophon,22,10,1000.0,10.43495413206935
isophon,22,10,1500.0,7.733350735663194
isophon,22,10,2000.0,11.72362201739412
isophon,22,10,3000.0,13.558193124163878
isophon,22,10,4000.0,8.12711858568224
isophon,22,10,6000.0,14.079835078987543
isophon,22,10,8000.0,14.494195406985625
isophon,23,1,250.0,7.674907110507618
isophon,23,1,500.0,-1.70868989713788
isophon,23,1,750.0,8.480044319763195
isophon,23,1,1000.0,1.0013866350752494
isophon,23,1,1500.0,-2.422876292761
isophon,23,1,2000.0,-4.703897450953058
isophon,23,1,3000.0,-14.253303334377222
isophon,23,1,4000.0,-9.026489960478884
isophon,23,1,6000.0,7.863031533412245
isophon,23,1,8000.0,9.977413944719157
isophon,23,2,250.0,2.4424573043930735
isophon,23,2,500.0,-6.158171051503956
isophon,23,2,750.0,-2.3054733538477734
isophon,23,2,1000.0,-3.949450487988649
isophon,23,2,1500.0,6.552168850939356
isophon,23,2,2000.0,8.187183219643597
isophon,23,2,3000.0,-5.347830939818422
isophon,23,2,4000.0,-0.08775180995660747
isophon,23,2,6000.0,8.94428822062578
isophon,23,2,8000.0,9.375983270637953
isophon,23,3,250.0,9.73162367416073
isophon,23,3,500.0,-2.0926257919339832
isophon,23,3,750.0,-5.62793434267077
isophon,23,3,1000.0,-5.669935533126512
isophon,23,3,1500.0,14.71440094581449
isophon,23,3,2000.0,19.029445863795424
isophon,23,3,3000.0,-8.190995287936992
isophon,23,3,4000.0,3.907109962166402
isophon,23,3,6000.0,8.399796709376275
isophon,23,3,8000.0,2.1101136770860975
isophon,23,4,250.0,-1.9090575267571808
isophon,23,4,500.0,-2.565600212025572
isophon,23,4,750.0,-0.5891144623600297
isophon,23,4,1000.0,-0.6525601186797871
isophon,23,4,1500.0,2.3513834695052083
isophon,23,4,2000.0,9.706001100639703
isophon,23,4,3000.0,-3.2555699262531164
isophon,23,4,4000.0,-1.3213268483076632
isophon,23,4,6000.0,-2.2830975453703815
isophon,23,4,8000.0,-8.705394324752547
isophon,23,5,250.0,7.870375502226125
isophon,23,5,500.0,2.3780206090501395
isophon,23,5,750.0,-4.147966561856904
isophon,23,5,1000.0,-12.088865896800016
isophon,23,5,1500.0,-12.201218227039135
isophon,23,5,2000.0,5.444837097229382
isophon,23,5,3000.0,-9.820953070766862
isophon,23,5,4000.0,-4.543444432874566
isophon,23,5,6000.0,-0.5655338449968639
isophon,23,5,8000.0,-4.053502073050296
isophon,23,6,250.0,-4.750014725096804
isophon,23,6,500.0,-6.539851277749506
isophon,23,6,750.0,-4.660034982283236
isophon,23,6,1000.0,-0.4065863109924521
isophon,23,6,1500.0,-5.5820142402344
isophon,23,6,2000.0,0.8569122579899044
isophon,23,6,3000.0,-2.796147870221148
isophon,23,6,4000.0,3.270064223566834
isophon,23,6,6000.0,-1.168257772215071
isophon,23,6,8000.0,-14.363025921219702
isophon,23,7,250.0,-2.2337942101695063
isophon,23,7,500.0,-1.768941667935323
isophon,23,7,750.0,-0.7787420026743774
isophon,23,7,1000.0,-2.989251265676131
isophon,23,7,1500.0,-4.858916178848446
isophon,23,7,2000.0,2.6716181152522864
isophon,23,7,3000.0,-3.151844703360183
isophon,23,7,4000.0,-1.3062422677942322
isophon,23,7,6000.0,-0.22475038704524763
isophon,23,7,8000.0,-10.423221159208865
isophon,23,8,250.0,-0.8947559035352413
isophon,23,8,500.0,1.8340302127470807
isophon,23,8,750.0,-1.738052116789362
isophon,23,8,1000.0,-2.418913238597014
isophon,23,8,1500.0,-4.0910199466840425
isophon,23,8,2000.0,4.377108119712645
isophon,23,8,3000.0,0.8111235188137442
isophon,23,8,4000.0,-2.1761826980288106
isophon,23,8,6000.0,-0.7831687796478946
isophon,23,8,8000.0,-7.002124555560556
isophon,23,9,250.0,0.05854139518963564
isophon,23,9,500.0,3.929123488459041
isophon,23,9,750.0,-0.9742392830629569
isophon,23,9,1000.0,-2.558223908995032
isophon,23,9,1500.0,-2.7339399696316207
isophon,23,9,2000.0,5.216312340121178
isophon,23,9,3000.0,5.450263831093125
isophon,23,9,4000.0,0.1888805977231982
isophon,23,9,6000.0,-0.656744131938197
isophon,23,9,8000.0,-3.139864741065736
isophon,23,10,250.0,1.2648131255827195
isophon,23,10,500.0,-0.12479097881468704
isophon,23,10,750.0,0.38846478390875916
isophon,23,10,1000.0,1.3620464607558915
isophon,23,10,1500.0,-0.5616419123062144
isophon,23,10,2000.0,8.26040226387336
isophon,23,10,3000.0,6.857277283914442
isophon,23,10,4000.0,1.072491823777753
isophon,23,10,6000.0,-1.087149088375213
isophon,23,10,8000.0,-2.9110400765131317
isophon,24,1,250.0,-13.000738090137858
isophon,24,1,500.0,-15.511748007666426
isophon,24,1,750.0,-18.5608434223735
isophon,24,1,1000.0,-5.279684635161566
isophon,24,1,1500.0,-6.15008318826402
isophon,24,1,2000.0,-19.7870927462657
isophon,24,1,3000.0,-26.54781451972366
isophon,24,1,4000.0,1.197781828585093
isophon,24,1,6000.0,-23.65401866539277
isophon,24,1,8000.0,-27.48774850327807
isophon,24,2,250.0,-4.701431299510901
isophon,24,2,500.0,-18.636729553330056
isophon,24,2,750.0,-13.966148723337433
isophon,24,2,1000.0,-2.3074143692490097
isophon,24,2,1500.0,4.405995582044014
isophon,24,2,2000.0,-1.900762552676241
isophon,24,2,3000.0,-1.2565065431181495
isophon,24,2,4000.0,6.354261390711642
isophon,24,2,6000.0,-13.776976695190342
isophon,24,2,8000.0,-15.812852417210252
isophon,24,3,250.0,0.7721994762254525
isophon,24,3,500.0,-0.21210560742062512
isophon,24,3,750.0,-1.6643495277172917
isophon,24,3,1000.0,-3.1714319310309804
isophon,24,3,1500.0,12.988964970610951
isophon,24,3,2000.0,-0.9366819087751708
isophon,24,3,3000.0,3.5906853180361367
isophon,24,3,4000.0,6.59701645822301
isophon,24,3,6000.0,-7.639812524070237
isophon,24,3,8000.0,-4.164572396777288
isophon,24,4,250.0,7.075239867748735
isophon,24,4,500.0,-0.16449274748259768
isophon,24,4,750.0,2.8175590354578475
isophon,24,4,1000.0,0.39576253818663076
isophon,24,4,1500.0,14.82992108033335
isophon,24,4,2000.0,8.215598542471483
isophon,24,4,3000.0,-2.2531064553128317
isophon,24,4,4000.0,2.4044824725773566
isophon,24,4,6000.0,1.9597929980303235
isophon,24,4,8000.0,2.3818230770914113
isophon,24,5,250.0,-7.9444893207320035
isophon,24,5,500.0,-6.540822652756518
isophon,24,5,750.0,8.539315270033754
isophon,24,5,1000.0,5.4266268593545135
isophon,24,5,1500.0,16.278461685115673
isophon,24,5,2000.0,14.65441414646763
isophon,24,5,3000.0,1.533918438893508
isophon,24,5,4000.0,6.286452637931461
isophon,24,5,6000.0,1.8962532500051026
isophon,24,5,8000.0,7.620444828417817
isophon,24,6,250.0,2.080933195137135
isophon,24,6,500.0,-6.079768433070512
isophon,24,6,750.0,9.508816470660648
isophon,24,6,1000.0,4.252814661622665
isophon,24,6,1500.0,15.171893192657052
isophon,24,6,2000.0,13.066084704009114
isophon,24,6,3000.0,3.6496382567281813
isophon,24,6,4000.0,1.886459020186777
isophon,24,6,6000.0,-3.2736572843433436
isophon,24,6,8000.0,0.5914107431759845
isophon,24,7,250.0,-5.271633825212376
isophon,24,7,500.0,-6.877498263526547
isophon,24,7,750.0,1.134293811268762
isophon,24,7,1000.0,1.1265109514415599
isophon,24,7,1500.0,8.92397595720027
isophon,24,7,2000.0,8.615375483064497
isophon,24,7,3000.0,0.44001726621642945
isophon,24,7,4000.0,-0.6652266524280463
isophon,24,7,6000.0,-2.7013634500130053
isophon,24,7,8000.0,0.8191299656299691
isophon,24,8,250.0,-12.603920414885906
isophon,24,8,500.0,-4.775249748353573
isophon,24,8,750.0,-1.8215369160953685
isophon,24,8,1000.0,1.842832333665612
isophon,24,8,1500.0,8.056691757467618
isophon,24,8,2000.0,6.7899660771267065
isophon,24,8,3000.0,-0.2581239201846728
isophon,24,8,4000.0,-2.1711824973397285
isophon,24,8,6000.0,-2.462978269431858
isophon,24,8,8000.0,0.20685115884501215
isophon,24,9,250.0,-13.422633209228394
isophon,24,9,500.0,-5.786776461240876
isophon,24,9,750.0,-1.2355205712971298
isophon,24,9,1000.0,-0.2735937435357556
isophon,24,9,1500.0,7.562510769211912
isophon,24,9,2000.0,4.166192265928572
isophon,24,9,3000.0,-2.9091631429777465
isophon,24,9,4000.0,-3.14106962800075
isophon,24,9,6000.0,-1.509558378360154
isophon,24,9,8000.0,-0.7828923119225095
isophon,24,10,250.0,-8.839936828613162
isophon,24,10,500.0,-5.430873016175411
isophon,24,10,750.0,-1.706033599943538
isophon,24,10,1000.0,-0.27130241967995516
isophon,24,10,1500.0,5.7536769954706415
isophon,24,10,2000.0,-2.0616429273692205
isophon,24,10,3000.0,-1.035193826667836
isophon,24,10,4000.0,-4.155123674561551
isophon,24,10,6000.0,-2.088966350745764
isophon,24,10,8000.0,-1.8277392162760862
isophon,25,1,250.0,17.752221536491433
isophon,25,1,500.0,-3.383470906547032
isophon,25,1,750.0,-4.081307623890826
isophon,25,1,1000.0,-7.937884846151491
isophon,25,1,1500.0,-1.8101093148177814
isophon,25,1,2000.0,8.976045032969989
isophon,25,1,3000.0,15.019221611022946
isophon,25,1,4000.0,-9.545962996484967
isophon,25,1,6000.0,-11.570898854613624
isophon,25,1,8000.0,-4.3487772093183565
isophon,25,2,250.0,1.0608002824358351
isophon,25,2,500.0,6.5506437129348924
isophon,25,2,750.0,-0.4098369867869849
isophon,25,2,1000.0,-1.5623655656830238
isophon,25,2,1500.0,14.408428226967303
isophon,25,2,2000.0,11.890773605940549
isophon,25,2,3000.0,-0.2857163911721017
isophon,25,2,4000.0,-5.203299570164106
isophon,25,2,6000.0,4.753892247975024
isophon,25,2,8000.0,-1.299646470277068
isophon,25,3,250.0,-7.650316000373579
isophon,25,3,500.0,-0.2668024058484093
isophon,25,3,750.0,-4.672417416510946
isophon,25,3,1000.0,-1.3011661241012291
isophon,25,3,1500.0,7.470993673224299
isophon,25,3,2000.0,9.778673308560954
isophon,25,3,3000.0,-5.499570388435366
isophon,25,3,4000.0,-4.180873657490665
isophon,25,3,6000.0,-1.6955950981595294
isophon,25,3,8000.0,-5.412362832104108
isophon,25,4,250.0,-6.351380261634574
isophon,25,4,500.0,-5.1502598156351524
isophon,25,4,750.0,-6.9637076502602895
isophon,25,4,1000.0,-2.0090898682354634
isophon,25,4,1500.0,10.841071553178438
isophon,25,4,2000.0,9.419248260846842
isophon,25,4,3000.0,-3.920512235437158
isophon,25,4,4000.0,0.062102229751076266
isophon,25,4,6000.0,-0.6248545009045188
isophon,25,4,8000.0,-4.840799328500623
isophon,25,5,250.0,-2.774707475123151
isophon,25,5,500.0,-9.531789509036088
isophon,25,5,750.0,-3.5519652313145826
isophon,25,5,1000.0,3.6721872411985714
isophon,25,5,1500.0,7.858076185855737
isophon,25,5,2000.0,3.5101205649944944
isophon,25,5,3000.0,-3.633239514898179
isophon,25,5,4000.0,2.7809647107134623
isophon,25,5,6000.0,5.189431783054118
isophon,25,5,8000.0,2.8313688678929196
isophon,25,6,250.0,-7.550201710610622
isophon,25,6,500.0,-7.892988722256291
isophon,25,6,750.0,-5.415599509555847
isophon,25,6,1000.0,-3.916551582493156
isophon,25,6,1500.0,-4.869021685935323
isophon,25,6,2000.0,2.8685340986812378
isophon,25,6,3000.0,-12.683153143058107
isophon,25,6,4000.0,-4.018187704955238
isophon,25,6,6000.0,-1.3135833502641105
isophon,25,6,8000.0,-1.750918368748458
isophon,25,7,250.0,-6.630697347037085
isophon,25,7,500.0,-4.501508898799372
isophon,25,7,750.0,-2.6495912786579794
isophon,25,7,1000.0,-3.4694411425838325
isophon,25,7,1500.0,-1.5198642297187774
isophon,25,7,2000.0,-3.362522339956513
isophon,25,7,3000.0,-13.694969020591884
isophon,25,7,4000.0,-6.973227608253282
isophon,25,7,6000.0,-4.371097702742389
isophon,25,7,8000.0,-7.512069164871193
isophon,25,8,250.0,-3.8252198655218734
isophon,25,8,500.0,-5.086582736801503
isophon,25,8,750.0,-0.8371354862767362
isophon,25,8,1000.0,-3.3203259589168965
isophon,25,8,1500.0,-2.002764848574529
isophon,25,8,2000.0,-3.486770028251968
isophon,25,8,3000.0,-16.14304048059826
isophon,25,8,4000.0,-8.80455953286004
isophon,25,8,6000.0,-5.450902109211171
isophon,25,8,8000.0,-9.289907830421356
isophon,25,9,250.0,-2.5276517994031735
isophon,25,9,500.0,-3.657157991588477
isophon,25,9,750.0,-1.464948820686999
isophon,25,9,1000.0,-1.5477753759052604
isophon,25,9,1500.0,-0.3957466267712846
isophon,25,9,2000.0,-2.659426327595213
isophon,25,9,3000.0,-14.603339233398216
isophon,25,9,4000.0,-5.9396893489476525
isophon,25,9,6000.0,-6.610156635471299
isophon,25,9,8000.0,-10.880899793868224
isophon,25,10,250.0,-0.7444994872201391
isophon,25,10,500.0,-4.395658582624193
isophon,25,10,750.0,-0.005837364986732041
isophon,25,10,1000.0,-1.6515996850595656
isophon,25,10,1500.0,-1.2042462177046787
isophon,25,10,2000.0,1.111917588988959
isophon,25,10,3000.0,-11.404565429687281
isophon,25,10,4000.0,-3.5896797603656267
isophon,25,10,6000.0,-4.44258289623356
isophon,25,10,8000.0,-7.805583781240799
isophon,26,1,250.0,-2.3117954708844337
isophon,26,1,500.0,27.8823802581676
isophon,26,1,750.0,5.160460231775875
isophon,26,1,1000.0,4.524009921522321
isophon,26,1,1500.0,19.713393668526393
isophon,26,1,2000.0,-6.622644440223894
isophon,26,1,3000.0,-7.283401533085254
isophon,26,1,4000.0,-4.934301190886554
isophon,26,1,6000.0,5.405096930128153
isophon,26,1,8000.0,3.0687589997644267
isophon,26,2,250.0,2.462065734125069
isophon,26,2,500.0,9.872074259071894
isophon,26,2,750.0,4.81693296974251
isophon,26,2,1000.0,-3.025235635412727
isophon,26,2,1500.0,5.898865180818973
isophon,26,2,2000.0,-2.2325130073580723
isophon,26,2,3000.0,-3.995436868590872
isophon,26,2,4000.0,2.5771894454692585
isophon,26,2,6000.0,8.664990526864244
isophon,26,2,8000.0,-0.5151441165776305
isophon,26,3,250.0,9.940344006073992
isophon,26,3,500.0,6.458543593421197
isophon,26,3,750.0,2.727919518695714
isophon,26,3,1000.0,-0.6962612074436834
isophon,26,3,1500.0,-1.159637821566946
isophon,26,3,2000.0,2.3735190525144247
isophon,26,3,3000.0,2.992017931306279
isophon,26,3,4000.0,-0.8765693756174286
isophon,26,3,6000.0,11.874204111482271
isophon,26,3,8000.0,-5.586780284200415
isophon,26,4,250.0,15.046529657002296
isophon,26,4,500.0,2.340978440460951
isophon,26,4,750.0,-3.029906731882207
isophon,26,4,1000.0,-2.4492775656797363
isophon,26,4,1500.0,-2.665492188157195
isophon,26,4,2000.0,-2.411072014441018
isophon,26,4,3000.0,5.450916303884085
isophon,26,4,4000.0,-2.5219223048258073
isophon,26,4,6000.0,8.126382210069657
isophon,26,4,8000.0,-3.030084589799671
isophon,26,5,250.0,-2.7908682419677433
isophon,26,5,500.0,8.995006208269473
isophon,26,5,750.0,1.109407325822886
isophon,26,5,1000.0,2.064199127508431
isophon,26,5,1500.0,-4.128080198036486
isophon,26,5,2000.0,-3.62546785735816
isophon,26,5,3000.0,4.934858978963732
isophon,26,5,4000.0,-5.639673556613161
isophon,26,5,6000.0,-2.275068502166775
isophon,26,5,8000.0,2.144831922404663
isophon,26,6,250.0,4.934254507814501
isophon,26,6,500.0,-1.5271121058024164
isophon,26,6,750.0,-3.8626669419855943
isophon,26,6,1000.0,3.158774627753303
isophon,26,6,1500.0,3.4927060718617327
isophon,26,6,2000.0,2.674472632532513
isophon,26,6,3000.0,6.0698639329958155
isophon,26,6,4000.0,-7.724427589399795
isophon,26,6,6000.0,-5.166314212483513
isophon,26,6,8000.0,0.3804427656196907
isophon,26,7,250.0,7.417552563379957
isophon,26,7,500.0,0.6816830859859238
isophon,26,7,750.0,-4.2684561293924475
isophon,26,7,1000.0,1.702799498392821
isophon,26,7,1500.0,-1.2768226243832999
isophon,26,7,2000.0,0.09332932278941541
isophon,26,7,3000.0,-0.4358936888790481
isophon,26,7,4000.0,-5.586953907578163
isophon,26,7,6000.0,-5.437769966955003
isophon,26,7,8000.0,1.9107389452002934
isophon,26,8,250.0,6.776265111325216
isophon,26,8,500.0,3.7407219110889116
isophon,26,8,750.0,-3.4343343779906235
isophon,26,8,1000.0,1.716466995192519
isophon,26,8,1500.0,-0.5761794285096755
isophon,26,8,2000.0,-2.472763198244664
isophon,26,8,3000.0,-0.574902828869881
isophon,26,8,4000.0,-5.8054965887884435
isophon,26,8,6000.0,-4.856535513282438
isophon,26,8,8000.0,2.2799443849386165
isophon,26,9,250.0,5.455339698726917
isophon,26,9,500.0,4.041931810943055
isophon,26,9,750.0,-3.41166856201815
isophon,26,9,1000.0,1.0245404383373824
isophon,26,9,1500.0,-2.6959911321316525
isophon,26,9,2000.0,-3.512299283534418
isophon,26,9,3000.0,-6.331944793957987
isophon,26,9,4000.0,-3.382022513341113
isophon,26,9,6000.0,-5.3405263527116205
isophon,26,9,8000.0,3.04271091348609
isophon,26,10,250.0,0.13770762341390252
isophon,26,10,500.0,-2.532587765754485
isophon,26,10,750.0,-3.3726631164550724
isophon,26,10,1000.0,0.020496262242403418
isophon,26,10,1500.0,-6.601434326171841
isophon,26,10,2000.0,-3.0728222165215158
isophon,26,10,3000.0,-4.7416787693963585
isophon,26,10,4000.0,-1.1887204118337706
isophon,26,10,6000.0,-2.2375802380785927
isophon,26,10,8000.0,5.6646862051300815
isophon,27,1,250.0,3.8068791878323065
isophon,27,1,500.0,-1.6851297510841605
isophon,27,1,750.0,-10.772615179159379
isophon,27,1,1000.0,-9.070376637022019
isophon,27,1,1500.0,-5.205912024783263
isophon,27,1,2000.0,-7.976892691671203
isophon,27,1,3000.0,-9.414622799408072
isophon,27,1,4000.0,-10.273094687688655
isophon,27,1,6000.0,-12.703206707694893
isophon,27,1,8000.0,-49.421530631386375
isophon,27,2,250.0,7.6318085450352555
isophon,27,2,500.0,-0.2849211730329273
isophon,27,2,750.0,-5.222904088976847
isophon,27,2,1000.0,-2.405289824170751
isophon,27,2,1500.0,8.521954276026033
isophon,27,2,2000.0,4.930683071030771
isophon,27,2,3000.0,5.633927113793494
isophon,27,2,4000.0,-0.08163769699794443
isophon,27,2,6000.0,-6.10600122086564
isophon,27,2,8000.0,-22.41461908423645
isophon,27,3,250.0,11.04894387643538
isophon,27,3,500.0,-3.835189410308814
isophon,27,3,750.0,-3.5200119731757127
isophon,27,3,1000.0,4.970382707823617
isophon,27,3,1500.0,5.59117740038954
isophon,27,3,2000.0,1.6654495119389736
isophon,27,3,3000.0,0.2163400392241286
isophon,27,3,4000.0,3.17065413616929
isophon,27,3,6000.0,1.5936875292605208
isophon,27,3,8000.0,-8.144726364121304
isophon,27,4,250.0,11.12769270536699
isophon,27,4,500.0,0.48032827716447457
isophon,27,4,750.0,-1.4761704205267492
isophon,27,4,1000.0,7.063362431060632
isophon,27,4,1500.0,1.9974517800795013
isophon,27,4,2000.0,0.5231143613408022
isophon,27,4,3000.0,-3.2083725846339917
isophon,27,4,4000.0,6.356166184070872
isophon,27,4,6000.0,-4.275312762633391
isophon,27,4,8000.0,-22.5375569349915
isophon,27,5,250.0,-5.547722741130016
isophon,27,5,500.0,-6.169710438155647
isophon,27,5,750.0,-5.227917796723844
isophon,27,5,1000.0,0.4584009724364648
isophon,27,5,1500.0,-4.850681756170104
isophon,27,5,2000.0,1.6216803562238198
isophon,27,5,3000.0,-5.2056055696403405
isophon,27,5,4000.0,9.88416634478412
isophon,27,5,6000.0,-2.4006702187339215
isophon,27,5,8000.0,-24.763077576314387
isophon,27,6,250.0,-1.847198111866689
isophon,27,6,500.0,-3.5004049069762146
isophon,27,6,750.0,-2.80439268418273
isophon,27,6,1000.0,-0.4562983852821674
isophon,27,6,1500.0,8.965539690821657
isophon,27,6,2000.0,8.059198174174142
isophon,27,6,3000.0,1.6315636757662588
isophon,27,6,4000.0,7.701304634393736
isophon,27,6,6000.0,-3.960174513376103
isophon,27,6,8000.0,-18.797721046622428
isophon,27,7,250.0,6.729356606150901
isophon,27,7,500.0,1.2490899913117062
isophon,27,7,750.0,4.313218720211637
isophon,27,7,1000.0,2.183708801228832
isophon,27,7,1500.0,10.526487461968003
isophon,27,7,2000.0,5.936052216255874
isophon,27,7,3000.0,7.852692156178392
isophon,27,7,4000.0,15.148658371894868
isophon,27,7,6000.0,-1.5525416922298092
isophon,27,7,8000.0,-25.797434588883817
isophon,27,8,250.0,4.061266725116312
isophon,27,8,500.0,4.419947292803471
isophon,27,8,750.0,5.796366290626693
isophon,27,8,1000.0,4.091821183974602
isophon,27,8,1500.0,14.574619058148585
isophon,27,8,2000.0,7.039843404220676
isophon,27,8,3000.0,7.986054696040469
isophon,27,8,4000.0,12.558903845321495
isophon,27,8,6000.0,-1.3957844010980125
isophon,27,8,8000.0,-20.181341362921074
isophon,27,9,250.0,0.32762619018556904
isophon,27,9,500.0,3.9602880026117475
isophon,27,9,750.0,7.044317871064962
isophon,27,9,1000.0,3.936733242989021
isophon,27,9,1500.0,16.113602319329388
isophon,27,9,2000.0,7.91257822615556
isophon,27,9,3000.0,7.8826692095515085
isophon,27,9,4000.0,8.047682657016068
isophon,27,9,6000.0,-0.5194995895034253
isophon,27,9,8000.0,-13.46075908923244
isophon,27,10,250.0,1.3552955627441605
isophon,27,10,500.0,4.177990174753049
isophon,27,10,750.0,3.9571781601070626
isophon,27,10,1000.0,1.7701261357405969
isophon,27,10,1500.0,11.058382812438808
isophon,27,10,2000.0,5.802671954922175
isophon,27,10,3000.0,5.1792193183555355
isophon,27,10,4000.0,6.308553277144796
isophon,27,10,6000.0,2.351440344886541
isophon,27,10,8000.0,-6.408098921690353
isophon,28,1,250.0,-2.4223270919091817
isophon,28,1,500.0,27.623330365758708
isophon,28,1,750.0,9.894670294447193
isophon,28,1,1000.0,8.337959460553847
isophon,28,1,1500.0,17.656681517952663
isophon,28,1,2000.0,-2.6595234638327696
isophon,28,1,3000.0,-10.109516987447506
isophon,28,1,4000.0,-12.27085866371796
isophon,28,1,6000.0,-3.2009944398503762
isophon,28,1,8000.0,-11.46391916689042
isophon,28,2,250.0,-0.33230353537616253
isophon,28,2,500.0,10.102537287075279
isophon,28,2,750.0,9.259267528799406
isophon,28,2,1000.0,-4.786146449020862
isophon,28,2,1500.0,1.2433971937584332
isophon,28,2,2000.0,2.7707756434753463
isophon,28,2,3000.0,-4.582952482168551
isophon,28,2,4000.0,-0.7799953968961972
isophon,28,2,6000.0,0.3630988140040827
isophon,28,2,8000.0,-13.142379718481486
isophon,28,3,250.0,7.906260540970912
isophon,28,3,500.0,7.574448318561487
isophon,28,3,750.0,5.092759946901936
isophon,28,3,1000.0,-4.6150482304568
isophon,28,3,1500.0,-4.772669208896062
isophon,28,3,2000.0,-1.5431840910957888
isophon,28,3,3000.0,1.5330851613110994
isophon,28,3,4000.0,-5.499589359652333
isophon,28,3,6000.0,0.587189825171599
isophon,28,3,8000.0,-13.226038863609034
isophon,28,4,250.0,14.36647933710865
isophon,28,4,500.0,1.0209290911031061
isophon,28,4,750.0,-4.056863740722228
isophon,28,4,1000.0,-3.490577452301018
isophon,28,4,1500.0,-5.740582596482419
isophon,28,4,2000.0,-7.438828175288364
isophon,28,4,3000.0,3.512900287070991
isophon,28,4,4000.0,-2.597172885502445
isophon,28,4,6000.0,-1.5216710619184255
isophon,28,4,8000.0,-11.333210539300282
isophon,28,5,250.0,0.42760572299623334
isophon,28,5,500.0,11.504125452824411
isophon,28,5,750.0,4.32081307355287
isophon,28,5,1000.0,3.158921720269788
isophon,28,5,1500.0,-4.602071592079483
isophon,28,5,2000.0,-9.722678476954798
isophon,28,5,3000.0,-4.34990366046469
isophon,28,5,4000.0,-5.696558798152097
isophon,28,5,6000.0,-6.619054768657961
isophon,28,5,8000.0,-4.7962559136464336
isophon,28,6,250.0,9.774734737027671
isophon,28,6,500.0,2.5126801057956953
isophon,28,6,750.0,-0.2862616685843733
isophon,28,6,1000.0,-0.4475043195198367
isophon,28,6,1500.0,5.900485765465234
isophon,28,6,2000.0,-2.5588686414289157
isophon,28,6,3000.0,-0.9741511601212096
isophon,28,6,4000.0,-4.807345082889299
isophon,28,6,6000.0,2.9289534881980615
isophon,28,6,8000.0,-5.224989484058838
isophon,28,7,250.0,14.320008071874597
isophon,28,7,500.0,6.613722476907341
isophon,28,7,750.0,0.4836041750540119
isophon,28,7,1000.0,-0.698783251156911
isophon,28,7,1500.0,3.2793793104311533
isophon,28,7,2000.0,-1.8733611251932842
isophon,28,7,3000.0,4.605090961982739
isophon,28,7,4000.0,0.8883792231008272
isophon,28,7,6000.0,2.115475925522759
isophon,28,7,8000.0,-3.715519432028998
isophon,28,8,250.0,12.657214662175846
isophon,28,8,500.0,10.547877390431154
isophon,28,8,750.0,2.1924126681694673
isophon,28,8,1000.0,-1.0908377513452052
isophon,28,8,1500.0,4.44573600728134
isophon,28,8,2000.0,-1.6119612163550556
isophon,28,8,3000.0,3.0266807246105856
isophon,28,8,4000.0,1.3448396020595226
isophon,28,8,6000.0,2.3023168641802414
isophon,28,8,8000.0,-0.6537733339742999
isophon,28,9,250.0,11.133794934839628
isophon,28,9,500.0,10.847415973410762
isophon,28,9,750.0,2.8440142080594057
isophon,28,9,1000.0,1.8080434749097662
isophon,28,9,1500.0,1.9343379999484256
isophon,28,9,2000.0,-0.6078582043621452
isophon,28,9,3000.0,1.1544025637444406
isophon,28,9,4000.0,2.97574150516877
isophon,28,9,6000.0,3.9144210082803426
isophon,28,9,8000.0,0.9328385042499008
isophon,28,10,250.0,5.148836792322172
isophon,28,10,500.0,3.0948865629956117
isophon,28,10,750.0,2.7065206638145582
isophon,28,10,1000.0,-1.638015033671465
isophon,28,10,1500.0,-1.9359336853027287
isophon,28,10,2000.0,-0.024799917297656293
isophon,28,10,3000.0,1.6111461908088813
isophon,28,10,4000.0,4.520325005730598
isophon,28,10,6000.0,7.2345302170325425
isophon,28,10,8000.0,4.0737021224375525
isophon,29,1,250.0,-9.759707543654848
isophon,29,1,500.0,-18.744481531229212
isophon,29,1,750.0,-4.828064685146707
isophon,29,1,1000.0,-4.116721801757812
isophon,29,1,1500.0,-15.171157261133004
isophon,29,1,2000.0,-17.113952272389994
isophon,29,1,3000.0,-0.8422286055488062
isophon,29,1,4000.0,7.0837262344359715
isophon,29,1,6000.0,1.0553338019125738
isophon,29,1,8000.0,-28.50352536647722
isophon,29,2,250.0,-14.318843165460173
isophon,29,2,500.0,2.168219982243265
isophon,29,2,750.0,-1.0648846994729304
isophon,29,2,1000.0,-0.15780144968328358
isophon,29,2,1500.0,0.47440699804941033
isophon,29,2,2000.0,0.1614549078512546
isophon,29,2,3000.0,4.713346306695136
isophon,29,2,4000.0,5.6829170774164055
isophon,29,2,6000.0,-5.963723406898033
isophon,29,2,8000.0,-7.5177494534746785
isophon,29,3,250.0,-4.282258178698726
isophon,29,3,500.0,2.551558095176432
isophon,29,3,750.0,-0.5277497802389917
isophon,29,3,1000.0,3.0008766510702927
isophon,29,3,1500.0,8.836360147643624
isophon,29,3,2000.0,14.58909900395804
isophon,29,3,3000.0,3.075404295400176
isophon,29,3,4000.0,1.0056071762603906
isophon,29,3,6000.0,-1.4846343094896142
isophon,29,3,8000.0,-7.0860815265538974
isophon,29,4,250.0,-8.102281348302256
isophon,29,4,500.0,1.8599827954241732
isophon,29,4,750.0,-6.436586044705621
isophon,29,4,1000.0,6.9750986596067435
isophon,29,4,1500.0,4.406413413439125
isophon,29,4,2000.0,1.8598063342554525
isophon,29,4,3000.0,-5.9716141862976
isophon,29,4,4000.0,-4.584645000794666
isophon,29,4,6000.0,-7.769853604338778
isophon,29,4,8000.0,-15.791524997826713
isophon,29,5,250.0,1.159521885125514
isophon,29,5,500.0,-1.9644959357759433
isophon,29,5,750.0,2.0855103085122835
isophon,29,5,1000.0,4.239224405834193
isophon,29,5,1500.0,7.744581095890737
isophon,29,5,2000.0,5.426624199833469
isophon,29,5,3000.0,-8.50923414212778
isophon,29,5,4000.0,-4.244289108691589
isophon,29,5,6000.0,-4.327560845570872
isophon,29,5,8000.0,-8.980076972258871
isophon,29,6,250.0,-4.973487100641151
isophon,29,6,500.0,0.33692683675637625
isophon,29,6,750.0,-6.712094550630084
isophon,29,6,1000.0,1.6053246595475628
isophon,29,6,1500.0,1.4749584600401846
isophon,29,6,2000.0,-1.314285568038855
isophon,29,6,3000.0,-5.101483252041049
isophon,29,6,4000.0,2.387198604984178
isophon,29,6,6000.0,0.17698015669880363
isophon,29,6,8000.0,-8.144331416512784
isophon,29,7,250.0,-1.4742135009838364
isophon,29,7,500.0,5.4241688111089985
isophon,29,7,750.0,-0.13923183756136837
isophon,29,7,1000.0,7.179261832461506
isophon,29,7,1500.0,1.5979145604661227
isophon,29,7,2000.0,-4.219891762065842
isophon,29,7,3000.0,-1.328712342303362
isophon,29,7,4000.0,-1.4624350670559636
isophon,29,7,6000.0,0.15533123468372878
isophon,29,7,8000.0,-7.898815246955849
isophon,29,8,250.0,-2.1790779633851827
isophon,29,8,500.0,3.6570929697448094
isophon,29,8,750.0,0.27690843101470364
isophon,29,8,1000.0,7.862496184650354
isophon,29,8,1500.0,2.507473187611126
isophon,29,8,2000.0,-1.9983530036895303
isophon,29,8,3000.0,0.2273864439209632
isophon,29,8,4000.0,-0.5651032078414318
isophon,29,8,6000.0,3.856342178025173
isophon,29,8,8000.0,-3.9231864816225084
isophon,29,9,250.0,-2.009840623120027
isophon,29,9,500.0,3.0875965883773517
isophon,29,9,750.0,1.123743619198109
isophon,29,9,1000.0,7.346214992270262
isophon,29,9,1500.0,2.7808056668404078
isophon,29,9,2000.0,0.7805134752321408
isophon,29,9,3000.0,1.7905784914213427
isophon,29,9,4000.0,-2.8110439474647677
isophon,29,9,6000.0,5.536714073913728
isophon,29,9,8000.0,0.07723811560772731
isophon,29,10,250.0,0.23561100681392588
isophon,29,10,500.0,5.1044665265257265
isophon,29,10,750.0,0.5379820281577423
isophon,29,10,1000.0,4.087948255174169
isophon,29,10,1500.0,4.615497147880362
isophon,29,10,2000.0,4.093278739334636
isophon,29,10,3000.0,3.885374554531225
isophon,29,10,4000.0,-1.6401708395546137
isophon,29,10,6000.0,7.920095719955938
isophon,29,10,8000.0,3.0142109962068275
isophon,30,1,250.0,-12.140365722642557
isophon,30,1,500.0,13.217146023004311
isophon,30,1,750.0,0.994902170616129
isophon,30,1,1000.0,3.9678463528189063
isophon,30,1,1500.0,5.150411830122737
isophon,30,1,2000.0,3.4439434676200733
isophon,30,1,3000.0,-0.24570673281776045
isophon,30,1,4000.0,-3.2970530192596534
isophon,30,1,6000.0,-5.761871628224782
isophon,30,1,8000.0,1.4403026897001219
isophon,30,2,250.0,-5.395420803380503
isophon,30,2,500.0,5.272385640059454
isophon,30,2,750.0,3.6966267265842205
isophon,30,2,1000.0,3.056231703569079
isophon,30,2,1500.0,4.899125271543397
isophon,30,2,2000.0,0.9789386152299961
isophon,30,2,3000.0,2.289172833388662
isophon,30,2,4000.0,-2.8613950280471983
isophon,30,2,6000.0,-5.657275144454758
isophon,30,2,8000.0,3.445585139235856
isophon,30,3,250.0,-0.28047043580151865
isophon,30,3,500.0,1.0426341623616935
isophon,30,3,750.0,1.5362353268776658
isophon,30,3,1000.0,2.14187590900265
isophon,30,3,1500.0,3.6482565827303617
isophon,30,3,2000.0,7.100602973615558
isophon,30,3,3000.0,-5.895294297100818
isophon,30,3,4000.0,1.2914641012891295
isophon,30,3,6000.0,-2.0171384889634254
isophon,30,3,8000.0,-1.1996856688991357
isophon,30,4,250.0,-7.067351684279828
isophon,30,4,500.0,-5.023883647056181
isophon,30,4,750.0,2.706698617390842
isophon,30,4,1000.0,0.4883460800888031
isophon,30,4,1500.0,0.5375396474552616
isophon,30,4,2000.0,5.112708837856786
isophon,30,4,3000.0,-10.229879522582422
isophon,30,4,4000.0,-1.638131643278541
isophon,30,4,6000.0,1.0796499822941001
isophon,30,4,8000.0,0.9528088154435821
isophon,30,5,250.0,-13.797052801680735
isophon,30,5,500.0,-1.923274226280185
isophon,30,5,750.0,3.5909932427477713
isophon,30,5,1000.0,5.560470169180974
isophon,30,5,1500.0,-3.760822855445838
isophon,30,5,2000.0,-1.980732591123541
isophon,30,5,3000.0,-7.317893295158626
isophon,30,5,4000.0,-6.366123566437636
isophon,30,5,6000.0,1.8936127122290998
isophon,30,5,8000.0,1.1364487205790539
isophon,30,6,250.0,-6.63927104279648
isophon,30,6,500.0,0.24299026540191448
isophon,30,6,750.0,3.2169113891253716
isophon,30,6,1000.0,7.402815207482931
isophon,30,6,1500.0,-1.9323370064059304
isophon,30,6,2000.0,0.17774119423029333
isophon,30,6,3000.0,-1.7980241262256271
isophon,30,6,4000.0,-3.229505416282322
isophon,30,6,6000.0,3.771628965627613
isophon,30,6,8000.0,1.7397694935240509
isophon,30,7,250.0,-8.05825016389015
isophon,30,7,500.0,3.024169983471708
isophon,30,7,750.0,4.63937662640879
isophon,30,7,1000.0,5.78744096727911
isophon,30,7,1500.0,1.092478316633077
isophon,30,7,2000.0,-0.5790704909105671
isophon,30,7,3000.0,0.24590983124718946
isophon,30,7,4000.0,0.4228241425438739
isophon,30,7,6000.0,5.25813822352616
isophon,30,7,8000.0,0.3242029610147199
isophon,30,8,250.0,-8.193111124010656
isophon,30,8,500.0,0.6946682392541135
isophon,30,8,750.0,2.6618942234528618
isophon,30,8,1000.0,4.255234865152687
isophon,30,8,1500.0,1.958162315766998
isophon,30,8,2000.0,3.311233022918856
isophon,30,8,3000.0,3.017865848295827
isophon,30,8,4000.0,-0.3381346005874093
isophon,30,8,6000.0,8.332742309983985
isophon,30,8,8000.0,3.8563521261334017
isophon,30,9,250.0,-6.3792475199688425
isophon,30,9,500.0,-1.2993885633567146
isophon,30,9,750.0,0.13727388338878654
isophon,30,9,1000.0,5.529974849455428
isophon,30,9,1500.0,3.884504735922121
isophon,30,9,2000.0,5.7187326703623995
isophon,30,9,3000.0,5.659178444750907
isophon,30,9,4000.0,-3.3790739976021484
isophon,30,9,6000.0,10.775209941450214
isophon,30,9,8000.0,6.593219368149775
isophon,30,10,250.0,-3.123484978141292
isophon,30,10,500.0,-3.6553250944976696
isophon,30,10,750.0,-4.228364824225821
isophon,30,10,1000.0,4.045866720868432
isophon,30,10,1500.0,3.976015284835526
isophon,30,10,2000.0,8.254410501487996
isophon,30,10,3000.0,8.405875536002881
isophon,30,10,4000.0,-4.717225906804245
isophon,30,10,6000.0,8.856503639761542
isophon,30,10,8000.0,7.277916388104799
isophon,31,1,250.0,21.544331648318146
isophon,31,1,500.0,36.83734304421894
isophon,31,1,750.0,17.183228481100784
isophon,31,1,1000.0,13.551329224045674
isophon,31,1,1500.0,4.2777785737678755
isophon,31,1,2000.0,2.927404675859833
isophon,31,1,3000.0,1.3431547594124673
isophon,31,1,4000.0,-9.753374839881339
isophon,31,1,6000.0,8.262609979168552
isophon,31,1,8000.0,-20.718387471520337
isophon,31,2,250.0,4.17321208094809
isophon,31,2,500.0,16.21148769437542
isophon,31,2,750.0,9.531511550367153
isophon,31,2,1000.0,5.453012686354192
isophon,31,2,1500.0,-3.5100175061953394
isophon,31,2,2000.0,-6.372356498809509
isophon,31,2,3000.0,-17.7346346940449
isophon,31,2,4000.0,-17.513682987901895
isophon,31,2,6000.0,-7.763481648707177
isophon,31,2,8000.0,-29.3222488625306
isophon,31,3,250.0,-4.5622744489157725
isophon,31,3,500.0,-3.761318226568477
isophon,31,3,750.0,-0.7815728341197214
isophon,31,3,1000.0,4.289012795457538
isophon,31,3,1500.0,2.704209752556153
isophon,31,3,2000.0,-8.1687591678891
isophon,31,3,3000.0,-21.424932465462796
isophon,31,3,4000.0,-22.616981022756363
isophon,31,3,6000.0,-11.890769389388502
isophon,31,3,8000.0,-38.2149460317635
isophon,31,4,250.0,-6.260588840142944
isophon,31,4,500.0,-4.203549212572568
isophon,31,4,750.0,-2.1603094784545505
isophon,31,4,1000.0,1.888123613824824
isophon,31,4,1500.0,-0.9370609149336673
isophon,31,4,2000.0,-14.588650551401912
isophon,31,4,3000.0,-13.088094851005508
isophon,31,4,4000.0,-16.60299464031624
isophon,31,4,6000.0,-15.039291785178797
isophon,31,4,8000.0,-38.95421228815968
isophon,31,5,250.0,9.890040931365093
isophon,31,5,500.0,-6.749706930103443
isophon,31,5,750.0,0.7750907305232744
isophon,31,5,1000.0,-3.43129889712381
isophon,31,5,1500.0,-3.7065011734692845
isophon,31,5,2000.0,-12.720316873248521
isophon,31,5,3000.0,-7.086155796571177
isophon,31,5,4000.0,-5.478081607815071
isophon,31,5,6000.0,-10.074234573527832
isophon,31,5,8000.0,-24.18946444561155
isophon,31,6,250.0,13.027149766934428
isophon,31,6,500.0,4.576489192822692
isophon,31,6,750.0,7.982628645902608
isophon,31,6,1000.0,3.895852970393179
isophon,31,6,1500.0,11.244912790956732
isophon,31,6,2000.0,0.921487423143958
isophon,31,6,3000.0,1.9857074922432645
isophon,31,6,4000.0,10.308227139985746
isophon,31,6,6000.0,0.9205246769785873
isophon,31,6,8000.0,-12.049749671013785
isophon,31,7,250.0,16.48936320580674
isophon,31,7,500.0,11.93389997022453
isophon,31,7,750.0,12.785860234904405
isophon,31,7,1000.0,5.1217694053615475
isophon,31,7,1500.0,14.11373913765452
isophon,31,7,2000.0,8.424948695909848
isophon,31,7,3000.0,9.614408516088801
isophon,31,7,4000.0,18.816700815557468
isophon,31,7,6000.0,7.248517952088008
isophon,31,7,8000.0,-11.347856879744342
isophon,31,8,250.0,15.441097581241436
isophon,31,8,500.0,10.789172010799675
isophon,31,8,750.0,15.830777451973077
isophon,31,8,1000.0,8.227809165910884
isophon,31,8,1500.0,17.79515814528098
isophon,31,8,2000.0,14.065161038945988
isophon,31,8,3000.0,11.61513873566355
isophon,31,8,4000.0,22.66448217288493
isophon,31,8,6000.0,6.7912772872190885
isophon,31,8,8000.0,-7.268303368812411
isophon,31,9,250.0,14.80022570640152
isophon,31,9,500.0,12.953507814415886
isophon,31,9,750.0,14.99063459897772
isophon,31,9,1000.0,10.305475123321159
isophon,31,9,1500.0,21.687263774311546
isophon,31,9,2000.0,16.8733486439169
isophon,31,9,3000.0,16.264723477973362
isophon,31,9,4000.0,22.222945317935384
isophon,31,9,6000.0,8.450415567251184
isophon,31,9,8000.0,-3.707802572619613
isophon,31,10,250.0,11.53519101563819
isophon,31,10,500.0,13.772629878304727
isophon,31,10,750.0,18.07842473079579
isophon,31,10,1000.0,10.384111093657822
isophon,31,10,1500.0,18.301201240801504
isophon,31,10,2000.0,13.170673254872725
isophon,31,10,3000.0,7.513237983435559
isophon,31,10,4000.0,9.29761801249947
isophon,31,10,6000.0,3.864674080221036
isophon,31,10,8000.0,-8.502831504978403
isophon,32,1,250.0,-28.988412385757798
isophon,32,1,500.0,1.542700697387346
isophon,32,1,750.0,3.7800382843489526
isophon,32,1,1000.0,-6.483555849379783
isophon,32,1,1500.0,1.4984004339139716
isophon,32,1,2000.0,6.587656019405232
isophon,32,1,3000.0,11.391863583617695
isophon,32,1,4000.0,8.774562871594789
isophon,32,1,6000.0,12.209825840524239
isophon,32,1,8000.0,27.92674740277961
isophon,32,2,250.0,-5.1427853125561285
isophon,32,2,500.0,0.24578203440384527
isophon,32,2,750.0,2.8358211316254724
isophon,32,2,1000.0,-1.065157938945248
isophon,32,2,1500.0,-1.6363139789505254
isophon,32,2,2000.0,-6.35349125533746
isophon,32,2,3000.0,2.817049168639663
isophon,32,2,4000.0,0.06657990554587201
isophon,32,2,6000.0,9.405655418539396
isophon,32,2,8000.0,13.412647348870138
isophon,32,3,250.0,-7.975635292088256
isophon,32,3,500.0,1.2803235721158757
isophon,32,3,750.0,-0.09140280801477729
isophon,32,3,1000.0,2.567994052397509
isophon,32,3,1500.0,-0.22762021431587698
isophon,32,3,2000.0,1.6042117773205575
isophon,32,3,3000.0,6.985579689633241
isophon,32,3,4000.0,-2.9641625793758237
isophon,32,3,6000.0,-1.1285982269713628
isophon,32,3,8000.0,2.592430559559176
isophon,32,4,250.0,0.023613852248445255
isophon,32,4,500.0,4.931605933804661
isophon,32,4,750.0,-0.13441416352297608
isophon,32,4,1000.0,-0.924417149730516
isophon,32,4,1500.0,6.979636479966658
isophon,32,4,2000.0,3.1893251979967516
isophon,32,4,3000.0,7.744612045183786
isophon,32,4,4000.0,-6.3314576608004955
isophon,32,4,6000.0,-7.361431855128728
isophon,32,4,8000.0,-0.25325284851123797
isophon,32,5,250.0,2.7299502151492874
isophon,32,5,500.0,-0.8599802510272525
isophon,32,5,750.0,-6.086911349176873
isophon,32,5,1000.0,-6.193938219896637
isophon,32,5,1500.0,1.1995136896014458
isophon,32,5,2000.0,-2.067927192836862
isophon,32,5,3000.0,5.755680429978881
isophon,32,5,4000.0,-4.927480473116702
isophon,32,5,6000.0,-4.442084626124824
isophon,32,5,8000.0,4.503701188587641
isophon,32,6,250.0,4.512666835960232
isophon,32,6,500.0,1.7909057372639126
isophon,32,6,750.0,-1.3380091996678942
isophon,32,6,1000.0,-1.2921437007883725
isophon,32,6,1500.0,0.7650778141472188
isophon,32,6,2000.0,-3.883220140820953
isophon,32,6,3000.0,-0.2780725308612091
isophon,32,6,4000.0,-0.9423408960210224
isophon,32,6,6000.0,-1.3029637597121564
isophon,32,6,8000.0,6.900404335111659
isophon,32,7,250.0,-3.3367157049708567
isophon,32,7,500.0,3.2825990363723463
isophon,32,7,750.0,1.018671514485888
isophon,32,7,1000.0,1.9290255632311357
isophon,32,7,1500.0,1.7720224601913515
isophon,32,7,2000.0,-1.8683875735212752
isophon,32,7,3000.0,0.5698368624493355
isophon,32,7,4000.0,0.012878483405742713
isophon,32,7,6000.0,-1.742109222412111
isophon,32,7,8000.0,6.674941707474275
isophon,32,8,250.0,-1.5642689768290836
isophon,32,8,500.0,-0.5111153986039625
isophon,32,8,750.0,2.3428772715578816
isophon,32,8,1000.0,4.206735604590094
isophon,32,8,1500.0,3.239691553309612
isophon,32,8,2000.0,-1.5220975962674146
isophon,32,8,3000.0,0.45652166305183073
isophon,32,8,4000.0,0.7903583854972425
isophon,32,8,6000.0,-0.9975666809082071
isophon,32,8,8000.0,6.327090668082363
isophon,32,9,250.0,-1.1818949567499004
isophon,32,9,500.0,-3.650701170261243
isophon,32,9,750.0,3.286549592552973
isophon,32,9,1000.0,4.891882552577684
isophon,32,9,1500.0,3.7709102460409696
isophon,32,9,2000.0,-0.7641179517155194
isophon,32,9,3000.0,0.31757114321608526
isophon,32,9,4000.0,1.2306286580061112
isophon,32,9,6000.0,0.19414230346679062
isophon,32,9,8000.0,4.98673066490106
isophon,32,10,250.0,-2.3098979121707828
isophon,32,10,500.0,-2.846221907266596
isophon,32,10,750.0,3.2035382325711765
isophon,32,10,1000.0,5.913842711245053
isophon,32,10,1500.0,3.5559817517600436
isophon,32,10,2000.0,0.20351655055735307
isophon,32,10,3000.0,0.4608275654899501
isophon,32,10,4000.0,1.0306384519401206
isophon,32,10,6000.0,0.1753486633300838
isophon,32,10,8000.0,4.5193152596136485
isophon,33,1,250.0,-18.071340961718022
isophon,33,1,500.0,1.8748378057889656
isophon,33,1,750.0,-0.24933516855547477
isophon,33,1,1000.0,-19.761469014289354
isophon,33,1,1500.0,-10.410359179312133
isophon,33,1,2000.0,-11.78126249274776
isophon,33,1,3000.0,-26.40742596813552
isophon,33,1,4000.0,-10.825128458778078
isophon,33,1,6000.0,-28.785308611039994
isophon,33,1,8000.0,-5.910136778443409
isophon,33,2,250.0,4.900569745091126
isophon,33,2,500.0,8.081840790840985
isophon,33,2,750.0,6.631313983714762
isophon,33,2,1000.0,9.201205159520441
isophon,33,2,1500.0,-5.088275104845717
isophon,33,2,2000.0,-10.032003844601444
isophon,33,2,3000.0,-1.9330978654231714
isophon,33,2,4000.0,0.36730267835412533
isophon,33,2,6000.0,2.5398436596645446
isophon,33,2,8000.0,4.375654468573423
isophon,33,3,250.0,1.3054349653253894
isophon,33,3,500.0,3.3892508427475008
isophon,33,3,750.0,5.78819727036516
isophon,33,3,1000.0,1.2119485666501788
isophon,33,3,1500.0,-9.147142096296172
isophon,33,3,2000.0,2.215525487005607
isophon,33,3,3000.0,-4.434065356651018
isophon,33,3,4000.0,1.1179714228594193
isophon,33,3,6000.0,-0.6992659033249851
isophon,33,3,8000.0,5.173652529584423
isophon,33,4,250.0,-6.490819827138836
isophon,33,4,500.0,-3.2712689895164715
isophon,33,4,750.0,0.5175470429031748
isophon,33,4,1000.0,-1.98585600310453
isophon,33,4,1500.0,0.6164790600469985
isophon,33,4,2000.0,-2.0847087566510822
isophon,33,4,3000.0,-1.5996091093204612
isophon,33,4,4000.0,-3.0766118259092394
isophon,33,4,6000.0,8.586823718243963
isophon,33,4,8000.0,6.249812960564114
isophon,33,5,250.0,-8.847489859651546
isophon,33,5,500.0,-0.2844452645870774
isophon,33,5,750.0,8.948075961290442
isophon,33,5,1000.0,3.5266368932244347
isophon,33,5,1500.0,9.311352052913747
isophon,33,5,2000.0,1.5107044528293443
isophon,33,5,3000.0,1.9219127692181388
isophon,33,5,4000.0,0.7789742747145993
isophon,33,5,6000.0,5.599220558048046
isophon,33,5,8000.0,4.9469996155024205
isophon,33,6,250.0,-10.249860230951413
isophon,33,6,500.0,-1.7152219063105463
isophon,33,6,750.0,2.594676925609548
isophon,33,6,1000.0,1.3964275060295108
isophon,33,6,1500.0,4.839269019450654
isophon,33,6,2000.0,0.8917089343948845
isophon,33,6,3000.0,4.759453905983975
isophon,33,6,4000.0,0.868582148586583
isophon,33,6,6000.0,4.015449678136008
isophon,33,6,8000.0,4.534351471980784
isophon,33,7,250.0,-8.371774336083362
isophon,33,7,500.0,-0.1097784859003923
isophon,33,7,750.0,4.6546215414765015
isophon,33,7,1000.0,1.9569035289041352
isophon,33,7,1500.0,1.0935392599907345
isophon,33,7,2000.0,-1.4767033960863358
isophon,33,7,3000.0,6.558137912929141
isophon,33,7,4000.0,2.43275454218859
isophon,33,7,6000.0,5.090070551489447
isophon,33,7,8000.0,6.131824203207998
isophon,33,8,250.0,-7.60112601925394
isophon,33,8,500.0,1.053987841003888
isophon,33,8,750.0,3.672301015971513
isophon,33,8,1000.0,1.3760837482144694
isophon,33,8,1500.0,2.096171495912799
isophon,33,8,2000.0,-2.7941357097627417
isophon,33,8,3000.0,9.267825297603565
isophon,33,8,4000.0,5.988166017022024
isophon,33,8,6000.0,4.683702678550091
isophon,33,8,8000.0,5.043982719580114
isophon,33,9,250.0,-7.938613926137833
isophon,33,9,500.0,2.0501935905156046
isophon,33,9,750.0,5.650592618981335
isophon,33,9,1000.0,-0.41378795897455234
isophon,33,9,1500.0,3.7213632221465502
isophon,33,9,2000.0,-2.064835113962104
isophon,33,9,3000.0,13.69430230718747
isophon,33,9,4000.0,9.406320446266875
isophon,33,9,6000.0,5.412593311010596
isophon,33,9,8000.0,2.9065166502389275
isophon,33,10,250.0,-3.1149824351749373
isophon,33,10,500.0,-5.799159766334171
isophon,33,10,750.0,-2.3304470669667836
isophon,33,10,1000.0,-4.420520774871164
isophon,33,10,1500.0,3.5470766235065554
isophon,33,10,2000.0,0.14137839363890237
isophon,33,10,3000.0,13.746683775226472
isophon,33,10,4000.0,9.347637060345022
isophon,33,10,6000.0,6.527898482211285
isophon,33,10,8000.0,5.473181165284345
isophon,34,1,250.0,2.522817019112818
isophon,34,1,500.0,-2.8331090414411673
isophon,34,1,750.0,8.181676604747949
isophon,34,1,1000.0,12.53840667724609
isophon,34,1,1500.0,3.8533439380581473
isophon,34,1,2000.0,-14.475926539192109
isophon,34,1,3000.0,-15.032663515772782
isophon,34,1,4000.0,7.073239583696214
isophon,34,1,6000.0,5.388378238705208
isophon,34,1,8000.0,21.43813542544069
isophon,34,2,250.0,-3.199955389750073
isophon,34,2,500.0,9.411820233712568
isophon,34,2,750.0,13.95719983338359
isophon,34,2,1000.0,2.098924571932983
isophon,34,2,1500.0,-3.6262963297414714
isophon,34,2,2000.0,1.2534523176418872
isophon,34,2,3000.0,-9.212218752808255
isophon,34,2,4000.0,8.367650204784645
isophon,34,2,6000.0,2.856474115091224
isophon,34,2,8000.0,26.681770636957282
isophon,34,3,250.0,-0.7989947476708608
isophon,34,3,500.0,9.100467262991494
isophon,34,3,750.0,15.154910257261307
isophon,34,3,1000.0,-0.19005701283992238
isophon,34,3,1500.0,1.5978893481991108
isophon,34,3,2000.0,-1.6255653831034707
isophon,34,3,3000.0,-7.0661430143601365
isophon,34,3,4000.0,4.089414724786465
isophon,34,3,6000.0,1.1622750574558154
isophon,34,3,8000.0,7.342260628670289
isophon,34,4,250.0,-4.461559138842645
isophon,34,4,500.0,9.876068918947567
isophon,34,4,750.0,14.695724298615431
isophon,34,4,1000.0,-4.617742013200427
isophon,34,4,1500.0,1.2462178900055676
isophon,34,4,2000.0,-3.2932683144223205
isophon,34,4,3000.0,-15.770874629042467
isophon,34,4,4000.0,-6.862603937402795
isophon,34,4,6000.0,-6.946907960890769
isophon,34,4,8000.0,13.981324555028564
isophon,34,5,250.0,-1.509162253075715
isophon,34,5,500.0,5.0904846693520085
isophon,34,5,750.0,11.394161797451588
isophon,34,5,1000.0,-6.400141448258907
isophon,34,5,1500.0,3.032408332752766
isophon,34,5,2000.0,1.319532792798384
isophon,34,5,3000.0,-7.743389417289393
isophon,34,5,4000.0,0.2159549032442527
isophon,34,5,6000.0,-4.515525912858138
isophon,34,5,8000.0,14.455217780308999
isophon,34,6,250.0,-1.6916276248080209
isophon,34,6,500.0,1.2632677339234561
isophon,34,6,750.0,8.659311991194585
isophon,34,6,1000.0,-1.812780194653584
isophon,34,6,1500.0,7.489190251954739
isophon,34,6,2000.0,6.699612890470732
isophon,34,6,3000.0,-2.007319095415852
isophon,34,6,4000.0,2.9118526799039017
isophon,34,6,6000.0,-0.6611856332301329
isophon,34,6,8000.0,11.765892441415673
isophon,34,7,250.0,-3.1445977806682777
isophon,34,7,500.0,0.10717760450884839
isophon,34,7,750.0,2.2555478551786905
isophon,34,7,1000.0,-3.5472281395223746
isophon,34,7,1500.0,4.4746579381803855
isophon,34,7,2000.0,3.2030875917088366
isophon,34,7,3000.0,-5.837129207802107
isophon,34,7,4000.0,-1.7404419129729547
isophon,34,7,6000.0,-4.147912363758294
isophon,34,7,8000.0,4.7313655098789695
isophon,34,8,250.0,-1.3188036204838767
isophon,34,8,500.0,-3.0969635518573
isophon,34,8,750.0,4.530000482773417
isophon,34,8,1000.0,-6.492928009033008
isophon,34,8,1500.0,-0.5359274686526874
isophon,34,8,2000.0,2.9489297713739404
isophon,34,8,3000.0,-2.9878778189627724
isophon,34,8,4000.0,-0.1826099969566286
isophon,34,8,6000.0,-2.566986716960244
isophon,34,8,8000.0,6.055593900061169
isophon,34,9,250.0,-0.7817012680106643
isophon,34,9,500.0,-5.4226991400074525
isophon,34,9,750.0,-0.5173123637481893
isophon,34,9,1000.0,-4.607363739013465
isophon,34,9,1500.0,-4.53131964006397
isophon,34,9,2000.0,3.354923419543141
isophon,34,9,3000.0,-3.3399088202076825
isophon,34,9,4000.0,-1.5440370863094017
isophon,34,9,6000.0,-0.692938008368742
isophon,34,9,8000.0,6.6656823970628665
isophon,34,10,250.0,1.0328060173105342
isophon,34,10,500.0,-3.3023879618179564
isophon,34,10,750.0,0.29248046753525614
isophon,34,10,1000.0,-2.6558242797849516
isophon,34,10,1500.0,-6.050698852539057
isophon,34,10,2000.0,5.534757191490343
isophon,34,10,3000.0,-0.5202615860889637
isophon,34,10,4000.0,-4.067491149902338
isophon,34,10,6000.0,-1.2978508785021177
isophon,34,10,8000.0,4.8296518229976755
isophon,35,1,250.0,14.772413220938162
isophon,35,1,500.0,11.059648073034905
isophon,35,1,750.0,-4.860134694854718
isophon,35,1,1000.0,-7.653494047204447
isophon,35,1,1500.0,1.4023107415747287
isophon,35,1,2000.0,1.3077546126763373
isophon,35,1,3000.0,-0.9953845507419494
isophon,35,1,4000.0,-4.35396893833345
isophon,35,1,6000.0,-14.577249536660947
isophon,35,1,8000.0,9.648461187336757
isophon,35,2,250.0,-3.5920695768034463
isophon,35,2,500.0,2.5482371516118434
isophon,35,2,750.0,-4.398855053123427
isophon,35,2,1000.0,1.487864921773344
isophon,35,2,1500.0,-9.828648488553576
isophon,35,2,2000.0,10.197676141448564
isophon,35,2,3000.0,-4.363832532165446
isophon,35,2,4000.0,7.819001823994782
isophon,35,2,6000.0,-11.1716567799958
isophon,35,2,8000.0,-8.718004190260537
isophon,35,3,250.0,-1.4192086416658114
isophon,35,3,500.0,0.5115324895792881
isophon,35,3,750.0,-5.127419918617875
isophon,35,3,1000.0,6.329396865958799
isophon,35,3,1500.0,-9.035995559060005
isophon,35,3,2000.0,5.95414171615289
isophon,35,3,3000.0,3.426897380202874
isophon,35,3,4000.0,8.76403373580623
isophon,35,3,6000.0,-4.65791381879346
isophon,35,3,8000.0,-13.253409887344503
isophon,35,4,250.0,0.4399481084109027
isophon,35,4,500.0,0.20815717479541718
isophon,35,4,750.0,-7.478508353685257
isophon,35,4,1000.0,11.665573296470562
isophon,35,4,1500.0,-5.006489048690042
isophon,35,4,2000.0,0.4457062782453107
isophon,35,4,3000.0,2.568848938792712
isophon,35,4,4000.0,1.704721593408408
isophon,35,4,6000.0,-6.550149706530831
isophon,35,4,8000.0,-9.16336781674255
isophon,35,5,250.0,-2.124230062923033
isophon,35,5,500.0,-8.401816142946345
isophon,35,5,750.0,-2.636085497719378
isophon,35,5,1000.0,7.674410982386007
isophon,35,5,1500.0,-2.673543946879505
isophon,35,5,2000.0,4.633882292242674
isophon,35,5,3000.0,-0.7478823169861357
isophon,35,5,4000.0,6.228115104628046
isophon,35,5,6000.0,0.7817318913088656
isophon,35,5,8000.0,-0.2655942231199049
isophon,35,6,250.0,1.64471467616751
isophon,35,6,500.0,-5.445161377572859
isophon,35,6,750.0,-3.822798567187604
isophon,35,6,1000.0,3.966647360612285
isophon,35,6,1500.0,-9.782666010141185
isophon,35,6,2000.0,-7.3707194521854404
isophon,35,6,3000.0,-1.4443146676044591
isophon,35,6,4000.0,1.1494651819647572
isophon,35,6,6000.0,-5.750304246235046
isophon,35,6,8000.0,-5.740310649721536
isophon,35,7,250.0,-1.2933711047329268
isophon,35,7,500.0,-2.0859667810833287
isophon,35,7,750.0,0.8631685836490419
isophon,35,7,1000.0,8.273525843017552
isophon,35,7,1500.0,-6.770544046908768
isophon,35,7,2000.0,-3.7777539252914636
isophon,35,7,3000.0,2.3450233270654195
isophon,35,7,4000.0,3.1243453425614547
isophon,35,7,6000.0,-3.489468104593314
isophon,35,7,8000.0,-5.321543650640635
isophon,35,8,250.0,-0.18535488434913816
isophon,35,8,500.0,-7.79372314277812
isophon,35,8,750.0,-0.8356822980404388
isophon,35,8,1000.0,8.802064792997498
isophon,35,8,1500.0,-5.41790958814012
isophon,35,8,2000.0,-2.5055783301194623
isophon,35,8,3000.0,1.647980884812796
isophon,35,8,4000.0,-0.2652965380228949
isophon,35,8,6000.0,-4.236626385897125
isophon,35,8,8000.0,-8.637423720530904
isophon,35,9,250.0,1.2556239682277521
isophon,35,9,500.0,-6.055869017490949
isophon,35,9,750.0,-4.219583215127074
isophon,35,9,1000.0,9.298976334949359
isophon,35,9,1500.0,-2.5196086604068455
isophon,35,9,2000.0,-2.0911568898736306
isophon,35,9,3000.0,5.133678838236037
isophon,35,9,4000.0,-2.3734499754940543
isophon,35,9,6000.0,-6.034413587854743
isophon,35,9,8000.0,-11.158281325459896
isophon,35,10,250.0,-2.928192483310056
isophon,35,10,500.0,-5.66840913593164
isophon,35,10,750.0,-3.698811451716537
isophon,35,10,1000.0,1.8456057232682923
isophon,35,10,1500.0,-2.213361542802261
isophon,35,10,2000.0,-3.417574004176018
isophon,35,10,3000.0,6.8398105121068795
isophon,35,10,4000.0,-4.476856174932436
isophon,35,10,6000.0,-3.8814187686075883
isophon,35,10,8000.0,-7.845733011479979
isophon,36,1,250.0,0.026000003624616852
isophon,36,1,500.0,-3.843559666258038
isophon,36,1,750.0,-0.8572511415595923
isophon,36,1,1000.0,-6.843875002503877
isophon,36,1,1500.0,1.2461430434401066
isophon,36,1,2000.0,21.00948332683352
isophon,36,1,3000.0,27.973671264648438
isophon,36,1,4000.0,20.725625029425427
isophon,36,1,6000.0,-1.2268668389108583
isophon,36,1,8000.0,-3.7202219952711886
isophon,36,2,250.0,6.2869121621744455
isophon,36,2,500.0,-10.426534637141721
isophon,36,2,750.0,-11.534033558817924
isophon,36,2,1000.0,4.170990899239786
isophon,36,2,1500.0,4.392188880337741
isophon,36,2,2000.0,-2.556767392368254
isophon,36,2,3000.0,3.9958873321614234
isophon,36,2,4000.0,-5.116901364985125
isophon,36,2,6000.0,-5.658409591299112
isophon,36,2,8000.0,-9.702514983670667
isophon,36,3,250.0,9.936561079231467
isophon,36,3,500.0,-5.009086319937467
isophon,36,3,750.0,-3.741590487411706
isophon,36,3,1000.0,5.9322674095349335
isophon,36,3,1500.0,-9.270411650552376
isophon,36,3,2000.0,-6.806531239145357
isophon,36,3,3000.0,2.0125867879363426
isophon,36,3,4000.0,0.6810654976985617
isophon,36,3,6000.0,-4.507258527553731
isophon,36,3,8000.0,-7.320022931395371
isophon,36,4,250.0,20.69853536889064
isophon,36,4,500.0,3.970623821181924
isophon,36,4,750.0,3.033525740327846
isophon,36,4,1000.0,3.1569010803301296
isophon,36,4,1500.0,-11.33255313265441
isophon,36,4,2000.0,-2.99009704635656
isophon,36,4,3000.0,2.2284946255588594
isophon,36,4,4000.0,5.515810076998683
isophon,36,4,6000.0,2.2772279764394483
isophon,36,4,8000.0,-2.627639183443584
isophon,36,5,250.0,16.549053060403224
isophon,36,5,500.0,-6.1664458159634705
isophon,36,5,750.0,-5.21405691296394
isophon,36,5,1000.0,1.0386970282571042
isophon,36,5,1500.0,-7.218559403983718
isophon,36,5,2000.0,6.158543145362273
isophon,36,5,3000.0,5.974426719608587
isophon,36,5,4000.0,6.107314861228424
isophon,36,5,6000.0,0.9588782690954503
isophon,36,5,8000.0,-10.713685081661296
isophon,36,6,250.0,9.902358162798294
isophon,36,6,500.0,-6.8209247256926915
isophon,36,6,750.0,-3.747440614638336
isophon,36,6,1000.0,-0.7886768125591033
isophon,36,6,1500.0,-4.511597850291565
isophon,36,6,2000.0,-3.736883001984694
isophon,36,6,3000.0,-2.9735204156680766
isophon,36,6,4000.0,5.477571019622715
isophon,36,6,6000.0,-0.5687841252826331
isophon,36,6,8000.0,-5.163239362799345
isophon,36,7,250.0,-3.1792604004247806
isophon,36,7,500.0,-7.883347416995761
isophon,36,7,750.0,-5.985614994371801
isophon,36,7,1000.0,-0.09412395676142182
isophon,36,7,1500.0,-3.4841207307154036
isophon,36,7,2000.0,-1.0749579242115175
isophon,36,7,3000.0,-0.11866291783476868
isophon,36,7,4000.0,8.027123975511799
isophon,36,7,6000.0,1.4127509712018878
isophon,36,7,8000.0,-6.090814315189164
isophon,36,8,250.0,-1.1611076771090865
isophon,36,8,500.0,-9.275943566171449
isophon,36,8,750.0,-2.5883574611878117
isophon,36,8,1000.0,5.166699912913913
isophon,36,8,1500.0,-1.7723196821820864
isophon,36,8,2000.0,1.295339273962199
isophon,36,8,3000.0,-5.31232597001619
isophon,36,8,4000.0,5.44659661883415
isophon,36,8,6000.0,1.3221811883378365
isophon,36,8,8000.0,-2.3251076414066603
isophon,36,9,250.0,0.6072651293377618
isophon,36,9,500.0,-11.590065884910516
isophon,36,9,750.0,-0.6455290525151725
isophon,36,9,1000.0,6.664608392930148
isophon,36,9,1500.0,-1.4310040348360928
isophon,36,9,2000.0,0.8053079942915815
isophon,36,9,3000.0,-9.745142974853295
isophon,36,9,4000.0,7.074015860612903
isophon,36,9,6000.0,-0.6477145581239654
isophon,36,9,8000.0,-3.164454596186687
isophon,36,10,250.0,3.464896560019511
isophon,36,10,500.0,-6.62139817680206
isophon,36,10,750.0,2.643702624185991
isophon,36,10,1000.0,11.81922807665822
isophon,36,10,1500.0,3.9662406704319437
isophon,36,10,2000.0,-1.165402922506729
isophon,36,10,3000.0,-7.4630943298337655
isophon,36,10,4000.0,10.421593103903461
isophon,36,10,6000.0,-1.7643288232250427
isophon,36,10,8000.0,-0.08439642446086282
isophon,37,1,250.0,-13.725064971125633
isophon,37,1,500.0,-4.628006726038297
isophon,37,1,750.0,-15.30917839126711
isophon,37,1,1000.0,-4.930067880459077
isophon,37,1,1500.0,-13.75779092321378
isophon,37,1,2000.0,-14.243719295452458
isophon,37,1,3000.0,-10.145593684855552
isophon,37,1,4000.0,-2.3193475791124776
isophon,37,1,6000.0,15.944011993408203
isophon,37,1,8000.0,-12.107232413223485
isophon,37,2,250.0,-2.217434215182564
isophon,37,2,500.0,-5.8247440432582565
isophon,37,2,750.0,-4.071703898469245
isophon,37,2,1000.0,-3.9036112024049814
isophon,37,2,1500.0,-8.384587168354784
isophon,37,2,2000.0,6.967388872491576
isophon,37,2,3000.0,-3.4546102371153182
isophon,37,2,4000.0,-3.2937905531534426
isophon,37,2,6000.0,11.599408197312563
isophon,37,2,8000.0,-11.41528302302686
isophon,37,3,250.0,-2.7186844641181978
isophon,37,3,500.0,-5.02633349146339
isophon,37,3,750.0,-4.699196339058261
isophon,37,3,1000.0,-0.8240705015573155
isophon,37,3,1500.0,2.716659570244687
isophon,37,3,2000.0,-1.7450162133043605
isophon,37,3,3000.0,5.179939944100838
isophon,37,3,4000.0,-1.3391915268529502
isophon,37,3,6000.0,4.959509803654072
isophon,37,3,8000.0,-7.689536973032439
isophon,37,4,250.0,6.517033501323141
isophon,37,4,500.0,0.8309426536681599
isophon,37,4,750.0,-7.013863989010218
isophon,37,4,1000.0,-1.8411832371980097
isophon,37,4,1500.0,3.630097552929371
isophon,37,4,2000.0,1.0195215036026894
isophon,37,4,3000.0,4.00639136443116
isophon,37,4,4000.0,10.61007224759365
isophon,37,4,6000.0,-6.978631980200461
isophon,37,4,8000.0,-7.644114934673411
isophon,37,5,250.0,-2.2863227068980905
isophon,37,5,500.0,-1.0643190032402572
isophon,37,5,750.0,-3.9228013959568813
isophon,37,5,1000.0,1.1341074097594088
isophon,37,5,1500.0,2.2604483080623083
isophon,37,5,2000.0,5.124653812404858
isophon,37,5,3000.0,0.30844996743105924
isophon,37,5,4000.0,1.2860709799541468
isophon,37,5,6000.0,-12.32473654110892
isophon,37,5,8000.0,-22.303981514011284
isophon,37,6,250.0,5.433330391223251
isophon,37,6,500.0,3.9215390186130605
isophon,37,6,750.0,2.729226122817508
isophon,37,6,1000.0,-0.10313101232063104
isophon,37,6,1500.0,-4.72662580497304
isophon,37,6,2000.0,-3.202872137069093
isophon,37,6,3000.0,0.2063750898467731
isophon,37,6,4000.0,0.21486513338467716
isophon,37,6,6000.0,-8.716678041405075
isophon,37,6,8000.0,-13.60159952928636
isophon,37,7,250.0,3.3771574577358336
isophon,37,7,500.0,5.203381394970222
isophon,37,7,750.0,3.65263570997665
isophon,37,7,1000.0,1.7436890398606408
isophon,37,7,1500.0,-0.6485877185361346
isophon,37,7,2000.0,-0.6428696573620556
isophon,37,7,3000.0,-0.43948367052907145
isophon,37,7,4000.0,-1.3472395130262527
isophon,37,7,6000.0,-8.263045777933414
isophon,37,7,8000.0,-17.365525114343512
isophon,37,8,250.0,1.8373292959178684
isophon,37,8,500.0,4.047214401745805
isophon,37,8,750.0,3.219766747771004
isophon,37,8,1000.0,1.8079217293623628
isophon,37,8,1500.0,0.2612661537585552
isophon,37,8,2000.0,2.565927376858852
isophon,37,8,3000.0,3.916431497011544
isophon,37,8,4000.0,0.2967545071129791
isophon,37,8,6000.0,-9.57631113198262
isophon,37,8,8000.0,-13.648367666389802
isophon,37,9,250.0,0.9144533638039292
isophon,37,9,500.0,3.2209386985221755
isophon,37,9,750.0,2.536047786263751
isophon,37,9,1000.0,2.354484042241509
isophon,37,9,1500.0,1.4675300315422106
isophon,37,9,2000.0,3.5781999559390556
isophon,37,9,3000.0,9.087978266189651
isophon,37,9,4000.0,-3.2670492963383566
isophon,37,9,6000.0,-9.38777450561524
isophon,37,9,8000.0,-9.871992565917736
isophon,37,10,250.0,1.1824264024361781
isophon,37,10,500.0,2.824424222022685
isophon,37,10,750.0,-2.679157236117291
isophon,37,10,1000.0,0.6194486079790096
isophon,37,10,1500.0,-0.28397923510310363
isophon,37,10,2000.0,3.977088699574793
isophon,37,10,3000.0,11.563269249244684
isophon,37,10,4000.0,-3.5212449963657377
isophon,37,10,6000.0,-6.754190063476557
isophon,37,10,8000.0,-6.488696366871167
isophon,38,1,250.0,-29.224307315095672
isophon,38,1,500.0,2.894704403314556
isophon,38,1,750.0,9.557467571779835
isophon,38,1,1000.0,4.609482185445138
isophon,38,1,1500.0,-7.004877628431833
isophon,38,1,2000.0,-21.49289689741377
isophon,38,1,3000.0,-3.8880100316402277
isophon,38,1,4000.0,8.594346995055513
isophon,38,1,6000.0,6.503130487130079
isophon,38,1,8000.0,-15.489721228345829
isophon,38,2,250.0,-3.1334062092804444
isophon,38,2,500.0,8.488289091184107
isophon,38,2,750.0,4.4766976426342495
isophon,38,2,1000.0,8.070049594376279
isophon,38,2,1500.0,-1.078065282752398
isophon,38,2,2000.0,-6.745051788332248
isophon,38,2,3000.0,3.974405923787824
isophon,38,2,4000.0,3.0849254581998764
isophon,38,2,6000.0,-3.7017736655271705
isophon,38,2,8000.0,1.4401493007608792
isophon,38,3,250.0,-6.9619355441639925
isophon,38,3,500.0,7.619383663792263
isophon,38,3,750.0,-1.103505357829249
isophon,38,3,1000.0,8.992567692872242
isophon,38,3,1500.0,-3.751858393095638
isophon,38,3,2000.0,1.4723073772171134
isophon,38,3,3000.0,-4.000527400370842
isophon,38,3,4000.0,-1.292239607829103
isophon,38,3,6000.0,0.6228241990903314
isophon,38,3,8000.0,-1.2375562163158946
isophon,38,4,250.0,-2.794066457909395
isophon,38,4,500.0,9.944577264544321
isophon,38,4,750.0,-4.094788235818271
isophon,38,4,1000.0,6.1243308693116205
isophon,38,4,1500.0,-1.3729287695038153
isophon,38,4,2000.0,4.097316375201125
isophon,38,4,3000.0,-2.6918229538366703
isophon,38,4,4000.0,-3.907582074911886
isophon,38,4,6000.0,-1.2044474215518335
isophon,38,4,8000.0,0.38276765230682486
isophon,38,5,250.0,5.381659569494687
isophon,38,5,500.0,7.421540185656653
isophon,38,5,750.0,-1.5872105929796163
isophon,38,5,1000.0,4.902167811376103
isophon,38,5,1500.0,1.3761518019084917
isophon,38,5,2000.0,7.372068008522291
isophon,38,5,3000.0,1.6733394222550402
isophon,38,5,4000.0,2.8917820849093374
isophon,38,5,6000.0,-1.058204663086272
isophon,38,5,8000.0,0.26235189088174593
isophon,38,6,250.0,4.109513116244415
isophon,38,6,500.0,11.005806406156253
isophon,38,6,750.0,-1.1306606681442162
isophon,38,6,1000.0,5.54210487686457
isophon,38,6,1500.0,2.0431351137744116
isophon,38,6,2000.0,-0.7748490063632687
isophon,38,6,3000.0,6.194515539950302
isophon,38,6,4000.0,2.9698241498104494
isophon,38,6,6000.0,-0.21075336812192802
isophon,38,6,8000.0,4.789997912606182
isophon,38,7,250.0,0.4884578790244518
isophon,38,7,500.0,1.2512614477455486
isophon,38,7,750.0,-4.923996288986501
isophon,38,7,1000.0,4.619244791895426
isophon,38,7,1500.0,-1.1240334703981176
isophon,38,7,2000.0,1.6522627545614483
isophon,38,7,3000.0,9.837520556571363
isophon,38,7,4000.0,7.170337919358985
isophon,38,7,6000.0,2.247437143682518
isophon,38,7,8000.0,-1.3063987727082633
isophon,38,8,250.0,-2.1755501269869626
isophon,38,8,500.0,1.1807143601502332
isophon,38,8,750.0,-5.506208623448586
isophon,38,8,1000.0,1.3553314477765213
isophon,38,8,1500.0,-0.35376946843672386
isophon,38,8,2000.0,1.0546956022685094
isophon,38,8,3000.0,11.589762153414597
isophon,38,8,4000.0,-0.14444720087084306
isophon,38,8,6000.0,1.2172900272345402
isophon,38,8,8000.0,-1.7505022536402493
isophon,38,9,250.0,-3.3568762751768872
isophon,38,9,500.0,2.0581056638040565
isophon,38,9,750.0,-1.6592800057757273
isophon,38,9,1000.0,1.9500269811357214
isophon,38,9,1500.0,2.064832981020814
isophon,38,9,2000.0,0.7142917586335926
isophon,38,9,3000.0,11.525937915174794
isophon,38,9,4000.0,-5.06451459511544
isophon,38,9,6000.0,-1.8010153522561154
isophon,38,9,8000.0,-2.83969205487314
isophon,38,10,250.0,-1.0482994927169216
isophon,38,10,500.0,6.76557107479276
isophon,38,10,750.0,-0.26093224173565943
isophon,38,10,1000.0,5.082022641432999
isophon,38,10,1500.0,3.7006629168300407
isophon,38,10,2000.0,2.849918123281739
isophon,38,10,3000.0,14.427469141088295
isophon,38,10,4000.0,-3.9711379224191887
isophon,38,10,6000.0,0.4256930354237909
isophon,38,10,8000.0,-2.7597223304837257
isophon,39,1,250.0,-18.716690879621396
isophon,39,1,500.0,-4.358705756239106
isophon,39,1,750.0,-17.793171107768952
isophon,39,1,1000.0,-9.71884884055902
isophon,39,1,1500.0,-4.81055268297426
isophon,39,1,2000.0,-7.094547268165472
isophon,39,1,3000.0,-3.1304479703651626
isophon,39,1,4000.0,4.3045389701248595
isophon,39,1,6000.0,5.870414878897442
isophon,39,1,8000.0,14.856154564049312
isophon,39,2,250.0,-0.030404200854029284
isophon,39,2,500.0,9.413205173534514
isophon,39,2,750.0,-7.466196449066615
isophon,39,2,1000.0,-1.0024052017712677
isophon,39,2,1500.0,-9.20816800789676
isophon,39,2,2000.0,1.182236881652642
isophon,39,2,3000.0,8.874411602368944
isophon,39,2,4000.0,10.921315618789649
isophon,39,2,6000.0,-1.099714849970546
isophon,39,2,8000.0,20.207672883040082
isophon,39,3,250.0,5.513433959095025
isophon,39,3,500.0,8.061668383821882
isophon,39,3,750.0,-1.5707897644063848
isophon,39,3,1000.0,0.7478759708127924
isophon,39,3,1500.0,-2.7123279976694263
isophon,39,3,2000.0,8.944664596630744
isophon,39,3,3000.0,5.1882614933509785
isophon,39,3,4000.0,4.236914705477588
isophon,39,3,6000.0,1.5320998450836427
isophon,39,3,8000.0,14.51640990630586
isophon,39,4,250.0,0.5594843504198721
isophon,39,4,500.0,5.440438573757071
isophon,39,4,750.0,1.9553203380532196
isophon,39,4,1000.0,-0.8701981988532168
isophon,39,4,1500.0,-5.497855884192184
isophon,39,4,2000.0,10.019561035308527
isophon,39,4,3000.0,-0.6237184737985828
isophon,39,4,4000.0,-0.5602410561414786
isophon,39,4,6000.0,-0.0836827104046165
isophon,39,4,8000.0,13.309598404157946
isophon,39,5,250.0,-3.7490414284298765
isophon,39,5,500.0,4.409971014596323
isophon,39,5,750.0,1.743591564578125
isophon,39,5,1000.0,1.643654944685892
isophon,39,5,1500.0,-6.779677028667436
isophon,39,5,2000.0,2.9516588928529757
isophon,39,5,3000.0,-8.578694138834734
isophon,39,5,4000.0,-5.804625881447322
isophon,39,5,6000.0,-3.540320206644992
isophon,39,5,8000.0,11.701637436653158
isophon,39,6,250.0,4.619932642130706
isophon,39,6,500.0,0.10869939063672973
isophon,39,6,750.0,-3.482637480485323
isophon,39,6,1000.0,-0.9445889274968522
isophon,39,6,1500.0,-5.754681415187179
isophon,39,6,2000.0,-0.15376840362829114
isophon,39,6,3000.0,-3.70258224050545
isophon,39,6,4000.0,-2.6854338988841278
isophon,39,6,6000.0,-0.6242226550800041
isophon,39,6,8000.0,11.923605347762319
isophon,39,7,250.0,3.530544623050176
isophon,39,7,500.0,2.724822515251688
isophon,39,7,750.0,-2.3388503545618846
isophon,39,7,1000.0,-0.2840799230602755
isophon,39,7,1500.0,-4.235985724654327
isophon,39,7,2000.0,-0.23392216472849725
isophon,39,7,3000.0,-2.1920825408029287
isophon,39,7,4000.0,0.5114547170885828
isophon,39,7,6000.0,-0.8035601910451362
isophon,39,7,8000.0,10.761436261430973
isophon,39,8,250.0,4.686462035951962
isophon,39,8,500.0,1.1528397608255005
isophon,39,8,750.0,-2.7775897064459656
isophon,39,8,1000.0,0.08068904373270414
isophon,39,8,1500.0,-4.183927704553213
isophon,39,8,2000.0,3.184912471131838
isophon,39,8,3000.0,0.2695108024577877
isophon,39,8,4000.0,-1.6444232428284096
isophon,39,8,6000.0,1.760169360371279
isophon,39,8,8000.0,13.176967117618247
isophon,39,9,250.0,5.589710741825655
isophon,39,9,500.0,1.435650312962025
isophon,39,9,750.0,-4.119471512695668
isophon,39,9,1000.0,2.0398468801172953
isophon,39,9,1500.0,-1.5431025194541377
isophon,39,9,2000.0,5.996923591582956
isophon,39,9,3000.0,2.3244012758507466
isophon,39,9,4000.0,-4.5657676795006665
isophon,39,9,6000.0,3.923385811311377
isophon,39,9,8000.0,14.47267216362819
isophon,39,10,250.0,10.16450909536266
isophon,39,10,500.0,1.2909320416077605
isophon,39,10,750.0,-6.174900329396962
isophon,39,10,1000.0,1.132318239113843
isophon,39,10,1500.0,-3.097556407742033
isophon,39,10,2000.0,8.581883123022223
isophon,39,10,3000.0,5.747773924260784
isophon,39,10,4000.0,-5.851752863594285
isophon,39,10,6000.0,2.5496787099002773
isophon,39,10,8000.0,12.693372968171587
isophon,40,1,250.0,-0.27233519757332436
isophon,40,1,500.0,-29.835431211156752
isophon,40,1,750.0,-31.858076509109438
isophon,40,1,1000.0,-13.554267498205649
isophon,40,1,1500.0,-13.300092890524008
isophon,40,1,2000.0,-20.50801752963313
isophon,40,1,3000.0,-18.761966400146484
isophon,40,1,4000.0,-20.234742005696873
isophon,40,1,6000.0,-20.75648794344893
isophon,40,1,8000.0,-21.546895082964774
isophon,40,2,250.0,-5.379613889382355
isophon,40,2,500.0,-13.358340424858639
isophon,40,2,750.0,-15.779149800610199
isophon,40,2,1000.0,0.1816628315862907
isophon,40,2,1500.0,-15.59888196446763
isophon,40,2,2000.0,-15.983318796920884
isophon,40,2,3000.0,-13.370959086297347
isophon,40,2,4000.0,-21.822234635507854
isophon,40,2,6000.0,-3.1416710576503135
isophon,40,2,8000.0,-20.232667053313648
isophon,40,3,250.0,-9.496263661622365
isophon,40,3,500.0,-0.9687046532713453
isophon,40,3,750.0,-6.5591161012117425
isophon,40,3,1000.0,2.3333810291086223
isophon,40,3,1500.0,-16.61962241028904
isophon,40,3,2000.0,-13.257823871970714
isophon,40,3,3000.0,-3.134984949412555
isophon,40,3,4000.0,-13.445873364653934
isophon,40,3,6000.0,5.169118768362317
isophon,40,3,8000.0,-14.40496846894925
isophon,40,4,250.0,-3.7650501969393986
isophon,40,4,500.0,9.556809847859924
isophon,40,4,750.0,0.7206849094740164
isophon,40,4,1000.0,0.8089568849247541
isophon,40,4,1500.0,-8.988851415159672
isophon,40,4,2000.0,-6.232354746528273
isophon,40,4,3000.0,7.920419422703226
isophon,40,4,4000.0,2.9464730464107447
isophon,40,4,6000.0,11.125741828514478
isophon,40,4,8000.0,-0.3491328223333596
isophon,40,5,250.0,4.982386899032434
isophon,40,5,500.0,4.213883666487959
isophon,40,5,750.0,-1.1383935341524989
isophon,40,5,1000.0,0.4134673240081952
isophon,40,5,1500.0,-5.1726304713072295
isophon,40,5,2000.0,-5.935006737023016
isophon,40,5,3000.0,13.29871971421251
isophon,40,5,4000.0,-0.4238097353777448
isophon,40,5,6000.0,4.374286242820091
isophon,40,5,8000.0,-4.802348168848681
isophon,40,6,250.0,2.141995522160542
isophon,40,6,500.0,-0.5217292586034432
isophon,40,6,750.0,0.5056521308586781
isophon,40,6,1000.0,-2.93223767662397
isophon,40,6,1500.0,-5.493044243306457
isophon,40,6,2000.0,1.1267021446431187
isophon,40,6,3000.0,2.975058303483223
isophon,40,6,4000.0,-7.528142894714364
isophon,40,6,6000.0,1.8818380451278642
isophon,40,6,8000.0,2.014816964355063
isophon,40,7,250.0,-1.3315434013040601
isophon,40,7,500.0,-1.2936531893337389
isophon,40,7,750.0,-2.4010174323408364
isophon,40,7,1000.0,-3.1202544884283583
isophon,40,7,1500.0,-5.20955697074514
isophon,40,7,2000.0,1.0951457357452057
isophon,40,7,3000.0,-1.4036906868179528
isophon,40,7,4000.0,-7.052610061638433
isophon,40,7,6000.0,0.8883996647735017
isophon,40,7,8000.0,1.54995568085738
isophon,40,8,250.0,-2.7832382820982957
isophon,40,8,500.0,-3.170218934630455
isophon,40,8,750.0,0.10831303174980178
isophon,40,8,1000.0,-5.275900366869777
isophon,40,8,1500.0,-1.9148162898141265
isophon,40,8,2000.0,-1.3439162575047305
isophon,40,8,3000.0,-4.654694130460115
isophon,40,8,4000.0,-4.75237709521592
isophon,40,8,6000.0,-2.7214214130547845
isophon,40,8,8000.0,-2.069455357797594
isophon,40,9,250.0,-4.739402838803059
isophon,40,9,500.0,-6.28605560302735
isophon,40,9,750.0,3.206404951389331
isophon,40,9,1000.0,-3.8713872216978586
isophon,40,9,1500.0,-0.11015039525963743
isophon,40,9,2000.0,-0.5822402544283847
isophon,40,9,3000.0,-8.212180175781256
isophon,40,9,4000.0,-2.8267507750744016
isophon,40,9,6000.0,-4.124644317626959
isophon,40,9,8000.0,-4.695884162188037
isophon,40,10,250.0,-2.185035674767832
isophon,40,10,500.0,-4.408994293212885
isophon,40,10,750.0,4.104911864007477
isophon,40,10,1000.0,-1.4189447865302043
isophon,40,10,1500.0,0.104927054794544
isophon,40,10,2000.0,1.8472100578276098
isophon,40,10,3000.0,-5.16995010375976
isophon,40,10,4000.0,-1.8696176096975137
isophon,40,10,6000.0,-2.7831855773925724
isophon,40,10,8000.0,-1.393088863468222
isophon,41,1,250.0,-3.8528016498667057
isophon,41,1,500.0,2.5648673292254056
isophon,41,1,750.0,-5.303833028960632
isophon,41,1,1000.0,-1.5517820593247258
isophon,41,1,1500.0,-4.837321098787713
isophon,41,1,2000.0,-16.42017093273168
isophon,41,1,3000.0,-8.02562969078348
isophon,41,1,4000.0,1.9040966892164484
isophon,41,1,6000.0,-3.3743365696779364
isophon,41,1,8000.0,14.537172537981036
isophon,41,2,250.0,-3.642493935555507
isophon,41,2,500.0,4.904030611923979
isophon,41,2,750.0,8.5472872487154
isophon,41,2,1000.0,8.220382361503535
isophon,41,2,1500.0,-16.855375211169488
isophon,41,2,2000.0,-6.484259366217628
isophon,41,2,3000.0,-1.8396095622439503
isophon,41,2,4000.0,12.735421982009463
isophon,41,2,6000.0,-4.708609999600398
isophon,41,2,8000.0,15.720249606775553
isophon,41,3,250.0,2.502550241057641
isophon,41,3,500.0,3.13464588993061
isophon,41,3,750.0,-0.3511882284920702
isophon,41,3,1000.0,5.699825838428907
isophon,41,3,1500.0,-14.165276363058084
isophon,41,3,2000.0,1.6912846640616692
isophon,41,3,3000.0,4.484971567455297
isophon,41,3,4000.0,8.50738122480233
isophon,41,3,6000.0,-2.146571139335265
isophon,41,3,8000.0,13.28088195956743
isophon,41,4,250.0,0.5062245807948926
isophon,41,4,500.0,9.845182381646396
isophon,41,4,750.0,-2.26404155726528
isophon,41,4,1000.0,-0.9620520290338632
isophon,41,4,1500.0,-11.05705305209051
isophon,41,4,2000.0,6.771333152453991
isophon,41,4,3000.0,0.35896391946518236
isophon,41,4,4000.0,3.862561518953612
isophon,41,4,6000.0,-3.605647064763673
isophon,41,4,8000.0,13.110634120570722
isophon,41,5,250.0,-10.613690590367426
isophon,41,5,500.0,11.282591908980464
isophon,41,5,750.0,-1.6053164017806978
isophon,41,5,1000.0,4.97801185887802
isophon,41,5,1500.0,-12.676618935430938
isophon,41,5,2000.0,-4.134023254491936
isophon,41,5,3000.0,-8.116224312395673
isophon,41,5,4000.0,2.2418368377029623
isophon,41,5,6000.0,-5.641329087802831
isophon,41,5,8000.0,10.920175386360839
isophon,41,6,250.0,-4.109834787705125
isophon,41,6,500.0,11.80404338518403
isophon,41,6,750.0,1.0854280261699643
isophon,41,6,1000.0,-8.870786241912285
isophon,41,6,1500.0,-8.215324962631229
isophon,41,6,2000.0,-6.81567443120835
isophon,41,6,3000.0,-5.711281035389277
isophon,41,6,4000.0,3.688149893512758
isophon,41,6,6000.0,-1.5884095732178167
isophon,41,6,8000.0,7.642416459483968
isophon,41,7,250.0,-5.473108318755379
isophon,41,7,500.0,13.649215091519267
isophon,41,7,750.0,0.826581460303899
isophon,41,7,1000.0,-6.320068268808853
isophon,41,7,1500.0,-7.30168450468004
isophon,41,7,2000.0,-7.299259713552516
isophon,41,7,3000.0,-3.498136672349247
isophon,41,7,4000.0,7.000460172501306
isophon,41,7,6000.0,-2.0605948219221233
isophon,41,7,8000.0,5.210903622914742
isophon,41,8,250.0,-5.78976872422642
isophon,41,8,500.0,8.492826609519796
isophon,41,8,750.0,-0.5875971532503002
isophon,41,8,1000.0,-7.223026553996434
isophon,41,8,1500.0,-5.915244576471423
isophon,41,8,2000.0,-3.927937592635203
isophon,41,8,3000.0,-0.008884755461480154
isophon,41,8,4000.0,5.476725404634905
isophon,41,8,6000.0,0.03321043552888625
isophon,41,8,8000.0,7.212362448426418
isophon,41,9,250.0,-5.465764115434482
isophon,41,9,500.0,7.420471586217801
isophon,41,9,750.0,-3.3522910613804413
isophon,41,9,1000.0,-4.56954059079699
isophon,41,9,1500.0,-4.413225389586927
isophon,41,9,2000.0,-0.7907970696989679
isophon,41,9,3000.0,2.8628337755725255
isophon,41,9,4000.0,2.1063522352734196
isophon,41,9,6000.0,1.2225961488646817
isophon,41,9,8000.0,7.497993138784878
isophon,41,10,250.0,-2.298035347880429
isophon,41,10,500.0,6.38089899927445
isophon,41,10,750.0,-6.650831544768678
isophon,41,10,1000.0,-4.764279952273
isophon,41,10,1500.0,-5.874166078898071
isophon,41,10,2000.0,1.598249288206432
isophon,41,10,3000.0,6.879339678508387
isophon,41,10,4000.0,0.12399566424221575
isophon,41,10,6000.0,-1.4623531426872773
isophon,41,10,8000.0,5.45375276762374
isophon,42,1,250.0,-3.4987638094285956
isophon,42,1,500.0,12.721499872297478
isophon,42,1,750.0,0.07105740465900823
isophon,42,1,1000.0,3.4224726693061385
isophon,42,1,1500.0,-6.034490840528662
isophon,42,1,2000.0,9.512253584562472
isophon,42,1,3000.0,-11.289613353986546
isophon,42,1,4000.0,-9.71947811748079
isophon,42,1,6000.0,-7.412848745165939
isophon,42,1,8000.0,-16.208133378511214
isophon,42,2,250.0,-0.18873510511721747
isophon,42,2,500.0,1.4968465354797402
isophon,42,2,750.0,0.3669841292949272
isophon,42,2,1000.0,0.15423029295794777
isophon,42,2,1500.0,-13.023071590631211
isophon,42,2,2000.0,-8.204017589547277
isophon,42,2,3000.0,-0.18341906837230226
isophon,42,2,4000.0,3.6976431867119715
isophon,42,2,6000.0,-5.096655710089763
isophon,42,2,8000.0,-0.1704520580550195
isophon,42,3,250.0,3.8406367796206453
isophon,42,3,500.0,3.6479263846952676
isophon,42,3,750.0,4.165406462567866
isophon,42,3,1000.0,1.1251518654138764
isophon,42,3,1500.0,-1.3871990652507122
isophon,42,3,2000.0,-6.514802468003225
isophon,42,3,3000.0,13.822406116414854
isophon,42,3,4000.0,3.011184217099597
isophon,42,3,6000.0,-7.969154779497153
isophon,42,3,8000.0,2.792130560704827
isophon,42,4,250.0,-0.2707724484602352
isophon,42,4,500.0,4.562530029236683
isophon,42,4,750.0,13.334467999081475
isophon,42,4,1000.0,2.4920866590001793
isophon,42,4,1500.0,7.057388430234532
isophon,42,4,2000.0,0.3787354314956275
isophon,42,4,3000.0,5.534357742954143
isophon,42,4,4000.0,10.271166858797358
isophon,42,4,6000.0,-0.44901168987678375
isophon,42,4,8000.0,7.650185019481775
isophon,42,5,250.0,13.596018429366623
isophon,42,5,500.0,4.63164405199737
isophon,42,5,750.0,13.18142136413249
isophon,42,5,1000.0,4.450813718308694
isophon,42,5,1500.0,8.322356800750768
isophon,42,5,2000.0,6.050548737314045
isophon,42,5,3000.0,8.471579595066572
isophon,42,5,4000.0,10.33076472991307
isophon,42,5,6000.0,2.488277426833335
isophon,42,5,8000.0,10.149554479958823
isophon,42,6,250.0,19.854981325014933
isophon,42,6,500.0,6.984197049665596
isophon,42,6,750.0,18.91314597587987
isophon,42,6,1000.0,7.250894674779744
isophon,42,6,1500.0,9.069089985443384
isophon,42,6,2000.0,10.74614836757516
isophon,42,6,3000.0,11.193427786429055
isophon,42,6,4000.0,4.762838888387449
isophon,42,6,6000.0,-1.9856391343308673
isophon,42,6,8000.0,-3.257650850085355
isophon,42,7,250.0,20.383143082007464
isophon,42,7,500.0,7.470643269721762
isophon,42,7,750.0,18.774371642172255
isophon,42,7,1000.0,7.670264604894342
isophon,42,7,1500.0,6.961364492229492
isophon,42,7,2000.0,9.904581513607582
isophon,42,7,3000.0,6.845933045476954
isophon,42,7,4000.0,7.583003080124513
isophon,42,7,6000.0,1.8461039589319768
isophon,42,7,8000.0,-4.692710823172661
isophon,42,8,250.0,10.90573604467194
isophon,42,8,500.0,6.956280062144131
isophon,42,8,750.0,14.481294133335709
isophon,42,8,1000.0,4.4157365711393055
isophon,42,8,1500.0,0.936276198598307
isophon,42,8,2000.0,7.3779291042860535
isophon,42,8,3000.0,2.782021001373039
isophon,42,8,4000.0,4.640657701640663
isophon,42,8,6000.0,1.0774787322799142
isophon,42,8,8000.0,-8.416878283154531
isophon,42,9,250.0,5.139955062112207
isophon,42,9,500.0,5.840595430639709
isophon,42,9,750.0,5.124263037260519
isophon,42,9,1000.0,0.328933926492482
isophon,42,9,1500.0,2.8664933126446925
isophon,42,9,2000.0,4.086706914521329
isophon,42,9,3000.0,-1.092066387979031
isophon,42,9,4000.0,1.9982589197367417
isophon,42,9,6000.0,0.3886206100874148
isophon,42,9,8000.0,-6.209538343342373
isophon,42,10,250.0,2.10121856057674
isophon,42,10,500.0,3.1336756570097464
isophon,42,10,750.0,3.0502230169872604
isophon,42,10,1000.0,-2.5538730477266824
isophon,42,10,1500.0,5.054774788746869
isophon,42,10,2000.0,5.939307664442737
isophon,42,10,3000.0,-1.3784222153525718
isophon,42,10,4000.0,2.0974083070582594
isophon,42,10,6000.0,-2.407993101560322
isophon,42,10,8000.0,-3.1511279345227905
isophon,43,1,250.0,22.9207453617098
isophon,43,1,500.0,8.216681785583496
isophon,43,1,750.0,1.923853083678086
isophon,43,1,1000.0,-8.425409719090021
isophon,43,1,1500.0,-19.72610513207574
isophon,43,1,2000.0,-3.819440646259471
isophon,43,1,3000.0,-9.950746414509336
isophon,43,1,4000.0,3.09690918485399
isophon,43,1,6000.0,12.43634756618033
isophon,43,1,8000.0,20.794529840722113
isophon,43,2,250.0,8.378448964544326
isophon,43,2,500.0,4.448934069379149
isophon,43,2,750.0,7.473494467076822
isophon,43,2,1000.0,7.075146176554888
isophon,43,2,1500.0,-8.804919958662836
isophon,43,2,2000.0,-1.3429875972489143
isophon,43,2,3000.0,-0.556336126683771
isophon,43,2,4000.0,-0.844605147717381
isophon,43,2,6000.0,-0.2677063198735823
isophon,43,2,8000.0,19.552935196796295
isophon,43,3,250.0,1.9053521152124375
isophon,43,3,500.0,5.73240820567252
isophon,43,3,750.0,2.380702275603369
isophon,43,3,1000.0,-2.459172070803909
isophon,43,3,1500.0,-3.243119565857988
isophon,43,3,2000.0,-12.118439109840445
isophon,43,3,3000.0,5.295593410602656
isophon,43,3,4000.0,1.8995651216639757
isophon,43,3,6000.0,-10.670422675760733
isophon,43,3,8000.0,10.303615946955574
isophon,43,4,250.0,-1.4071316007209873
isophon,43,4,500.0,5.0653737387590425
isophon,43,4,750.0,1.4014331984981965
isophon,43,4,1000.0,1.6294376426899646
isophon,43,4,1500.0,7.56655999627327
isophon,43,4,2000.0,-0.022076331645202174
isophon,43,4,3000.0,7.320858821352601
isophon,43,4,4000.0,-2.9550874061278165
isophon,43,4,6000.0,-11.355051084772526
isophon,43,4,8000.0,9.352097468909648
isophon,43,5,250.0,5.478291750866603
isophon,43,5,500.0,9.083268536048308
isophon,43,5,750.0,12.019059709964978
isophon,43,5,1000.0,11.923314598987503
isophon,43,5,1500.0,6.445583740614893
isophon,43,5,2000.0,1.194698555468463
isophon,43,5,3000.0,10.981373084627677
isophon,43,5,4000.0,1.1885605563205957
isophon,43,5,6000.0,-4.087767592518773
isophon,43,5,8000.0,-3.477606217000698
isophon,43,6,250.0,-2.9387924517916133
isophon,43,6,500.0,2.9041320329243803
isophon,43,6,750.0,4.329607687309107
isophon,43,6,1000.0,-4.435403287032088
isophon,43,6,1500.0,-4.062719270744935
isophon,43,6,2000.0,-2.6092168155770423
isophon,43,6,3000.0,2.4236562132852413
isophon,43,6,4000.0,-0.29331902407879795
isophon,43,6,6000.0,-1.976869166644434
isophon,43,6,8000.0,-2.6306427963870647
isophon,43,7,250.0,-4.315953753840645
isophon,43,7,500.0,-2.900402474450999
isophon,43,7,750.0,-2.9183940316894166
isophon,43,7,1000.0,-3.0552474194752364
isophon,43,7,1500.0,-7.316861003083801
isophon,43,7,2000.0,-3.965846393037822
isophon,43,7,3000.0,2.9079398237471423
isophon,43,7,4000.0,0.343390365680591
isophon,43,7,6000.0,0.7765512966399655
isophon,43,7,8000.0,0.9129720107418393
isophon,43,8,250.0,-1.601214274434625
isophon,43,8,500.0,-3.276465744703856
isophon,43,8,750.0,0.04498918365914051
isophon,43,8,1000.0,-0.7337924383356551
isophon,43,8,1500.0,-7.718938353319004
isophon,43,8,2000.0,-5.365180013920025
isophon,43,8,3000.0,-3.6013951932456933
isophon,43,8,4000.0,1.9493496982144194
isophon,43,8,6000.0,2.951460112280742
isophon,43,8,8000.0,-0.9797958752604785
isophon,43,9,250.0,-0.25330304014525495
isophon,43,9,500.0,-3.2095082358696914
isophon,43,9,750.0,3.615720956743232
isophon,43,9,1000.0,0.0018387624180036255
isophon,43,9,1500.0,-10.130811096128625
isophon,43,9,2000.0,-4.598742957763164
isophon,43,9,3000.0,-10.845511839288534
isophon,43,9,4000.0,-0.8153030663161189
isophon,43,9,6000.0,3.8644710131307107
isophon,43,9,8000.0,-3.234336813520187
isophon,43,10,250.0,2.4999594275719517
isophon,43,10,500.0,-1.3271992408507032
isophon,43,10,750.0,0.4073397859599055
isophon,43,10,1000.0,-3.644239233062038
isophon,43,10,1500.0,-8.439210231933274
isophon,43,10,2000.0,-1.2237898722623584
isophon,43,10,3000.0,-8.161429318288711
isophon,43,10,4000.0,-0.8768596803709983
isophon,43,10,6000.0,-1.3270616637503423
isophon,43,10,8000.0,-4.566480255126933
isophon,44,1,250.0,16.84956043129018
isophon,44,1,500.0,13.695771146115035
isophon,44,1,750.0,12.973746384965487
isophon,44,1,1000.0,7.445027871248751
isophon,44,1,1500.0,-3.7524179448103627
isophon,44,1,2000.0,-15.310359472950688
isophon,44,1,3000.0,-12.020180354272185
isophon,44,1,4000.0,-8.647709882773366
isophon,44,1,6000.0,7.7619396227292174
isophon,44,1,8000.0,12.597755273808872
isophon,44,2,250.0,6.200657609237844
isophon,44,2,500.0,13.31101078328961
isophon,44,2,750.0,10.310702954960476
isophon,44,2,1000.0,0.7942810212225879
isophon,44,2,1500.0,-10.448498417794298
isophon,44,2,2000.0,0.1918675095495459
isophon,44,2,3000.0,-2.317077100549316
isophon,44,2,4000.0,-9.115858768943625
isophon,44,2,6000.0,1.3548527666283974
isophon,44,2,8000.0,19.62143233953118
isophon,44,3,250.0,-0.04139299195503554
isophon,44,3,500.0,10.253100310260947
isophon,44,3,750.0,4.60931943955341
isophon,44,3,1000.0,-6.490313317504501
isophon,44,3,1500.0,-3.305445518950364
isophon,44,3,2000.0,1.8747587656739881
isophon,44,3,3000.0,-2.245016879249569
isophon,44,3,4000.0,-13.597942091461846
isophon,44,3,6000.0,3.2452954275506727
isophon,44,3,8000.0,16.835486693174772
isophon,44,4,250.0,-3.1622391453820597
isophon,44,4,500.0,11.384666303901746
isophon,44,4,750.0,-0.616589782372813
isophon,44,4,1000.0,-6.5899250556146995
isophon,44,4,1500.0,-1.686955599477436
isophon,44,4,2000.0,1.4791168899389646
isophon,44,4,3000.0,-0.2876044168036884
isophon,44,4,4000.0,-11.245434820875062
isophon,44,4,6000.0,3.4970750510362762
isophon,44,4,8000.0,17.889415117946974
isophon,44,5,250.0,-7.459588003431406
isophon,44,5,500.0,2.486975298651089
isophon,44,5,750.0,3.950689261522683
isophon,44,5,1000.0,-3.1436492340538678
isophon,44,5,1500.0,-2.695146851537359
isophon,44,5,2000.0,-1.9225479494909337
isophon,44,5,3000.0,-0.3328860307644348
isophon,44,5,4000.0,-11.539897699144746
isophon,44,5,6000.0,0.30623071810757097
isophon,44,5,8000.0,23.712435522185395
isophon,44,6,250.0,-3.583249521584861
isophon,44,6,500.0,11.143891450600734
isophon,44,6,750.0,6.176480668079492
isophon,44,6,1000.0,1.4750698838446112
isophon,44,6,1500.0,-2.0132087825167417
isophon,44,6,2000.0,3.1952242901285857
isophon,44,6,3000.0,1.3678763867530677
isophon,44,6,4000.0,-0.921747174280469
isophon,44,6,6000.0,10.59113806621987
isophon,44,6,8000.0,27.749413866000495
isophon,44,7,250.0,-0.2034087474546311
isophon,44,7,500.0,4.824811480862181
isophon,44,7,750.0,1.930464255271346
isophon,44,7,1000.0,2.934116211592226
isophon,44,7,1500.0,-0.3554732179428157
isophon,44,7,2000.0,-3.8412723308508276
isophon,44,7,3000.0,-6.4615403658714285
isophon,44,7,4000.0,-9.88561989465552
isophon,44,7,6000.0,4.04499198932578
isophon,44,7,8000.0,23.70692375014744
isophon,44,8,250.0,-0.9769072365501756
isophon,44,8,500.0,4.725215035620181
isophon,44,8,750.0,2.5801915271828477
isophon,44,8,1000.0,1.192002863738665
isophon,44,8,1500.0,-1.4156051851859957
isophon,44,8,2000.0,-1.571675448497956
isophon,44,8,3000.0,-2.012655465242645
isophon,44,8,4000.0,-6.532508440863992
isophon,44,8,6000.0,4.1885410714580615
isophon,44,8,8000.0,24.62143917301546
isophon,44,9,250.0,-0.9252068178807491
isophon,44,9,500.0,5.92738271028071
isophon,44,9,750.0,1.817771658513351
isophon,44,9,1000.0,4.5419584955861865
isophon,44,9,1500.0,-2.7687582142535945
isophon,44,9,2000.0,-1.797684107351742
isophon,44,9,3000.0,3.47420018410007
isophon,44,9,4000.0,-2.2582741165258398
isophon,44,9,6000.0,7.119227200288435
isophon,44,9,8000.0,25.160400494767956
isophon,44,10,250.0,-5.933011071010569
isophon,44,10,500.0,-1.5760115182923329
isophon,44,10,750.0,3.1971928880756764
isophon,44,10,1000.0,6.910806344460909
isophon,44,10,1500.0,-2.6633123007935495
isophon,44,10,2000.0,4.1506739368691825
isophon,44,10,3000.0,8.145545366363606
isophon,44,10,4000.0,-0.47457008544374446
isophon,44,10,6000.0,8.716893173125271
isophon,44,10,8000.0,19.23873116518294
isophon,45,1,250.0,-15.652120880658053
isophon,45,1,500.0,-5.909148274450573
isophon,45,1,750.0,-0.61760552498653
isophon,45,1,1000.0,-3.9927629029398446
isophon,45,1,1500.0,5.590770111741868
isophon,45,1,2000.0,0.6659413711893194
isophon,45,1,3000.0,6.7699114615750275
isophon,45,1,4000.0,0.1638330920159241
isophon,45,1,6000.0,-3.2963591895676103
isophon,45,1,8000.0,4.174944983098879
isophon,45,2,250.0,-3.709108190873067
isophon,45,2,500.0,-6.7026560833178195
isophon,45,2,750.0,-4.449754197641283
isophon,45,2,1000.0,-6.337060759934332
isophon,45,2,1500.0,2.5100619494464596
isophon,45,2,2000.0,12.141912656317658
isophon,45,2,3000.0,9.507279218306188
isophon,45,2,4000.0,8.536626053519335
isophon,45,2,6000.0,-4.992829558534709
isophon,45,2,8000.0,-10.39459165331867
isophon,45,3,250.0,-0.8632601353093179
isophon,45,3,500.0,-1.4324360011512454
isophon,45,3,750.0,-8.266963942183821
isophon,45,3,1000.0,-2.556312554647043
isophon,45,3,1500.0,-5.772099716753807
isophon,45,3,2000.0,-9.54924420619642
isophon,45,3,3000.0,-9.726156553700037
isophon,45,3,4000.0,3.882721818296112
isophon,45,3,6000.0,-6.9452798986303605
isophon,45,3,8000.0,-3.148134770720503
isophon,45,4,250.0,-3.277857770096503
isophon,45,4,500.0,1.0329206942930682
isophon,45,4,750.0,-1.591697918098859
isophon,45,4,1000.0,-1.4481534472890587
isophon,45,4,1500.0,-3.3543660922271386
isophon,45,4,2000.0,-12.150539377636235
isophon,45,4,3000.0,-6.6915461521016795
isophon,45,4,4000.0,3.410737259050194
isophon,45,4,6000.0,-1.308952119553254
isophon,45,4,8000.0,-1.7123767152675669
isophon,45,5,250.0,-0.25635802943617136
isophon,45,5,500.0,0.2971251556181329
isophon,45,5,750.0,0.3499287078960549
isophon,45,5,1000.0,-0.28189350535768654
isophon,45,5,1500.0,0.7664119250953831
isophon,45,5,2000.0,-4.518436493320792
isophon,45,5,3000.0,-0.9091617712609263
isophon,45,5,4000.0,2.8491544397572994
isophon,45,5,6000.0,4.8925990920003954
isophon,45,5,8000.0,3.3104581159588946
isophon,45,6,250.0,3.144195202418416
isophon,45,6,500.0,-1.166676368378134
isophon,45,6,750.0,1.6658936705227632
isophon,45,6,1000.0,6.903360171050352
isophon,45,6,1500.0,1.938721522438243
isophon,45,6,2000.0,-0.9338730557849573
isophon,45,6,3000.0,-0.23797529530880013
isophon,45,6,4000.0,3.4070844118661796
isophon,45,6,6000.0,-2.7172122154084946
isophon,45,6,8000.0,-0.5625926544069131
isophon,45,7,250.0,-0.7185495335656498
isophon,45,7,500.0,-3.9074569030804582
isophon,45,7,750.0,-4.599688352492336
isophon,45,7,1000.0,2.7435648912643416
isophon,45,7,1500.0,0.6826646178778475
isophon,45,7,2000.0,-0.3269925493500807
isophon,45,7,3000.0,0.12445271541511715
isophon,45,7,4000.0,1.2379427272900614
isophon,45,7,6000.0,-3.0286319613635015
isophon,45,7,8000.0,3.243469674498968
isophon,45,8,250.0,-0.3727268275609674
isophon,45,8,500.0,-2.2275868310710933
isophon,45,8,750.0,-4.409851419993103
isophon,45,8,1000.0,4.68018006894755
isophon,45,8,1500.0,-1.5780520329907262
isophon,45,8,2000.0,-0.8300353707623742
isophon,45,8,3000.0,-1.39134569646518
isophon,45,8,4000.0,1.0558716544123286
isophon,45,8,6000.0,-2.6461059634534365
isophon,45,8,8000.0,0.436808978899208
isophon,45,9,250.0,0.33611046316420357
isophon,45,9,500.0,-3.6118110245813995
isophon,45,9,750.0,-3.8952789645638433
isophon,45,9,1000.0,2.8221917666748766
isophon,45,9,1500.0,-3.827669091158185
isophon,45,9,2000.0,-3.8413073835118468
isophon,45,9,3000.0,-3.1733477735491533
isophon,45,9,4000.0,3.828946483089524
isophon,45,9,6000.0,-2.1934386587320773
isophon,45,9,8000.0,-2.615229140100226
isophon,45,10,250.0,-3.6339673698448394
isophon,45,10,500.0,-1.3665382620780235
isophon,45,10,750.0,-3.5305143933248644
isophon,45,10,1000.0,4.3423951971657
isophon,45,10,1500.0,-3.9554508989722166
isophon,45,10,2000.0,-8.66311655124332
isophon,45,10,3000.0,-8.04593993825894
isophon,45,10,4000.0,5.811300270489227
isophon,45,10,6000.0,0.2750068425503116
isophon,45,10,8000.0,-0.31485985923491455
isophon,46,1,250.0,-0.776962570693513
isophon,46,1,500.0,13.030968852140536
isophon,46,1,750.0,6.657665836959303
isophon,46,1,1000.0,29.30637426972978
isophon,46,1,1500.0,7.805522424642916
isophon,46,1,2000.0,-5.188508938449829
isophon,46,1,3000.0,-21.569397346751273
isophon,46,1,4000.0,3.223556049171407
isophon,46,1,6000.0,17.70337413756424
isophon,46,1,8000.0,18.947337167577516
isophon,46,2,250.0,7.707459570600143
isophon,46,2,500.0,9.300540684495672
isophon,46,2,750.0,5.010132343566632
isophon,46,2,1000.0,5.064797044397885
isophon,46,2,1500.0,-1.8441109653877206
isophon,46,2,2000.0,-4.381338144020262
isophon,46,2,3000.0,-1.981740863903866
isophon,46,2,4000.0,10.442632032571595
isophon,46,2,6000.0,11.216810146858464
isophon,46,2,8000.0,7.586858442500898
isophon,46,3,250.0,-1.0315069461660897
isophon,46,3,500.0,-2.2179401953697493
isophon,46,3,750.0,-0.10346576361010307
isophon,46,3,1000.0,-0.35544506428871614
isophon,46,3,1500.0,0.10757683323366507
isophon,46,3,2000.0,4.231030994365128
isophon,46,3,3000.0,0.2596071767197401
isophon,46,3,4000.0,1.5585605288567166
isophon,46,3,6000.0,4.51157186594989
isophon,46,3,8000.0,3.7771633870103756
isophon,46,4,250.0,-7.98854726573974
isophon,46,4,500.0,-7.75379921400048
isophon,46,4,750.0,0.7959145408128023
isophon,46,4,1000.0,-0.2985506075278579
isophon,46,4,1500.0,4.7344650942884385
isophon,46,4,2000.0,9.491698560188425
isophon,46,4,3000.0,-2.3782176142292997
isophon,46,4,4000.0,-7.162265040785016
isophon,46,4,6000.0,2.538185837162189
isophon,46,4,8000.0,7.0985656944680215
isophon,46,5,250.0,0.7048433434567869
isophon,46,5,500.0,-2.065781042215974
isophon,46,5,750.0,2.716339731036385
isophon,46,5,1000.0,1.8663957656843024
isophon,46,5,1500.0,2.185460734116589
isophon,46,5,2000.0,9.79600075487511
isophon,46,5,3000.0,-0.9095010395070631
isophon,46,5,4000.0,-0.8816906029741745
isophon,46,5,6000.0,-1.6051300370240256
isophon,46,5,8000.0,-3.201006584044265
isophon,46,6,250.0,1.8833270878108266
isophon,46,6,500.0,-2.539418911328312
isophon,46,6,750.0,0.5187494044572816
isophon,46,6,1000.0,0.7787484868973706
isophon,46,6,1500.0,-0.9342435662931194
isophon,46,6,2000.0,5.0752558628525435
isophon,46,6,3000.0,2.471942899564368
isophon,46,6,4000.0,-0.45770232070550776
isophon,46,6,6000.0,0.0647753659113306
isophon,46,6,8000.0,0.46209691441944756
isophon,46,7,250.0,0.9623952034724823
isophon,46,7,500.0,0.5889291859881496
isophon,46,7,750.0,1.4851554063351955
isophon,46,7,1000.0,0.3513296685000853
isophon,46,7,1500.0,-1.8948384977050665
isophon,46,7,2000.0,1.2790599262196736
isophon,46,7,3000.0,2.1251617087888377
isophon,46,7,4000.0,0.877318051069679
isophon,46,7,6000.0,3.202262909292102
isophon,46,7,8000.0,1.8476736267950002
isophon,46,8,250.0,0.7849264005560599
isophon,46,8,500.0,0.2861492685748033
isophon,46,8,750.0,-0.4417511994597305
isophon,46,8,1000.0,-1.5153171634642462
isophon,46,8,1500.0,-3.3793900611020007
isophon,46,8,2000.0,3.1443810625684705
isophon,46,8,3000.0,2.6736108898330997
isophon,46,8,4000.0,-2.4072244791436077
isophon,46,8,6000.0,3.007451889538075
isophon,46,8,8000.0,4.037142663422628
isophon,46,9,250.0,1.9125661873648454
isophon,46,9,500.0,0.3682472699173047
isophon,46,9,750.0,-3.9854399914926546
isophon,46,9,1000.0,-2.4853277327513155
isophon,46,9,1500.0,-6.219108893963195
isophon,46,9,2000.0,6.075819448575658
isophon,46,9,3000.0,1.0586009764310091
isophon,46,9,4000.0,-5.785871439989592
isophon,46,9,6000.0,2.5597005406901303
isophon,46,9,8000.0,6.212170963747653
isophon,46,10,250.0,4.014760898036798
isophon,46,10,500.0,2.901096502082737
isophon,46,10,750.0,-5.344800219905508
isophon,46,10,1000.0,0.9925551234158405
isophon,46,10,1500.0,-3.5214098669822818
isophon,46,10,2000.0,7.360628906121164
isophon,46,10,3000.0,3.3381880170470595
isophon,46,10,4000.0,-5.587462575591687
isophon,46,10,6000.0,4.043290612837922
isophon,46,10,8000.0,1.7010651013579121
isophon,47,1,250.0,-7.789180538816538
isophon,47,1,500.0,-14.46439464451348
isophon,47,1,750.0,-11.8781683859225
isophon,47,1,1000.0,-1.7590900883786418
isophon,47,1,1500.0,-5.64010094070359
isophon,47,1,2000.0,-16.701886480202475
isophon,47,1,3000.0,-18.066980481872562
isophon,47,1,4000.0,-6.324759339449059
isophon,47,1,6000.0,-14.691464810412882
isophon,47,1,8000.0,5.544702959924887
isophon,47,2,250.0,7.330273614629277
isophon,47,2,500.0,-5.934654616195331
isophon,47,2,750.0,1.9544368500082143
isophon,47,2,1000.0,7.258113849620955
isophon,47,2,1500.0,-2.646800066592334
isophon,47,2,2000.0,4.066850205445242
isophon,47,2,3000.0,3.452344943285148
isophon,47,2,4000.0,-4.987930758857971
isophon,47,2,6000.0,-2.0677025074329265
isophon,47,2,8000.0,1.5366907652001913
isophon,47,3,250.0,16.273006096942524
isophon,47,3,500.0,9.034676649478115
isophon,47,3,750.0,12.991355593834001
isophon,47,3,1000.0,15.02259634662181
isophon,47,3,1500.0,2.38133250068055
isophon,47,3,2000.0,0.03767961118531815
isophon,47,3,3000.0,0.7843478856378212
isophon,47,3,4000.0,1.5456004123207379
isophon,47,3,6000.0,2.2573119478351202
isophon,47,3,8000.0,17.406186780458313
isophon,47,4,250.0,15.948411607252723
isophon,47,4,500.0,15.609338146942605
isophon,47,4,750.0,24.819551445774536
isophon,47,4,1000.0,21.726154966833633
isophon,47,4,1500.0,14.056381414312852
isophon,47,4,2000.0,5.26748622671829
isophon,47,4,3000.0,7.8348912131893655
isophon,47,4,4000.0,7.2535655820145735
isophon,47,4,6000.0,12.233742502123988
isophon,47,4,8000.0,23.134436146254785
isophon,47,5,250.0,13.557778717323743
isophon,47,5,500.0,12.702513130483794
isophon,47,5,750.0,24.16068793156819
isophon,47,5,1000.0,22.171214309530583
isophon,47,5,1500.0,18.27019395158186
isophon,47,5,2000.0,10.45145029446148
isophon,47,5,3000.0,14.577562880964265
isophon,47,5,4000.0,3.061879952413335
isophon,47,5,6000.0,14.228672094643755
isophon,47,5,8000.0,23.484638774816887
isophon,47,6,250.0,13.470596926284983
isophon,47,6,500.0,10.521745875005436
isophon,47,6,750.0,17.529655732812117
isophon,47,6,1000.0,18.03283492739294
isophon,47,6,1500.0,6.626446789366611
isophon,47,6,2000.0,6.917831695900844
isophon,47,6,3000.0,8.58012292050779
isophon,47,6,4000.0,-2.178828928571548
isophon,47,6,6000.0,7.839645506537906
isophon,47,6,8000.0,14.457957011524059
isophon,47,7,250.0,2.826693863332764
isophon,47,7,500.0,3.480147202748114
isophon,47,7,750.0,6.886283861834599
isophon,47,7,1000.0,12.038457140238052
isophon,47,7,1500.0,0.02885882603321477
isophon,47,7,2000.0,6.414632049561803
isophon,47,7,3000.0,8.337676721831997
isophon,47,7,4000.0,-7.001033833478957
isophon,47,7,6000.0,2.6091053647461138
isophon,47,7,8000.0,15.387097356177009
isophon,47,8,250.0,1.980771417903469
isophon,47,8,500.0,-0.5402811311470259
isophon,47,8,750.0,2.4987767670933465
isophon,47,8,1000.0,12.702052955829316
isophon,47,8,1500.0,-2.3763161123606693
isophon,47,8,2000.0,3.162661870442463
isophon,47,8,3000.0,4.57570477208516
isophon,47,8,4000.0,-8.426880667192023
isophon,47,8,6000.0,1.2517620008086112
isophon,47,8,8000.0,9.616197461582914
isophon,47,9,250.0,0.9881637452296559
isophon,47,9,500.0,-4.371058027835204
isophon,47,9,750.0,-1.6712345515155533
isophon,47,9,1000.0,8.983321700787684
isophon,47,9,1500.0,-6.052294709695289
isophon,47,9,2000.0,-1.1247579458309218
isophon,47,9,3000.0,-3.27544284926897
isophon,47,9,4000.0,-6.534404564235871
isophon,47,9,6000.0,-1.218367058411232
isophon,47,9,8000.0,2.058499469158093
isophon,47,10,250.0,-3.9920217497718795
isophon,47,10,500.0,-3.0680184327660527
isophon,47,10,750.0,-3.16256722589425
isophon,47,10,1000.0,5.305150036174851
isophon,47,10,1500.0,-9.713800729058022
isophon,47,10,2000.0,-6.277999944061079
isophon,47,10,3000.0,-4.141299193992623
isophon,47,10,4000.0,-5.336118446977693
isophon,47,10,6000.0,-1.5587305657554396
isophon,47,10,8000.0,0.3742431640625057
isophon,48,1,250.0,10.967869710491708
isophon,48,1,500.0,5.172986297268643
isophon,48,1,750.0,1.6836485474461753
isophon,48,1,1000.0,3.813121735409865
isophon,48,1,1500.0,18.81616301390624
isophon,48,1,2000.0,21.441577964529934
isophon,48,1,3000.0,10.052161521911621
isophon,48,1,4000.0,-0.5075238624479788
isophon,48,1,6000.0,17.985743827819825
isophon,48,1,8000.0,-27.908026963687092
isophon,48,2,250.0,15.131510364369191
isophon,48,2,500.0,-10.221540872932877
isophon,48,2,750.0,-11.432976769002046
isophon,48,2,1000.0,-6.288704403256816
isophon,48,2,1500.0,8.483362129370569
isophon,48,2,2000.0,4.735800491624353
isophon,48,2,3000.0,0.9667727661132801
isophon,48,2,4000.0,0.38200226643414226
isophon,48,2,6000.0,8.375670166015624
isophon,48,2,8000.0,-28.291979842130914
isophon,48,3,250.0,13.904517768718591
isophon,48,3,500.0,0.4541659766037469
isophon,48,3,750.0,-5.135728976821198
isophon,48,3,1000.0,1.5536772008407809
isophon,48,3,1500.0,1.5890264948160393
isophon,48,3,2000.0,2.362598633793631
isophon,48,3,3000.0,-4.695434467063265
isophon,48,3,4000.0,4.137832187075745
isophon,48,3,6000.0,15.172781333571244
isophon,48,3,8000.0,-19.299960251994236
isophon,48,4,250.0,9.486098506389098
isophon,48,4,500.0,4.301437738435794
isophon,48,4,750.0,-2.9337921638010585
isophon,48,4,1000.0,5.048056112355141
isophon,48,4,1500.0,-5.6749056616769735
isophon,48,4,2000.0,2.66701878519126
isophon,48,4,3000.0,-1.8345069538740688
isophon,48,4,4000.0,2.158942104212713
isophon,48,4,6000.0,3.305605373097606
isophon,48,4,8000.0,-22.453940586797998
isophon,48,5,250.0,0.0031234416242824636
isophon,48,5,500.0,1.2374695904778719
isophon,48,5,750.0,-9.286532693753301
isophon,48,5,1000.0,-0.8898473422646447
isophon,48,5,1500.0,-1.3240534275287814
isophon,48,5,2000.0,-4.084344466966115
isophon,48,5,3000.0,0.643689612237182
isophon,48,5,4000.0,-3.6725962144182205
isophon,48,5,6000.0,-7.236733812994686
isophon,48,5,8000.0,-18.55103069606939
isophon,48,6,250.0,5.108029584110838
isophon,48,6,500.0,5.457340143071278
isophon,48,6,750.0,-3.3219579186635286
isophon,48,6,1000.0,-1.180957640403193
isophon,48,6,1500.0,-1.3566390245018596
isophon,48,6,2000.0,-4.87842077515478
isophon,48,6,3000.0,3.1744405147603914
isophon,48,6,4000.0,-5.256155978032211
isophon,48,6,6000.0,-4.359126242981134
isophon,48,6,8000.0,-9.798882633647438
isophon,48,7,250.0,0.33353486344306305
isophon,48,7,500.0,6.477613871827131
isophon,48,7,750.0,-1.5771401079531415
isophon,48,7,1000.0,-0.08431893146908465
isophon,48,7,1500.0,-0.8659771024248499
isophon,48,7,2000.0,-3.131924299170109
isophon,48,7,3000.0,4.223937585072903
isophon,48,7,4000.0,-3.2635356598899534
isophon,48,7,6000.0,-2.1941468423463704
isophon,48,7,8000.0,-7.439765696603416
isophon,48,8,250.0,0.44468238401708504
isophon,48,8,500.0,6.711451600611042
isophon,48,8,750.0,-0.9523641177322446
isophon,48,8,1000.0,1.6138285956103715
isophon,48,8,1500.0,0.9489698879120851
isophon,48,8,2000.0,-2.3766524272406286
isophon,48,8,3000.0,2.091364325426426
isophon,48,8,4000.0,-5.610139902334637
isophon,48,8,6000.0,-2.548062748314436
isophon,48,8,8000.0,-6.098955624326948
isophon,48,9,250.0,0.630917915296024
isophon,48,9,500.0,5.992014803212953
isophon,48,9,750.0,-0.8238234149218044
isophon,48,9,1000.0,2.128354975951922
isophon,48,9,1500.0,1.934679820923762
isophon,48,9,2000.0,-1.2826342280714726
isophon,48,9,3000.0,0.4427226046965558
isophon,48,9,4000.0,-7.264648139443253
isophon,48,9,6000.0,-3.2965916399758157
isophon,48,9,8000.0,-5.347875426442656
isophon,48,10,250.0,-1.9759082301066542
isophon,48,10,500.0,-2.6645364906524662
isophon,48,10,750.0,-0.7794432240277587
isophon,48,10,1000.0,-0.0902713786147018
isophon,48,10,1500.0,-2.638849299052964
isophon,48,10,2000.0,-5.10004365451104
isophon,48,10,3000.0,-7.566487884521479
isophon,48,10,4000.0,-8.44643718672107
isophon,48,10,6000.0,-6.130925750732416
isophon,48,10,8000.0,-3.1855174190000923
isophon,49,1,250.0,4.739533699434425
isophon,49,1,500.0,0.969853897302599
isophon,49,1,750.0,-3.447475440573612
isophon,49,1,1000.0,2.7483382877631453
isophon,49,1,1500.0,-5.375468702553505
isophon,49,1,2000.0,4.074270884551201
isophon,49,1,3000.0,7.62824065236704
isophon,49,1,4000.0,1.5833130391109052
isophon,49,1,6000.0,-3.732049198251545
isophon,49,1,8000.0,-4.133591047192915
isophon,49,2,250.0,-1.8739213939116866
isophon,49,2,500.0,-5.895638262903219
isophon,49,2,750.0,-2.009182900619507
isophon,49,2,1000.0,0.14622174237585028
isophon,49,2,1500.0,1.7289701454928803
isophon,49,2,2000.0,6.1867968565722045
isophon,49,2,3000.0,2.8472315770494987
isophon,49,2,4000.0,-2.36125018053729
isophon,49,2,6000.0,-9.177849300946647
isophon,49,2,8000.0,-12.640807705597709
isophon,49,3,250.0,-8.31320742040947
isophon,49,3,500.0,-5.325259190980432
isophon,49,3,750.0,-1.4399937403728629
isophon,49,3,1000.0,2.890023178668038
isophon,49,3,1500.0,-5.12765526466567
isophon,49,3,2000.0,2.8973135372981176
isophon,49,3,3000.0,-4.7132025173454934
isophon,49,3,4000.0,2.8775825708213603
isophon,49,3,6000.0,-1.2168298940710898
isophon,49,3,8000.0,-4.70712161134697
isophon,49,4,250.0,-2.7669519462377536
isophon,49,4,500.0,-4.127819608103501
isophon,49,4,750.0,-2.2566887781436975
isophon,49,4,1000.0,-3.5867371901221006
isophon,49,4,1500.0,-3.5489315932262
isophon,49,4,2000.0,1.3994642985912265
isophon,49,4,3000.0,0.10232765136223776
isophon,49,4,4000.0,9.096084693493722
isophon,49,4,6000.0,0.24829712995326503
isophon,49,4,8000.0,-2.263597941377327
isophon,49,5,250.0,2.6915456937676936
isophon,49,5,500.0,-9.907746627903947
isophon,49,5,750.0,-6.362001403134201
isophon,49,5,1000.0,-9.311342254433768
isophon,49,5,1500.0,-5.509468676315123
isophon,49,5,2000.0,2.1175480903328605
isophon,49,5,3000.0,1.8538337857380185
isophon,49,5,4000.0,9.172547717001152
isophon,49,5,6000.0,-1.9698680277357
isophon,49,5,8000.0,4.128419140471394
isophon,49,6,250.0,-3.18757843915013
isophon,49,6,500.0,1.7802895805399146
isophon,49,6,750.0,5.66908787736125
isophon,49,6,1000.0,0.690625295844356
isophon,49,6,1500.0,-2.2229081506626187
isophon,49,6,2000.0,6.0870919982857
isophon,49,6,3000.0,-2.8757270324708344
isophon,49,6,4000.0,3.9542489517779416
isophon,49,6,6000.0,2.736503170607932
isophon,49,6,8000.0,0.19953717370030688
isophon,49,7,250.0,1.8215721936897182
isophon,49,7,500.0,1.679873491345404
isophon,49,7,750.0,5.678975758594476
isophon,49,7,1000.0,-0.5835421356819381
isophon,49,7,1500.0,-2.4583208783421924
isophon,49,7,2000.0,7.215852360631359
isophon,49,7,3000.0,-9.378830781547492
isophon,49,7,4000.0,-10.389239348570214
isophon,49,7,6000.0,-3.3077909662495557
isophon,49,7,8000.0,-0.9041952690487847
isophon,49,8,250.0,1.880977133947212
isophon,49,8,500.0,3.1254170100104943
isophon,49,8,750.0,6.858888434014531
isophon,49,8,1000.0,-0.804388585571175
isophon,49,8,1500.0,-1.5261069108397862
isophon,49,8,2000.0,2.0027516344282645
isophon,49,8,3000.0,-9.251429366576772
isophon,49,8,4000.0,-10.526011434175885
isophon,49,8,6000.0,-5.454856955715641
isophon,49,8,8000.0,-4.133184715560006
isophon,49,9,250.0,2.0566146356527355
isophon,49,9,500.0,4.893542734570573
isophon,49,9,750.0,6.794372605397058
isophon,49,9,1000.0,-3.853814814177383
isophon,49,9,1500.0,-3.6087011836121405
isophon,49,9,2000.0,1.5341234429036916
isophon,49,9,3000.0,-11.869107423729673
isophon,49,9,4000.0,-11.161249276835335
isophon,49,9,6000.0,-8.863611381591738
isophon,49,9,8000.0,-7.4020148388400315
isophon,49,10,250.0,-3.107919856887591
isophon,49,10,500.0,4.055057366741664
isophon,49,10,750.0,1.918279060327535
isophon,49,10,1000.0,-5.886203872357896
isophon,49,10,1500.0,-3.3117182712372397
isophon,49,10,2000.0,1.1902309852911372
isophon,49,10,3000.0,-17.62178385592736
isophon,49,10,4000.0,-6.288259805549501
isophon,49,10,6000.0,-11.673794390052933
isophon,49,10,8000.0,-9.162506680119506
isophon,50,1,250.0,20.378819800571122
isophon,50,1,500.0,2.294319461248655
isophon,50,1,750.0,10.806710818742893
isophon,50,1,1000.0,14.051568798284187
isophon,50,1,1500.0,3.6668578177705204
isophon,50,1,2000.0,-0.9286786389042945
isophon,50,1,3000.0,8.024809583548922
isophon,50,1,4000.0,-3.5961545395561885
isophon,50,1,6000.0,1.1190479418069357
isophon,50,1,8000.0,-15.116499869378892
isophon,50,2,250.0,10.297724491480366
isophon,50,2,500.0,13.46896927779268
isophon,50,2,750.0,5.846731994164266
isophon,50,2,1000.0,6.649511507777241
isophon,50,2,1500.0,6.534598018984909
isophon,50,2,2000.0,-7.112663352165093
isophon,50,2,3000.0,-3.061591101147915
isophon,50,2,4000.0,-6.857189050740509
isophon,50,2,6000.0,-9.505146571255118
isophon,50,2,8000.0,-21.43793936732346
isophon,50,3,250.0,0.23467324485132224
isophon,50,3,500.0,8.44043664521162
isophon,50,3,750.0,5.583608953337858
isophon,50,3,1000.0,1.4724975776822902
isophon,50,3,1500.0,-0.10297219409021352
isophon,50,3,2000.0,-14.971215606092194
isophon,50,3,3000.0,3.228648954247465
isophon,50,3,4000.0,-7.632579616565025
isophon,50,3,6000.0,-7.626312919752991
isophon,50,3,8000.0,-20.37600504839726
isophon,50,4,250.0,1.925056116991442
isophon,50,4,500.0,3.311820985253185
isophon,50,4,750.0,3.6993920014085617
isophon,50,4,1000.0,1.9139004111852103
isophon,50,4,1500.0,1.9733135554304582
isophon,50,4,2000.0,-14.444712552509202
isophon,50,4,3000.0,1.4677699506190294
isophon,50,4,4000.0,-2.579937481257666
isophon,50,4,6000.0,-0.5479790705072389
isophon,50,4,8000.0,-17.882617421632595
isophon,50,5,250.0,-3.305068850435333
isophon,50,5,500.0,11.390507952584322
isophon,50,5,750.0,1.9496833816473327
isophon,50,5,1000.0,3.58839103149797
isophon,50,5,1500.0,5.367988647096411
isophon,50,5,2000.0,-9.706560732030752
isophon,50,5,3000.0,3.4167346273952717
isophon,50,5,4000.0,1.2066860204207117
isophon,50,5,6000.0,6.373446465958516
isophon,50,5,8000.0,-13.52339656209174
isophon,50,6,250.0,-1.3546995403538915
isophon,50,6,500.0,-6.094526343230342
isophon,50,6,750.0,-11.525452869378142
isophon,50,6,1000.0,-7.555571861051817
isophon,50,6,1500.0,-1.7255870340227233
isophon,50,6,2000.0,-3.8164010341480434
isophon,50,6,3000.0,1.120574164755098
isophon,50,6,4000.0,5.182542876857013
isophon,50,6,6000.0,15.476377367213082
isophon,50,6,8000.0,1.2095905209340216
isophon,50,7,250.0,1.4636032879770369
isophon,50,7,500.0,-2.344780952501722
isophon,50,7,750.0,-7.456731977782056
isophon,50,7,1000.0,-5.169925936277025
isophon,50,7,1500.0,2.179287118154434
isophon,50,7,2000.0,-1.528341174586096
isophon,50,7,3000.0,3.5433581033434365
isophon,50,7,4000.0,11.244798175267853
isophon,50,7,6000.0,15.78584620718776
isophon,50,7,8000.0,0.41417194008151625
isophon,50,8,250.0,2.255362737829813
isophon,50,8,500.0,-1.7300916252307417
isophon,50,8,750.0,-3.1085495669796757
isophon,50,8,1000.0,-2.1708921233158804
isophon,50,8,1500.0,7.242689450194774
isophon,50,8,2000.0,-5.400339884994736
isophon,50,8,3000.0,3.637466367545109
isophon,50,8,4000.0,14.491537330074614
isophon,50,8,6000.0,16.042760559917078
isophon,50,8,8000.0,3.822969584180484
isophon,50,9,250.0,-0.8280686807397757
isophon,50,9,500.0,-2.5706987199201876
isophon,50,9,750.0,2.6600580762828656
isophon,50,9,1000.0,0.4439402171734912
isophon,50,9,1500.0,7.844307453934817
isophon,50,9,2000.0,-4.247188077636764
isophon,50,9,3000.0,10.124188850224144
isophon,50,9,4000.0,19.85221424238103
isophon,50,9,6000.0,18.565422348458604
isophon,50,9,8000.0,7.459869289365841
isophon,50,10,250.0,9.995818881699634
isophon,50,10,500.0,3.9761816734196174
isophon,50,10,750.0,9.521626770920633
isophon,50,10,1000.0,9.199058188649616
isophon,50,10,1500.0,11.609141134166038
isophon,50,10,2000.0,-1.974961723446441
isophon,50,10,3000.0,10.267456872279624
isophon,50,10,4000.0,29.722671240982912
isophon,50,10,6000.0,24.642517498236856
isophon,50,10,8000.0,13.897836804298294
isophon,51,1,250.0,-32.19889372194302
isophon,51,1,500.0,5.096644532384147
isophon,51,1,750.0,2.910725560462623
isophon,51,1,1000.0,7.405340514235313
isophon,51,1,1500.0,-7.748725110629369
isophon,51,1,2000.0,-5.605511194913404
isophon,51,1,3000.0,10.985446281433106
isophon,51,1,4000.0,3.584539518745668
isophon,51,1,6000.0,10.943612796971362
isophon,51,1,8000.0,31.701948471069336
isophon,51,2,250.0,-18.497231964613604
isophon,51,2,500.0,3.067524520515448
isophon,51,2,750.0,4.520877704906987
isophon,51,2,1000.0,2.5188700411953775
isophon,51,2,1500.0,-6.249130408108208
isophon,51,2,2000.0,6.155147479224695
isophon,51,2,3000.0,3.1228648970930806
isophon,51,2,4000.0,1.5742672302021532
isophon,51,2,6000.0,-0.1726474081612821
isophon,51,2,8000.0,12.107788772583007
isophon,51,3,250.0,-10.585303362817442
isophon,51,3,500.0,-0.2555480044079843
isophon,51,3,750.0,7.498480455855834
isophon,51,3,1000.0,0.030268629547101966
isophon,51,3,1500.0,-3.4426694262120634
isophon,51,3,2000.0,5.26977550522907
isophon,51,3,3000.0,-5.980738506801984
isophon,51,3,4000.0,-7.715625370377268
isophon,51,3,6000.0,-7.575239531424927
isophon,51,3,8000.0,8.825273859110908
isophon,51,4,250.0,0.3172740723513101
isophon,51,4,500.0,-1.2145888532944582
isophon,51,4,750.0,8.135758602047417
isophon,51,4,1000.0,1.2138396676683811
isophon,51,4,1500.0,-3.9111789717606484
isophon,51,4,2000.0,-0.42352363438365614
isophon,51,4,3000.0,-4.311888120974231
isophon,51,4,4000.0,-3.9816175492433956
isophon,51,4,6000.0,-10.500045490067293
isophon,51,4,8000.0,-0.10373609629786529
isophon,51,5,250.0,12.801558862731824
isophon,51,5,500.0,4.869714505192775
isophon,51,5,750.0,8.100190881493177
isophon,51,5,1000.0,1.9456748062076485
isophon,51,5,1500.0,-1.4535964216893262
isophon,51,5,2000.0,0.10044565927772453
isophon,51,5,3000.0,-3.9972015872315154
isophon,51,5,4000.0,-0.3023639186486946
isophon,51,5,6000.0,-3.156466014387931
isophon,51,5,8000.0,-0.1412176790963997
isophon,51,6,250.0,4.552524343536959
isophon,51,6,500.0,5.340006398198625
isophon,51,6,750.0,4.234149459643433
isophon,51,6,1000.0,-2.9334903127780336
isophon,51,6,1500.0,-6.294890293527317
isophon,51,6,2000.0,-4.625172873348433
isophon,51,6,3000.0,-9.944687174390438
isophon,51,6,4000.0,-7.041921621898055
isophon,51,6,6000.0,-3.0436587991633246
isophon,51,6,8000.0,-1.0815072589606274
isophon,51,7,250.0,1.8191021729264634
isophon,51,7,500.0,6.047440553512388
isophon,51,7,750.0,4.666109439228478
isophon,51,7,1000.0,1.96559381401714
isophon,51,7,1500.0,-2.0152733432169043
isophon,51,7,2000.0,-2.2700529353106873
isophon,51,7,3000.0,-7.736306608735404
isophon,51,7,4000.0,-4.946568129253706
isophon,51,7,6000.0,-0.1573407160657183
isophon,51,7,8000.0,-2.119532906632216
isophon,51,8,250.0,2.978349964300861
isophon,51,8,500.0,6.5735538803292854
isophon,51,8,750.0,2.9486353056449417
isophon,51,8,1000.0,2.276027662549339
isophon,51,8,1500.0,1.0628120878125173
isophon,51,8,2000.0,-0.21934520649470812
isophon,51,8,3000.0,-10.535551093384484
isophon,51,8,4000.0,-1.551660932896965
isophon,51,8,6000.0,-1.9140662438063032
isophon,51,8,8000.0,-5.335926513671879
isophon,51,9,250.0,3.345229509177358
isophon,51,9,500.0,5.64469546335701
isophon,51,9,750.0,3.3514293002096593
isophon,51,9,1000.0,1.5534707666311363
isophon,51,9,1500.0,2.8638834692255273
isophon,51,9,2000.0,2.2320630071266407
isophon,51,9,3000.0,-8.345706024169928
isophon,51,9,4000.0,1.0443658359807557
isophon,51,9,6000.0,0.19579884237874978
isophon,51,9,8000.0,-3.5448294067382875
isophon,51,10,250.0,1.781714503979245
isophon,51,10,500.0,-1.6051720988423597
isophon,51,10,750.0,2.922617922630323
isophon,51,10,1000.0,0.05725545402535204
isophon,51,10,1500.0,4.166944812296961
isophon,51,10,2000.0,4.665142304889969
isophon,51,10,3000.0,-5.816567993164057
isophon,51,10,4000.0,2.019326068692891
isophon,51,10,6000.0,1.311692797688167
isophon,51,10,8000.0,-2.014390563964838
isophon,52,1,250.0,-10.51351995573502
isophon,52,1,500.0,-22.049609486911223
isophon,52,1,750.0,8.324684448242188
isophon,52,1,1000.0,10.570088214874268
isophon,52,1,1500.0,7.78368312835693
isophon,52,1,2000.0,-4.950344746372812
isophon,52,1,3000.0,13.010311431884766
isophon,52,1,4000.0,8.089323779609465
isophon,52,1,6000.0,12.495123687514905
isophon,52,1,8000.0,47.851183514913
isophon,52,2,250.0,-5.505276036765423
isophon,52,2,500.0,-4.346060437525296
isophon,52,2,750.0,-0.022298126220704262
isophon,52,2,1000.0,-2.052754669189447
isophon,52,2,1500.0,2.068049011813784
isophon,52,2,2000.0,5.7494664685295405
isophon,52,2,3000.0,2.0987384033203114
isophon,52,2,4000.0,14.042579291332181
isophon,52,2,6000.0,10.72872764589026
isophon,52,2,8000.0,30.821480473287373
isophon,52,3,250.0,-2.1260445861225037
isophon,52,3,500.0,-7.664377863944651
isophon,52,3,750.0,-1.5350946994568275
isophon,52,3,1000.0,-0.047706055462349184
isophon,52,3,1500.0,-2.082270431514452
isophon,52,3,2000.0,7.1916156088084335
isophon,52,3,3000.0,-5.918463611510802
isophon,52,3,4000.0,7.533681813604758
isophon,52,3,6000.0,5.412303145843481
isophon,52,3,8000.0,20.119831414355957
isophon,52,4,250.0,-6.5274459942092165
isophon,52,4,500.0,-7.765914055404878
isophon,52,4,750.0,1.082097942671993
isophon,52,4,1000.0,2.387864964667486
isophon,52,4,1500.0,-2.169443166615764
isophon,52,4,2000.0,3.1187674528862033
isophon,52,4,3000.0,-10.285114587944094
isophon,52,4,4000.0,-4.541190393907712
isophon,52,4,6000.0,-3.187559514256904
isophon,52,4,8000.0,18.438404437897248
isophon,52,5,250.0,-0.5101687542322253
isophon,52,5,500.0,-2.9378118404001583
isophon,52,5,750.0,4.212906274520535
isophon,52,5,1000.0,9.451770234938593
isophon,52,5,1500.0,4.111088647318411
isophon,52,5,2000.0,-0.045774554837038295
isophon,52,5,3000.0,-6.9012343614561615
isophon,52,5,4000.0,-2.2019055206802847
isophon,52,5,6000.0,2.3090851164271555
isophon,52,5,8000.0,16.29985931029222
isophon,52,6,250.0,-1.2799748743442763
isophon,52,6,500.0,-0.9146808750377744
isophon,52,6,750.0,6.856803836069773
isophon,52,6,1000.0,7.99075872975331
isophon,52,6,1500.0,-1.4031937995136445
isophon,52,6,2000.0,-1.2661019198399401
isophon,52,6,3000.0,0.4132926160828987
isophon,52,6,4000.0,2.3987976811999516
isophon,52,6,6000.0,5.42520402378716
isophon,52,6,8000.0,17.65820571821648
isophon,52,7,250.0,-0.9993342507021055
isophon,52,7,500.0,2.133878886132365
isophon,52,7,750.0,6.22305937131641
isophon,52,7,1000.0,12.076493262220595
isophon,52,7,1500.0,-1.2295459448911572
isophon,52,7,2000.0,-3.0628328821865836
isophon,52,7,3000.0,3.526824357423891
isophon,52,7,4000.0,5.142306037072771
isophon,52,7,6000.0,3.241893381183189
isophon,52,7,8000.0,18.564060144647087
isophon,52,8,250.0,0.7266163208163761
isophon,52,8,500.0,0.873218856567263
isophon,52,8,750.0,4.100879285234328
isophon,52,8,1000.0,6.613910442290518
isophon,52,8,1500.0,-6.6253323364256005
isophon,52,8,2000.0,-2.726415571538368
isophon,52,8,3000.0,1.170620684823561
isophon,52,8,4000.0,6.904925832388159
isophon,52,8,6000.0,2.8348441494369467
isophon,52,8,8000.0,19.545299360711482
isophon,52,9,250.0,0.9374169509299293
isophon,52,9,500.0,-1.6490652398281043
isophon,52,9,750.0,0.8936064829614452
isophon,52,9,1000.0,3.62285663225866
isophon,52,9,1500.0,-4.981146850585759
isophon,52,9,2000.0,-0.25102336683794135
isophon,52,9,3000.0,-3.011611339476758
isophon,52,9,4000.0,7.90153922728922
isophon,52,9,6000.0,3.0449398535485983
isophon,52,9,8000.0,18.05901483823304
isophon,52,10,250.0,2.6373115583775757
isophon,52,10,500.0,-1.367793178968185
isophon,52,10,750.0,0.6614097595214901
isophon,52,10,1000.0,-0.8791175842285099
isophon,52,10,1500.0,-4.286077117919746
isophon,52,10,2000.0,1.8741715167110442
isophon,52,10,3000.0,-1.343644714355463
isophon,52,10,4000.0,8.495641102696297
isophon,52,10,6000.0,3.766551915002765
isophon,52,10,8000.0,7.703881390558109
isophon,53,1,250.0,-3.439352435297124
isophon,53,1,500.0,26.022188266415633
isophon,53,1,750.0,11.019302212308322
isophon,53,1,1000.0,-2.6696809980169007
isophon,53,1,1500.0,-5.269275303109161
isophon,53,1,2000.0,5.798140387727056
isophon,53,1,3000.0,0.36850734510947536
isophon,53,1,4000.0,-7.1103763220564655
isophon,53,1,6000.0,2.4467050669146033
isophon,53,1,8000.0,32.66334945678711
isophon,53,2,250.0,3.7376009257945384
isophon,53,2,500.0,17.21469300377452
isophon,53,2,750.0,14.253885665605534
isophon,53,2,1000.0,5.227023925385183
isophon,53,2,1500.0,6.8337330761765
isophon,53,2,2000.0,8.698607925681099
isophon,53,2,3000.0,4.782391023313952
isophon,53,2,4000.0,3.2652445986617025
isophon,53,2,6000.0,-2.5032422849763236
isophon,53,2,8000.0,17.920308751747385
isophon,53,3,250.0,-2.364247732934956
isophon,53,3,500.0,1.993968639746356
isophon,53,3,750.0,3.8749263910533216
isophon,53,3,1000.0,-7.584309525420238
isophon,53,3,1500.0,7.23469870850731
isophon,53,3,2000.0,3.6371882377636524
isophon,53,3,3000.0,-8.495367616578065
isophon,53,3,4000.0,0.1614871653518719
isophon,53,3,6000.0,-6.335903787032862
isophon,53,3,8000.0,14.794424925521412
isophon,53,4,250.0,-8.304266215422587
isophon,53,4,500.0,-10.905524320803295
isophon,53,4,750.0,0.7117251828371138
isophon,53,4,1000.0,-2.3768631630379815
isophon,53,4,1500.0,2.8331664205071405
isophon,53,4,2000.0,2.8066465997398424
isophon,53,4,3000.0,-16.75192476684842
isophon,53,4,4000.0,-2.5427040441962987
isophon,53,4,6000.0,-8.226383566928206
isophon,53,4,8000.0,3.1972464826189366
isophon,53,5,250.0,-6.131228493285718
isophon,53,5,500.0,-0.4779377052384035
isophon,53,5,750.0,5.51864394564771
isophon,53,5,1000.0,6.124938918036946
isophon,53,5,1500.0,7.38839893332792
isophon,53,5,2000.0,4.590521804201927
isophon,53,5,3000.0,-13.255836185209233
isophon,53,5,4000.0,-2.079512431673109
isophon,53,5,6000.0,-3.209349737144109
isophon,53,5,8000.0,2.6921887164180305
isophon,53,6,250.0,-1.2658326698017959
isophon,53,6,500.0,-0.9598298901720597
isophon,53,6,750.0,2.571856448452891
isophon,53,6,1000.0,1.1546683600064824
isophon,53,6,1500.0,5.1911350420186295
isophon,53,6,2000.0,3.3950603851232586
isophon,53,6,3000.0,-10.088256734656937
isophon,53,6,4000.0,-1.397293658066161
isophon,53,6,6000.0,2.3452235081200854
isophon,53,6,8000.0,4.869487267563883
isophon,53,7,250.0,2.3199892284121546
isophon,53,7,500.0,1.9741582084063083
isophon,53,7,750.0,5.627337687810112
isophon,53,7,1000.0,2.476646162962254
isophon,53,7,1500.0,2.8437731228085
isophon,53,7,2000.0,3.5010493079798124
isophon,53,7,3000.0,-4.697805319362018
isophon,53,7,4000.0,4.396297851548269
isophon,53,7,6000.0,3.611890539444971
isophon,53,7,8000.0,7.872041518640387
isophon,53,8,250.0,1.2457239335259658
isophon,53,8,500.0,0.44589795398739795
isophon,53,8,750.0,3.994815340536988
isophon,53,8,1000.0,1.9871443791411139
isophon,53,8,1500.0,1.6181636039537182
isophon,53,8,2000.0,-1.6574315218472861
isophon,53,8,3000.0,-5.7502845924528145
isophon,53,8,4000.0,4.421979432125781
isophon,53,8,6000.0,5.327879530106742
isophon,53,8,8000.0,9.372482627906066
isophon,53,9,250.0,1.5720379735277987
isophon,53,9,500.0,0.6592055748181593
isophon,53,9,750.0,0.019370094381130798
isophon,53,9,1000.0,-1.4196691893151865
isophon,53,9,1500.0,-2.446319497567245
isophon,53,9,2000.0,-3.9058422541215805
isophon,53,9,3000.0,-8.761624121489348
isophon,53,9,4000.0,-0.3766099033168899
isophon,53,9,6000.0,5.814589072379249
isophon,53,9,8000.0,10.107663235576112
isophon,53,10,250.0,1.1593656294883203
isophon,53,10,500.0,0.321669163689819
isophon,53,10,750.0,-1.0895593991104846
isophon,53,10,1000.0,-4.423252308323924
isophon,53,10,1500.0,-1.5516414149028606
isophon,53,10,2000.0,-3.737661328484293
isophon,53,10,3000.0,-7.442756522878582
isophon,53,10,4000.0,1.069166313637055
isophon,53,10,6000.0,7.23214787098604
isophon,53,10,8000.0,11.566561245830016
isophon,54,1,250.0,-11.47138080820686
isophon,54,1,500.0,-4.941190005175912
isophon,54,1,750.0,-10.062589104463104
isophon,54,1,1000.0,-1.9238609801800237
isophon,54,1,1500.0,-0.6719380632974943
isophon,54,1,2000.0,-10.025455674788091
isophon,54,1,3000.0,-6.359526184926658
isophon,54,1,4000.0,-4.130573825338672
isophon,54,1,6000.0,-2.379060249358801
isophon,54,1,8000.0,10.910296194263484
isophon,54,2,250.0,1.005241722781058
isophon,54,2,500.0,-0.6092574930296664
isophon,54,2,750.0,-4.520328291722748
isophon,54,2,1000.0,-1.181108127256664
isophon,54,2,1500.0,-3.0714788000178785
isophon,54,2,2000.0,8.414546854982923
isophon,54,2,3000.0,1.9191211687002792
isophon,54,2,4000.0,-5.031326689729937
isophon,54,2,6000.0,0.5242456591966516
isophon,54,2,8000.0,-3.921177472368356
isophon,54,3,250.0,8.178350280834557
isophon,54,3,500.0,11.029453902628312
isophon,54,3,750.0,5.358717951855176
isophon,54,3,1000.0,4.6083436919712
isophon,54,3,1500.0,-4.312884642878913
isophon,54,3,2000.0,-2.415590234905416
isophon,54,3,3000.0,-0.46156946793442444
isophon,54,3,4000.0,-0.05926806952098218
isophon,54,3,6000.0,2.108450694192527
isophon,54,3,8000.0,6.4260291190830685
isophon,54,4,250.0,9.08549288979195
isophon,54,4,500.0,11.73887068866128
isophon,54,4,750.0,15.490138154922725
isophon,54,4,1000.0,8.531547331272023
isophon,54,4,1500.0,3.550685348329651
isophon,54,4,2000.0,-2.9431871387313464
isophon,54,4,3000.0,5.707654891177583
isophon,54,4,4000.0,1.7639576060208952
isophon,54,4,6000.0,8.170277044185426
isophon,54,4,8000.0,9.05726776341507
isophon,54,5,250.0,10.057730929735186
isophon,54,5,500.0,13.403007434126934
isophon,54,5,750.0,17.33102521678964
isophon,54,5,1000.0,9.415942890623356
isophon,54,5,1500.0,8.55306025035668
isophon,54,5,2000.0,4.221690802122524
isophon,54,5,3000.0,12.820191894262166
isophon,54,5,4000.0,1.8944227540383451
isophon,54,5,6000.0,13.209200724556496
isophon,54,5,8000.0,12.57372734090751
isophon,54,6,250.0,12.765235831576348
isophon,54,6,500.0,7.457209442582339
isophon,54,6,750.0,14.62905027764809
isophon,54,6,1000.0,6.619996332358085
isophon,54,6,1500.0,3.9299205968932966
isophon,54,6,2000.0,3.6208702596243967
isophon,54,6,3000.0,10.832703057031253
isophon,54,6,4000.0,0.38636152361780773
isophon,54,6,6000.0,9.793583169015037
isophon,54,6,8000.0,3.24518197242638
isophon,54,7,250.0,3.038192828614129
isophon,54,7,500.0,2.933693458634025
isophon,54,7,750.0,5.652071986964373
isophon,54,7,1000.0,4.117481824678379
isophon,54,7,1500.0,2.5077531752338302
isophon,54,7,2000.0,4.525238310357622
isophon,54,7,3000.0,11.020401788203657
isophon,54,7,4000.0,-2.0239244320437564
isophon,54,7,6000.0,7.391420937309633
isophon,54,7,8000.0,5.342558370267341
isophon,54,8,250.0,2.341056804679326
isophon,54,8,500.0,1.653814505653628
isophon,54,8,750.0,3.21698048435114
isophon,54,8,1000.0,5.716746643044104
isophon,54,8,1500.0,-0.637561827420825
isophon,54,8,2000.0,3.339067298884501
isophon,54,8,3000.0,8.79688733878234
isophon,54,8,4000.0,-3.045094746700528
isophon,54,8,6000.0,6.9128788111944885
isophon,54,8,8000.0,2.3521807840876363
isophon,54,9,250.0,2.3588260745511604
isophon,54,9,500.0,0.7825019309393895
isophon,54,9,750.0,2.5162341837371685
isophon,54,9,1000.0,3.1203109845112493
isophon,54,9,1500.0,-3.446996243525078
isophon,54,9,2000.0,-1.8706629395101402
isophon,54,9,3000.0,4.7749686815287475
isophon,54,9,4000.0,-1.330005964757973
isophon,54,9,6000.0,4.138506297183241
isophon,54,9,8000.0,-2.267865858777043
isophon,54,10,250.0,-2.9328118216619714
isophon,54,10,500.0,2.7017544019498985
isophon,54,10,750.0,1.2364665803687842
isophon,54,10,1000.0,2.381713340082797
isophon,54,10,1500.0,-5.4743825748257535
isophon,54,10,2000.0,-6.983777198030708
isophon,54,10,3000.0,-3.6636747399940646
isophon,54,10,4000.0,-0.3040709639162458
isophon,54,10,6000.0,5.170159446721911
isophon,54,10,8000.0,-2.1549207362847653
isophon,55,1,250.0,-10.42525634617025
isophon,55,1,500.0,-5.708041589984852
isophon,55,1,750.0,11.399356670379639
isophon,55,1,1000.0,5.9960612242857
isophon,55,1,1500.0,-5.107761254883982
isophon,55,1,2000.0,5.098809573951991
isophon,55,1,3000.0,10.144436187744141
isophon,55,1,4000.0,-8.349916304294531
isophon,55,1,6000.0,-5.063984563770198
isophon,55,1,8000.0,11.668791030804258
isophon,55,2,250.0,-10.835317392291742
isophon,55,2,500.0,0.2698877510656814
isophon,55,2,750.0,4.844672622747474
isophon,55,2,1000.0,10.948341356160313
isophon,55,2,1500.0,2.4918750687069355
isophon,55,2,2000.0,4.1121214335931136
isophon,55,2,3000.0,-6.058061866760255
isophon,55,2,4000.0,1.2320744842896332
isophon,55,2,6000.0,0.4045093354478908
isophon,55,2,8000.0,-3.97991185306401
isophon,55,3,250.0,-15.753020615608165
isophon,55,3,500.0,-11.425707743925493
isophon,55,3,750.0,-4.12869122115945
isophon,55,3,1000.0,-1.9357814366310748
isophon,55,3,1500.0,-0.9341917120798584
isophon,55,3,2000.0,6.38438335875756
isophon,55,3,3000.0,-1.0794102062126356
isophon,55,3,4000.0,9.072680898873557
isophon,55,3,6000.0,2.4488518256963374
isophon,55,3,8000.0,9.48655974410385
isophon,55,4,250.0,-5.811242970252437
isophon,55,4,500.0,-12.557367561749345
isophon,55,4,750.0,-3.0463586721236595
isophon,55,4,1000.0,-6.539485556820381
isophon,55,4,1500.0,-5.965726637371006
isophon,55,4,2000.0,4.724818719924222
isophon,55,4,3000.0,-1.7431058243268467
isophon,55,4,4000.0,-3.95073921613573
isophon,55,4,6000.0,1.3052574960848915
isophon,55,4,8000.0,16.762973998033402
isophon,55,5,250.0,-6.471502779469432
isophon,55,5,500.0,-2.028851536990487
isophon,55,5,750.0,-0.06940730061600675
isophon,55,5,1000.0,0.37581642813337623
isophon,55,5,1500.0,-1.307185798359285
isophon,55,5,2000.0,3.6666441441681457
isophon,55,5,3000.0,0.11169393428187391
isophon,55,5,4000.0,2.658008643373961
isophon,55,5,6000.0,5.851895699269136
isophon,55,5,8000.0,5.796324123107269
isophon,55,6,250.0,2.138011898716371
isophon,55,6,500.0,2.50088572794958
isophon,55,6,750.0,-0.12657116563303816
isophon,55,6,1000.0,-0.17759577322850362
isophon,55,6,1500.0,-1.493373163564513
isophon,55,6,2000.0,2.1375000433808253
isophon,55,6,3000.0,-0.08161981278730934
isophon,55,6,4000.0,2.109297114681553
isophon,55,6,6000.0,6.808380451900007
isophon,55,6,8000.0,4.841543140142676
isophon,55,7,250.0,5.563314597429439
isophon,55,7,500.0,3.240279779108718
isophon,55,7,750.0,1.6769337065276773
isophon,55,7,1000.0,4.119772447798965
isophon,55,7,1500.0,5.8784620871488755
isophon,55,7,2000.0,7.734291798117368
isophon,55,7,3000.0,7.69778143232989
isophon,55,7,4000.0,5.728155822934141
isophon,55,7,6000.0,9.204379473990514
isophon,55,7,8000.0,7.448971168800128
isophon,55,8,250.0,5.260963990413316
isophon,55,8,500.0,2.139571036595541
isophon,55,8,750.0,-0.7666181414105182
isophon,55,8,1000.0,2.4189282576597577
isophon,55,8,1500.0,3.938562606259538
isophon,55,8,2000.0,8.034771914988866
isophon,55,8,3000.0,5.156716619389428
isophon,55,8,4000.0,7.187044161707291
isophon,55,8,6000.0,10.774510541314427
isophon,55,8,8000.0,8.174238370053317
isophon,55,9,250.0,3.135910120647111
isophon,55,9,500.0,2.2732778935074123
isophon,55,9,750.0,1.1822137451171812
isophon,55,9,1000.0,0.5444404163675074
isophon,55,9,1500.0,0.6416875927883723
isophon,55,9,2000.0,7.863855013111262
isophon,55,9,3000.0,0.0801095581054625
isophon,55,9,4000.0,5.569246727602319
isophon,55,9,6000.0,9.436642866665863
isophon,55,9,8000.0,9.514521330548604
isophon,55,10,250.0,3.033330772865
isophon,55,10,500.0,3.569440286588687
isophon,55,10,750.0,2.367933654785162
isophon,55,10,1000.0,-0.45037994384765057
isophon,55,10,1500.0,0.48384030402893075
isophon,55,10,2000.0,2.1483456779969856
isophon,55,10,3000.0,1.5701583862304744
isophon,55,10,4000.0,6.138304859511237
isophon,55,10,6000.0,1.343616702750424
isophon,55,10,8000.0,-1.9424575503856687
isophon,56,1,250.0,2.816829855424327
isophon,56,1,500.0,7.85819772021838
isophon,56,1,750.0,0.44096720830657254
isophon,56,1,1000.0,-7.823125411395628
isophon,56,1,1500.0,1.2402892072687663
isophon,56,1,2000.0,-3.9842033932002003
isophon,56,1,3000.0,-13.856794704831906
isophon,56,1,4000.0,-5.125617624888628
isophon,56,1,6000.0,-12.695157204274608
isophon,56,1,8000.0,5.497270794017746
isophon,56,2,250.0,8.763200858892759
isophon,56,2,500.0,4.519060735832721
isophon,56,2,750.0,-10.27014515355328
isophon,56,2,1000.0,-5.037621913012849
isophon,56,2,1500.0,-1.993997074183639
isophon,56,2,2000.0,1.0990781368458222
isophon,56,2,3000.0,-2.4895163955048893
isophon,56,2,4000.0,5.745528828926032
isophon,56,2,6000.0,4.356713365726357
isophon,56,2,8000.0,-5.545066300684752
isophon,56,3,250.0,8.278934436443748
isophon,56,3,500.0,-1.0680979450037285
isophon,56,3,750.0,-10.812442068496104
isophon,56,3,1000.0,2.184664818397607
isophon,56,3,1500.0,-7.139042289150794
isophon,56,3,2000.0,-1.551948866205052
isophon,56,3,3000.0,7.428057587144899
isophon,56,3,4000.0,5.472754076741907
isophon,56,3,6000.0,-4.582239011525381
isophon,56,3,8000.0,-8.991686191017713
isophon,56,4,250.0,5.1525224404481165
isophon,56,4,500.0,-14.702123452785855
isophon,56,4,750.0,-6.942385359222001
isophon,56,4,1000.0,5.319022125998714
isophon,56,4,1500.0,-8.90490615032045
isophon,56,4,2000.0,2.8286354295185987
isophon,56,4,3000.0,2.0987483047699484
isophon,56,4,4000.0,4.593386401134644
isophon,56,4,6000.0,-11.955654414548505
isophon,56,4,8000.0,-13.466743783667624
isophon,56,5,250.0,6.021885622411446
isophon,56,5,500.0,-11.785713243182286
isophon,56,5,750.0,-6.822130362515551
isophon,56,5,1000.0,2.9501792469696326
isophon,56,5,1500.0,-13.721508564930502
isophon,56,5,2000.0,2.5008422940325374
isophon,56,5,3000.0,0.36594071194195266
isophon,56,5,4000.0,-0.6586340853804487
isophon,56,5,6000.0,-5.179791804490421
isophon,56,5,8000.0,-12.765326593241326
isophon,56,6,250.0,4.296234421719603
isophon,56,6,500.0,-9.585387325890466
isophon,56,6,750.0,-6.920041500611916
isophon,56,6,1000.0,0.4103674385591063
isophon,56,6,1500.0,-10.149528357285476
isophon,56,6,2000.0,2.7130549558866335
isophon,56,6,3000.0,1.5687881717480252
isophon,56,6,4000.0,1.706736026907862
isophon,56,6,6000.0,-8.685670553979236
isophon,56,6,8000.0,-16.670652225727864
isophon,56,7,250.0,4.897265049080332
isophon,56,7,500.0,-5.553973833859217
isophon,56,7,750.0,-1.768713617411393
isophon,56,7,1000.0,5.270672096631614
isophon,56,7,1500.0,-7.565924742460368
isophon,56,7,2000.0,0.17049020059157272
isophon,56,7,3000.0,4.736312400123637
isophon,56,7,4000.0,2.7836395462646664
isophon,56,7,6000.0,-8.319895726041494
isophon,56,7,8000.0,-16.672013585272765
isophon,56,8,250.0,4.890882801353939
isophon,56,8,500.0,-3.7685566376349016
isophon,56,8,750.0,0.8737133167225863
isophon,56,8,1000.0,6.780812245500513
isophon,56,8,1500.0,-7.345175914962184
isophon,56,8,2000.0,0.6107967141070816
isophon,56,8,3000.0,-2.037305206553583
isophon,56,8,4000.0,3.6016496389157737
isophon,56,8,6000.0,-8.517182825894366
isophon,56,8,8000.0,-16.434123715257783
isophon,56,9,250.0,4.777652981835274
isophon,56,9,500.0,-2.2471839414396584
isophon,56,9,750.0,2.9857451874328262
isophon,56,9,1000.0,8.592234603886638
isophon,56,9,1500.0,-6.852545662203511
isophon,56,9,2000.0,2.386403553999827
isophon,56,9,3000.0,-2.7927136002643067
isophon,56,9,4000.0,3.0207809044811853
isophon,56,9,6000.0,-13.050091957509522
isophon,56,9,8000.0,-16.84317400913953
isophon,56,10,250.0,3.6669496260311263
isophon,56,10,500.0,-2.209384608266703
isophon,56,10,750.0,1.6034858398681564
isophon,56,10,1000.0,7.503765558983048
isophon,56,10,1500.0,-5.846427055438724
isophon,56,10,2000.0,7.502398575198129
isophon,56,10,3000.0,1.751894634671217
isophon,56,10,4000.0,6.862445898245653
isophon,56,10,6000.0,-9.59293713003953
isophon,56,10,8000.0,-12.731254179210595
isophon,57,1,250.0,7.873780469372434
isophon,57,1,500.0,18.759400267862063
isophon,57,1,750.0,10.588607957291664
isophon,57,1,1000.0,-1.2827691889975341
isophon,57,1,1500.0,9.656278226929771
isophon,57,1,2000.0,10.698406964799787
isophon,57,1,3000.0,9.940652912713617
isophon,57,1,4000.0,3.8166808398445937
isophon,57,1,6000.0,4.509067580579227
isophon,57,1,8000.0,12.745182094390572
isophon,57,2,250.0,1.2150299409007843
isophon,57,2,500.0,-1.486664756960451
isophon,57,2,750.0,0.6366249431067246
isophon,57,2,1000.0,-3.9108279827878647
isophon,57,2,1500.0,6.159840798080523
isophon,57,2,2000.0,-3.5048206880296675
isophon,57,2,3000.0,0.5528012390723163
isophon,57,2,4000.0,-6.037438879384069
isophon,57,2,6000.0,0.7509498613831624
isophon,57,2,8000.0,9.490527722334093
isophon,57,3,250.0,2.4128569072054233
isophon,57,3,500.0,4.896894581999419
isophon,57,3,750.0,3.5048446065649017
isophon,57,3,1000.0,-1.4185067816704588
isophon,57,3,1500.0,-0.7241007417503198
isophon,57,3,2000.0,-3.6321846701774234
isophon,57,3,3000.0,4.330996633456138
isophon,57,3,4000.0,-0.8660688049689469
isophon,57,3,6000.0,-4.201459959995233
isophon,57,3,8000.0,5.5543583133254515
isophon,57,4,250.0,0.6599758562154818
isophon,57,4,500.0,-6.379351692084654
isophon,57,4,750.0,-5.0470666086866345
isophon,57,4,1000.0,-5.38973706476763
isophon,57,4,1500.0,-3.980653069491666
isophon,57,4,2000.0,0.09154695484727426
isophon,57,4,3000.0,5.221451579888438
isophon,57,4,4000.0,-0.3243049558932114
isophon,57,4,6000.0,0.39672244800418355
isophon,57,4,8000.0,10.637174293438733
isophon,57,5,250.0,-0.3127384700665914
isophon,57,5,500.0,-4.809890897476862
isophon,57,5,750.0,-8.811311640114582
isophon,57,5,1000.0,-7.606126026591568
isophon,57,5,1500.0,-10.238219780825318
isophon,57,5,2000.0,-8.473265999391216
isophon,57,5,3000.0,-8.027129332764545
isophon,57,5,4000.0,-11.577760489600351
isophon,57,5,6000.0,-2.038473744016258
isophon,57,5,8000.0,0.8048039688882511
isophon,57,6,250.0,-2.1339144868162236
isophon,57,6,500.0,-6.251647425034221
isophon,57,6,750.0,-12.020393427225656
isophon,57,6,1000.0,-11.487823008951182
isophon,57,6,1500.0,-8.756925965754164
isophon,57,6,2000.0,-11.225634060476395
isophon,57,6,3000.0,-10.314265533244651
isophon,57,6,4000.0,-10.293558103773975
isophon,57,6,6000.0,-3.884842367515432
isophon,57,6,8000.0,-7.819136122314092
isophon,57,7,250.0,-7.3139052632805885
isophon,57,7,500.0,-14.680156166204242
isophon,57,7,750.0,-16.812906188964845
isophon,57,7,1000.0,-13.022559097217481
isophon,57,7,1500.0,-9.577425842536357
isophon,57,7,2000.0,-11.401762850526296
isophon,57,7,3000.0,-12.224175036799679
isophon,57,7,4000.0,-10.277091375039504
isophon,57,7,6000.0,-7.699061071359296
isophon,57,7,8000.0,-5.9063068279545945
isophon,57,8,250.0,-9.923975108292595
isophon,57,8,500.0,-14.124578118580587
isophon,57,8,750.0,-14.565849761962895
isophon,57,8,1000.0,-9.581675420434877
isophon,57,8,1500.0,-7.4754001091614555
isophon,57,8,2000.0,-10.278131028101114
isophon,57,8,3000.0,-10.115219963090468
isophon,57,8,4000.0,-8.47785726111951
isophon,57,8,6000.0,-7.393556970235693
isophon,57,8,8000.0,-8.6154885305331
isophon,57,9,250.0,-10.333400367425583
isophon,57,9,500.0,-13.432074381290974
isophon,57,9,750.0,-12.235026397705084
isophon,57,9,1000.0,-7.985164798275434
isophon,57,9,1500.0,-5.155786820469984
isophon,57,9,2000.0,-8.84420334351013
isophon,57,9,3000.0,-8.235452125899684
isophon,57,9,4000.0,-6.445936828015846
isophon,57,9,6000.0,-9.043064517944714
isophon,57,9,8000.0,-8.759716692943542
isophon,57,10,250.0,-7.963431426853546
isophon,57,10,500.0,-10.856120614887061
isophon,57,10,750.0,-10.0850845336914
isophon,57,10,1000.0,-8.397601148466563
isophon,57,10,1500.0,-3.702202041674582
isophon,57,10,2000.0,-6.420969397013835
isophon,57,10,3000.0,-11.160153957672662
isophon,57,10,4000.0,-4.594500759032627
isophon,57,10,6000.0,-8.036980201603939
isophon,57,10,8000.0,-6.43044077494973
isophon,58,1,250.0,-3.1487336028237323
isophon,58,1,500.0,4.216212019868294
isophon,58,1,750.0,-2.701669889723526
isophon,58,1,1000.0,7.658290619862543
isophon,58,1,1500.0,-7.6636317264647715
isophon,58,1,2000.0,-5.624420561271265
isophon,58,1,3000.0,10.423008952817543
isophon,58,1,4000.0,8.71031877611756
isophon,58,1,6000.0,5.622541156273854
isophon,58,1,8000.0,-10.875445734994273
isophon,58,2,250.0,6.470809072379609
isophon,58,2,500.0,3.4084176180097145
isophon,58,2,750.0,-5.628929557072624
isophon,58,2,1000.0,-4.651633627865948
isophon,58,2,1500.0,-8.223197692453184
isophon,58,2,2000.0,-3.0556847360037764
isophon,58,2,3000.0,2.619801970098891
isophon,58,2,4000.0,-2.053673390023988
isophon,58,2,6000.0,7.870216318813924
isophon,58,2,8000.0,7.5193981750763115
isophon,58,3,250.0,5.837139495311426
isophon,58,3,500.0,12.823916561878995
isophon,58,3,750.0,-3.9250918381552893
isophon,58,3,1000.0,-6.934283176740422
isophon,58,3,1500.0,-8.806213290624399
isophon,58,3,2000.0,3.7458159771448862
isophon,58,3,3000.0,3.6015748986406493
isophon,58,3,4000.0,1.6538161073334336
isophon,58,3,6000.0,3.5845674082241032
isophon,58,3,8000.0,6.804899755483461
isophon,58,4,250.0,4.772170980039419
isophon,58,4,500.0,9.559165258497735
isophon,58,4,750.0,-1.8130210798584727
isophon,58,4,1000.0,-0.5014931404137712
isophon,58,4,1500.0,-6.444564515790276
isophon,58,4,2000.0,3.340340282833523
isophon,58,4,3000.0,3.520477683377578
isophon,58,4,4000.0,5.337061174086884
isophon,58,4,6000.0,-4.066058405842341
isophon,58,4,8000.0,-11.785034288753664
isophon,58,5,250.0,-5.367514490544551
isophon,58,5,500.0,8.791521331488426
isophon,58,5,750.0,-1.314885653111503
isophon,58,5,1000.0,4.129707849107945
isophon,58,5,1500.0,-6.310367889413257
isophon,58,5,2000.0,1.9452746487172874
isophon,58,5,3000.0,-0.7860309040909357
isophon,58,5,4000.0,-6.038627622061242
isophon,58,5,6000.0,-9.45632143269286
isophon,58,5,8000.0,-17.4673483321656
isophon,58,6,250.0,-5.705922680656116
isophon,58,6,500.0,6.453057961572483
isophon,58,6,750.0,-7.834110104374091
isophon,58,6,1000.0,-1.6342206003866977
isophon,58,6,1500.0,-6.903366118536269
isophon,58,6,2000.0,2.3712635609068258
isophon,58,6,3000.0,5.212570467516855
isophon,58,6,4000.0,-2.1983363005295615
isophon,58,6,6000.0,-4.459151737611549
isophon,58,6,8000.0,-13.014203287486694
isophon,58,7,250.0,-2.7552202880143
isophon,58,7,500.0,9.111367780063944
isophon,58,7,750.0,-7.321014740199033
isophon,58,7,1000.0,-1.129790199713952
isophon,58,7,1500.0,-7.842226485378745
isophon,58,7,2000.0,0.7072741450500644
isophon,58,7,3000.0,5.138994235701077
isophon,58,7,4000.0,-4.080066762497481
isophon,58,7,6000.0,-7.611980289362577
isophon,58,7,8000.0,-10.479422407741751
isophon,58,8,250.0,-2.4139410865633977
isophon,58,8,500.0,10.82663945378495
isophon,58,8,750.0,-9.101113467046716
isophon,58,8,1000.0,-1.625524065669751
isophon,58,8,1500.0,-8.135018820390826
isophon,58,8,2000.0,-0.27883108637351484
isophon,58,8,3000.0,3.080588176966174
isophon,58,8,4000.0,-2.210091609065657
isophon,58,8,6000.0,-6.167659186512481
isophon,58,8,8000.0,-9.263923645694206
isophon,58,9,250.0,-2.237652965395668
isophon,58,9,500.0,8.9892267808587
isophon,58,9,750.0,-9.590892901022514
isophon,58,9,1000.0,-2.2345917497071355
isophon,58,9,1500.0,-8.617525041713279
isophon,58,9,2000.0,-0.3618408213633444
isophon,58,9,3000.0,1.6723525819346605
isophon,58,9,4000.0,-1.7212814845171494
isophon,58,9,6000.0,-3.884243137063322
isophon,58,9,8000.0,-8.425039722838932
isophon,58,10,250.0,2.4321490039057636
isophon,58,10,500.0,-0.5090585480446919
isophon,58,10,750.0,-10.070975322218047
isophon,58,10,1000.0,-7.222476028506591
isophon,58,10,1500.0,-10.335374321056833
isophon,58,10,2000.0,0.9385269413837989
isophon,58,10,3000.0,4.570178414358892
isophon,58,10,4000.0,1.843010117546683
isophon,58,10,6000.0,-2.887498214104056
isophon,58,10,8000.0,-6.965186853247388
isophon,59,1,250.0,-4.5896085871585655
isophon,59,1,500.0,4.966906786592887
isophon,59,1,750.0,10.841769570203326
isophon,59,1,1000.0,7.457243698454263
isophon,59,1,1500.0,11.944164840239802
isophon,59,1,2000.0,15.685830563602646
isophon,59,1,3000.0,16.974591707810497
isophon,59,1,4000.0,4.62630220779274
isophon,59,1,6000.0,14.771823255802566
isophon,59,1,8000.0,16.845036414324284
isophon,59,2,250.0,11.3288932001986
isophon,59,2,500.0,5.413880980533513
isophon,59,2,750.0,-1.0176127921748446
isophon,59,2,1000.0,-2.7467346284377356
isophon,59,2,1500.0,13.19184504684393
isophon,59,2,2000.0,7.251767584397356
isophon,59,2,3000.0,8.36539603184174
isophon,59,2,4000.0,5.05492011930334
isophon,59,2,6000.0,4.7978393168005695
isophon,59,2,8000.0,7.900637994070166
isophon,59,3,250.0,4.055590261711842
isophon,59,3,500.0,-0.9433741040178774
isophon,59,3,750.0,-4.368454002296545
isophon,59,3,1000.0,3.3933974971375847
isophon,59,3,1500.0,17.185004364388014
isophon,59,3,2000.0,7.099746857602355
isophon,59,3,3000.0,5.276040307764404
isophon,59,3,4000.0,-1.2548498131775148
isophon,59,3,6000.0,8.784515198487341
isophon,59,3,8000.0,5.462699599776329
isophon,59,4,250.0,-4.708924716108356
isophon,59,4,500.0,-10.52947658514752
isophon,59,4,750.0,-1.4902717193892556
isophon,59,4,1000.0,1.67890830092675
isophon,59,4,1500.0,13.362579813770907
isophon,59,4,2000.0,1.7706101286354254
isophon,59,4,3000.0,-1.9563662973020257
isophon,59,4,4000.0,-6.498936929419685
isophon,59,4,6000.0,3.0895450538565967
isophon,59,4,8000.0,-0.6179062480765936
isophon,59,5,250.0,-0.23399663833247075
isophon,59,5,500.0,1.5256345710177044
isophon,59,5,750.0,2.59198346511792
isophon,59,5,1000.0,6.111452684896136
isophon,59,5,1500.0,9.919238880124766
isophon,59,5,2000.0,-6.041104530519192
isophon,59,5,3000.0,-5.768974022492117
isophon,59,5,4000.0,-7.843182974002929
isophon,59,5,6000.0,8.47939550514866
isophon,59,5,8000.0,5.0974302824344875
isophon,59,6,250.0,8.190257903656843
isophon,59,6,500.0,1.0642610216316655
isophon,59,6,750.0,1.131160836224737
isophon,59,6,1000.0,3.870342377362661
isophon,59,6,1500.0,5.386344712233239
isophon,59,6,2000.0,1.0923518040468565
isophon,59,6,3000.0,0.75703430444986
isophon,59,6,4000.0,-5.676304293783417
isophon,59,6,6000.0,4.225390725237361
isophon,59,6,8000.0,4.060920044313207
isophon,59,7,250.0,-0.6571707293681612
isophon,59,7,500.0,-0.445572094389604
isophon,59,7,750.0,3.354319377838607
isophon,59,7,1000.0,0.7661267116963586
isophon,59,7,1500.0,6.548054840239814
isophon,59,7,2000.0,-1.2191467296749465
isophon,59,7,3000.0,-0.5911074932078009
isophon,59,7,4000.0,-4.622332041800192
isophon,59,7,6000.0,1.9426568663499637
isophon,59,7,8000.0,1.5279464558619935
isophon,59,8,250.0,1.2731649425209781
isophon,59,8,500.0,-3.0519044525609473
isophon,59,8,750.0,0.28164906801535494
isophon,59,8,1000.0,0.43764373209936025
isophon,59,8,1500.0,4.690691964928504
isophon,59,8,2000.0,-2.6231260652770345
isophon,59,8,3000.0,-3.3415484884355067
isophon,59,8,4000.0,-2.7156816368656393
isophon,59,8,6000.0,0.988394785465772
isophon,59,8,8000.0,2.893649043636543
isophon,59,9,250.0,1.8174811452743285
isophon,59,9,500.0,-4.438740171261458
isophon,59,9,750.0,1.5019124667785348
isophon,59,9,1000.0,-3.1768779129482425
isophon,59,9,1500.0,2.267281940625992
isophon,59,9,2000.0,-4.438955882501077
isophon,59,9,3000.0,0.2559800216307053
isophon,59,9,4000.0,-1.5094117570272374
isophon,59,9,6000.0,2.960826021980111
isophon,59,9,8000.0,3.8737199991716977
isophon,59,10,250.0,-1.1095670975105207
isophon,59,10,500.0,-2.705600102145354
isophon,59,10,750.0,2.2960259582172284
isophon,59,10,1000.0,-0.7659529487189616
isophon,59,10,1500.0,3.1107502021726816
isophon,59,10,2000.0,-2.9891391522182147
isophon,59,10,3000.0,2.849004735919081
isophon,59,10,4000.0,-0.9585186082414339
isophon,59,10,6000.0,3.812957312646546
isophon,59,10,8000.0,4.613643578843806
isophon,60,1,250.0,-6.803053067132012
isophon,60,1,500.0,1.6556319118366503
isophon,60,1,750.0,3.017828454281414
isophon,60,1,1000.0,2.5919269716480926
isophon,60,1,1500.0,0.5974250117120334
isophon,60,1,2000.0,-4.205341319391266
isophon,60,1,3000.0,18.070163078308106
isophon,60,1,4000.0,3.841768031956489
isophon,60,1,6000.0,-20.10560772673678
isophon,60,1,8000.0,-24.50312092584518
isophon,60,2,250.0,-4.332874085688573
isophon,60,2,500.0,-5.6754875370194355
isophon,60,2,750.0,1.1040598079509891
isophon,60,2,1000.0,-4.436132117687563
isophon,60,2,1500.0,13.716078636533126
isophon,60,2,2000.0,9.815387438126862
isophon,60,2,3000.0,15.21916642185564
isophon,60,2,4000.0,13.693732843922248
isophon,60,2,6000.0,-15.852265183031108
isophon,60,2,8000.0,-17.574087349615596
isophon,60,3,250.0,9.02633830336336
isophon,60,3,500.0,-6.256652554171637
isophon,60,3,750.0,9.123076224371566
isophon,60,3,1000.0,-0.37281597610626704
isophon,60,3,1500.0,-0.663100914195752
isophon,60,3,2000.0,7.223307377881895
isophon,60,3,3000.0,2.44563854607334
isophon,60,3,4000.0,9.557107199407326
isophon,60,3,6000.0,-8.682057707430218
isophon,60,3,8000.0,-15.93830312851928
isophon,60,4,250.0,18.950214232987577
isophon,60,4,500.0,-1.750250239223547
isophon,60,4,750.0,6.716627189726722
isophon,60,4,1000.0,-1.6258845946646545
isophon,60,4,1500.0,-1.12655071403114
isophon,60,4,2000.0,-2.871733402176403
isophon,60,4,3000.0,-4.7303430204891015
isophon,60,4,4000.0,5.73627657278206
isophon,60,4,6000.0,-5.533921718772234
isophon,60,4,8000.0,-8.468719880218188
isophon,60,5,250.0,5.848510587333237
isophon,60,5,500.0,-2.701839801836684
isophon,60,5,750.0,5.397385169642803
isophon,60,5,1000.0,1.7729436047905267
isophon,60,5,1500.0,0.44337135071525324
isophon,60,5,2000.0,-1.2503176679663568
isophon,60,5,3000.0,-6.9289085688923535
isophon,60,5,4000.0,4.3389749653665035
isophon,60,5,6000.0,-2.1321701153650423
isophon,60,5,8000.0,-13.107881373648581
isophon,60,6,250.0,0.1371873732273059
isophon,60,6,500.0,-1.766945211667064
isophon,60,6,750.0,3.4319873230927413
isophon,60,6,1000.0,1.8971619983291248
isophon,60,6,1500.0,4.823340591233105
isophon,60,6,2000.0,3.4902447599970117
isophon,60,6,3000.0,-2.323217193159934
isophon,60,6,4000.0,6.091272103884776
isophon,60,6,6000.0,-8.197210568220157
isophon,60,6,8000.0,-17.295335028489717
isophon,60,7,250.0,1.9938134521592303
isophon,60,7,500.0,-0.803486665257708
isophon,60,7,750.0,0.17377494157963724
isophon,60,7,1000.0,-3.1712906432625942
isophon,60,7,1500.0,-4.178138358519178
isophon,60,7,2000.0,2.74259621341092
isophon,60,7,3000.0,-6.136721267251502
isophon,60,7,4000.0,2.5642193191262663
isophon,60,7,6000.0,-6.40254732483784
isophon,60,7,8000.0,-14.598216763437037
isophon,60,8,250.0,2.4162629078714417
isophon,60,8,500.0,-1.1996808628026088
isophon,60,8,750.0,-0.8773535614538162
isophon,60,8,1000.0,-3.352777504789941
isophon,60,8,1500.0,-4.2455381557233665
isophon,60,8,2000.0,0.052568175336318745
isophon,60,8,3000.0,-12.419239448991618
isophon,60,8,4000.0,-0.8216698837929073
isophon,60,8,6000.0,-5.735638186207822
isophon,60,8,8000.0,-13.660967038299972
isophon,60,9,250.0,4.014705476397722
isophon,60,9,500.0,-1.5507443828487482
isophon,60,9,750.0,-1.546294310750767
isophon,60,9,1000.0,-2.3563668564848825
isophon,60,9,1500.0,-4.806775910991803
isophon,60,9,2000.0,1.045634954421402
isophon,60,9,3000.0,-15.56349472045899
isophon,60,9,4000.0,-1.1862860472183598
isophon,60,9,6000.0,-6.468477136043703
isophon,60,9,8000.0,-13.13143346219421
isophon,60,10,250.0,7.178141143330052
isophon,60,10,500.0,1.0657972159919922
isophon,60,10,750.0,-6.096701424631064
isophon,60,10,1000.0,-0.6315516356034863
isophon,60,10,1500.0,-3.891970229788541
isophon,60,10,2000.0,1.2981736063969578
isophon,60,10,3000.0,-12.534375762939447
isophon,60,10,4000.0,0.22531310118078807
isophon,60,10,6000.0,-5.622971288300775
isophon,60,10,8000.0,-10.416897871486029
isophon,61,1,250.0,6.706208813374641
isophon,61,1,500.0,-15.572410115826912
isophon,61,1,750.0,-20.13372612044831
isophon,61,1,1000.0,-2.8368859822803305
isophon,61,1,1500.0,-7.549385833664226
isophon,61,1,2000.0,-9.00326992510012
isophon,61,1,3000.0,-10.029980354309082
isophon,61,1,4000.0,-21.896247260694658
isophon,61,1,6000.0,-19.3564616220378
isophon,61,1,8000.0,-28.01056062154109
isophon,61,2,250.0,-3.2485437910223425
isophon,61,2,500.0,-5.374858372836968
isophon,61,2,750.0,2.569124490300709
isophon,61,2,1000.0,2.0215582171382707
isophon,61,2,1500.0,-9.501877797926518
isophon,61,2,2000.0,-5.588959258086497
isophon,61,2,3000.0,-9.453296465752913
isophon,61,2,4000.0,-21.264987425007952
isophon,61,2,6000.0,-5.8412159642665245
isophon,61,2,8000.0,-30.65872125853086
isophon,61,3,250.0,-5.014029428755293
isophon,61,3,500.0,3.351452329049984
isophon,61,3,750.0,10.74479693928938
isophon,61,3,1000.0,-0.417204510618177
isophon,61,3,1500.0,-10.202390334333607
isophon,61,3,2000.0,-1.2043644657483412
isophon,61,3,3000.0,-1.4442519934799378
isophon,61,3,4000.0,-11.63666254893456
isophon,61,3,6000.0,1.6488207642119264
isophon,61,3,8000.0,-25.566686939927095
isophon,61,4,250.0,-0.31795535376110706
isophon,61,4,500.0,12.407046069633317
isophon,61,4,750.0,10.801871606565179
isophon,61,4,1000.0,-4.609644589777645
isophon,61,4,1500.0,-6.604394681138444
isophon,61,4,2000.0,-0.49780782544448243
isophon,61,4,3000.0,8.170705524998148
isophon,61,4,4000.0,2.9827412464446326
isophon,61,4,6000.0,6.623456824852369
isophon,61,4,8000.0,-12.16371048423862
isophon,61,5,250.0,11.699149746800444
isophon,61,5,500.0,5.231994378405744
isophon,61,5,750.0,-1.2831809366833227
isophon,61,5,1000.0,-5.227503964928019
isophon,61,5,1500.0,-3.973742886921414
isophon,61,5,2000.0,3.8438084656276317
isophon,61,5,3000.0,13.018488238382432
isophon,61,5,4000.0,-0.47328504367590085
isophon,61,5,6000.0,1.428371020652122
isophon,61,5,8000.0,-13.528963993098344
isophon,61,6,250.0,5.194954543406681
isophon,61,6,500.0,1.0659278436553308
isophon,61,6,750.0,-3.159936273179426
isophon,61,6,1000.0,0.37963008137728593
isophon,61,6,1500.0,-4.330217508899381
isophon,61,6,2000.0,0.5240837251666619
isophon,61,6,3000.0,3.935053573258614
isophon,61,6,4000.0,-6.87898617284047
isophon,61,6,6000.0,-0.1966874980850264
isophon,61,6,8000.0,-6.230260711531997
isophon,61,7,250.0,1.2908487764482857
isophon,61,7,500.0,1.3290745510477109
isophon,61,7,750.0,-4.934064780897771
isophon,61,7,1000.0,-3.7542640101850253
isophon,61,7,1500.0,-4.698249578803029
isophon,61,7,2000.0,0.5800369206759939
isophon,61,7,3000.0,0.8757549613754065
isophon,61,7,4000.0,-5.6139488524780035
isophon,61,7,6000.0,0.06288773240045487
isophon,61,7,8000.0,-6.075306065424542
isophon,61,8,250.0,-0.2945489828867096
isophon,61,8,500.0,1.3173049421536405
isophon,61,8,750.0,-2.1062423562352848
isophon,61,8,1000.0,-5.006532538837149
isophon,61,8,1500.0,-1.152099332239004
isophon,61,8,2000.0,-3.5395073545569886
isophon,61,8,3000.0,-1.8775449300206617
isophon,61,8,4000.0,-2.778000680580817
isophon,61,8,6000.0,-3.073743037810644
isophon,61,8,8000.0,-8.447963442746087
isophon,61,9,250.0,-2.017390981752058
isophon,61,9,500.0,-2.1335914974596903
isophon,61,9,750.0,0.8019693770830258
isophon,61,9,1000.0,-3.69595402193724
isophon,61,9,1500.0,0.6483934464869208
isophon,61,9,2000.0,-2.088696041658693
isophon,61,9,3000.0,-4.528727569580084
isophon,61,9,4000.0,-0.6196524614094017
isophon,61,9,6000.0,-3.9613714599609438
isophon,61,9,8000.0,-9.566664733886725
isophon,61,10,250.0,-0.5703699560374105
isophon,61,10,500.0,-0.8901819451687771
isophon,61,10,750.0,1.4339948532365554
isophon,61,10,1000.0,-0.8537503466197762
isophon,61,10,1500.0,1.5259038527690194
isophon,61,10,2000.0,0.48274053176270115
isophon,61,10,3000.0,-2.3765884399414006
isophon,61,10,4000.0,0.013675039984349269
isophon,61,10,6000.0,-2.219613647460932
isophon,61,10,8000.0,-5.541501617431635
isophon,62,1,250.0,13.50893834845047
isophon,62,1,500.0,2.9802057603479994
isophon,62,1,750.0,-23.14105659002334
isophon,62,1,1000.0,-3.980738795632277
isophon,62,1,1500.0,1.8278072694224647
isophon,62,1,2000.0,-20.851964713372084
isophon,62,1,3000.0,19.861163674382347
isophon,62,1,4000.0,-13.701640343656834
isophon,62,1,6000.0,-23.982286965306372
isophon,62,1,8000.0,-22.156570650310044
isophon,62,2,250.0,9.680840884287562
isophon,62,2,500.0,1.394772387527766
isophon,62,2,750.0,-2.491281094836779
isophon,62,2,1000.0,-2.065067046546801
isophon,62,2,1500.0,0.8654679529217759
isophon,62,2,2000.0,-4.502009946920694
isophon,62,2,3000.0,2.829490885243324
isophon,62,2,4000.0,-0.2777135215941655
isophon,62,2,6000.0,-4.632433355907793
isophon,62,2,8000.0,-13.793857476059884
isophon,62,3,250.0,2.97156506248146
isophon,62,3,500.0,-2.276657413852007
isophon,62,3,750.0,-5.798904912473688
isophon,62,3,1000.0,-0.14455414083795404
isophon,62,3,1500.0,2.439042723902446
isophon,62,3,2000.0,-0.8051541237555426
isophon,62,3,3000.0,1.2453779552129447
isophon,62,3,4000.0,0.9913998253492196
isophon,62,3,6000.0,-0.3422411878526077
isophon,62,3,8000.0,-13.268481430993916
isophon,62,4,250.0,6.486911551047967
isophon,62,4,500.0,3.5701484039327767
isophon,62,4,750.0,-5.643840702131456
isophon,62,4,1000.0,-0.5287549630066763
isophon,62,4,1500.0,1.8090617785848622
isophon,62,4,2000.0,10.191879952199741
isophon,62,4,3000.0,9.045824850533293
isophon,62,4,4000.0,6.418673171344054
isophon,62,4,6000.0,2.542758661397116
isophon,62,4,8000.0,-11.005765327398024
isophon,62,5,250.0,2.5181431507744634
isophon,62,5,500.0,-4.411397283490857
isophon,62,5,750.0,-1.8704210720816405
isophon,62,5,1000.0,-0.23691542527500076
isophon,62,5,1500.0,3.9545244246519076
isophon,62,5,2000.0,7.2345925116972865
isophon,62,5,3000.0,3.426056717717131
isophon,62,5,4000.0,3.0621221425520844
isophon,62,5,6000.0,0.31798782490334077
isophon,62,5,8000.0,-8.824342506477137
isophon,62,6,250.0,8.532777354761137
isophon,62,6,500.0,-4.2666640281452715
isophon,62,6,750.0,-2.7976759594197347
isophon,62,6,1000.0,-4.650098188457264
isophon,62,6,1500.0,-2.681221572541901
isophon,62,6,2000.0,-2.4919147653292697
isophon,62,6,3000.0,-5.228829408486888
isophon,62,6,4000.0,-7.992152350225481
isophon,62,6,6000.0,-2.5123542190011534
isophon,62,6,8000.0,-6.801689087570352
isophon,62,7,250.0,10.31112229551934
isophon,62,7,500.0,-2.5635565930801505
isophon,62,7,750.0,-1.1579449750230282
isophon,62,7,1000.0,-2.1590792778928574
isophon,62,7,1500.0,-1.3386195174555127
isophon,62,7,2000.0,-1.132765865442579
isophon,62,7,3000.0,-5.072743093747192
isophon,62,7,4000.0,-6.82984377174499
isophon,62,7,6000.0,-1.4512354963726892
isophon,62,7,8000.0,-5.757047403897246
isophon,62,8,250.0,7.158843237777958
isophon,62,8,500.0,-1.832118718549907
isophon,62,8,750.0,-1.3271247147419984
isophon,62,8,1000.0,-1.8596851443915057
isophon,62,8,1500.0,-3.3841298343020156
isophon,62,8,2000.0,-1.3369712119255297
isophon,62,8,3000.0,-4.318549694327615
isophon,62,8,4000.0,-7.924556026377175
isophon,62,8,6000.0,-0.9280701027177543
isophon,62,8,8000.0,-5.158277676499836
isophon,62,9,250.0,3.585167341418426
isophon,62,9,500.0,-1.4089994974452367
isophon,62,9,750.0,-2.405796532910429
isophon,62,9,1000.0,-1.8188263240145517
isophon,62,9,1500.0,-6.570638799815981
isophon,62,9,2000.0,-2.59723283281798
isophon,62,9,3000.0,-4.399899690612088
isophon,62,9,4000.0,-6.328460293693269
isophon,62,9,6000.0,-0.8342235916443741
isophon,62,9,8000.0,-5.198765923303171
isophon,62,10,250.0,-2.8806680753275486
isophon,62,10,500.0,-5.821162049024622
isophon,62,10,750.0,-1.2715071720761983
isophon,62,10,1000.0,-2.877028007038092
isophon,62,10,1500.0,-5.638422285183694
isophon,62,10,2000.0,-7.895802484544973
isophon,62,10,3000.0,-6.314504214644273
isophon,62,10,4000.0,-5.373993228079968
isophon,62,10,6000.0,-0.1346777578549876
isophon,62,10,8000.0,-4.302583929693384
isophon,63,1,250.0,-13.414152643752914
isophon,63,1,500.0,3.7470601887921617
isophon,63,1,750.0,-0.6506601891104395
isophon,63,1,1000.0,7.548218613631505
isophon,63,1,1500.0,-1.4733192677962705
isophon,63,1,2000.0,9.926135786894449
isophon,63,1,3000.0,-10.70530513599104
isophon,63,1,4000.0,23.108138031306822
isophon,63,1,6000.0,14.65077968020293
isophon,63,1,8000.0,13.707312024433975
isophon,63,2,250.0,-6.163176042402057
isophon,63,2,500.0,3.87683485332677
isophon,63,2,750.0,11.57045781530028
isophon,63,2,1000.0,3.638464435441165
isophon,63,2,1500.0,18.80055186036087
isophon,63,2,2000.0,4.645482398117437
isophon,63,2,3000.0,-3.5526933181657228
isophon,63,2,4000.0,4.836242612480291
isophon,63,2,6000.0,-0.4117822402664615
isophon,63,2,8000.0,4.988671790290098
isophon,63,3,250.0,1.6261480713658614
isophon,63,3,500.0,-3.062029407751254
isophon,63,3,750.0,4.998900528103171
isophon,63,3,1000.0,6.827631797705401
isophon,63,3,1500.0,9.675033923324968
isophon,63,3,2000.0,-2.5125714341816376
isophon,63,3,3000.0,-3.9681730646878464
isophon,63,3,4000.0,0.4345330013242119
isophon,63,3,6000.0,0.041089665006282416
isophon,63,3,8000.0,0.7072839755894904
isophon,63,4,250.0,9.21419898263153
isophon,63,4,500.0,-5.221257466213558
isophon,63,4,750.0,-1.5559040161079025
isophon,63,4,1000.0,6.797656940782787
isophon,63,4,1500.0,12.773775794099706
isophon,63,4,2000.0,-0.9903501441365421
isophon,63,4,3000.0,1.1778234549171742
isophon,63,4,4000.0,-0.4892880612895709
isophon,63,4,6000.0,1.3330880567705066
isophon,63,4,8000.0,-7.707837122326296
isophon,63,5,250.0,-0.6939937213987974
isophon,63,5,500.0,2.0993885558677476
isophon,63,5,750.0,-9.274549878913817
isophon,63,5,1000.0,-2.143834842100503
isophon,63,5,1500.0,2.659915584420446
isophon,63,5,2000.0,-10.925105476155295
isophon,63,5,3000.0,2.5838535086919734
isophon,63,5,4000.0,5.053485732135954
isophon,63,5,6000.0,2.1115141227765974
isophon,63,5,8000.0,-3.3662868293575485
isophon,63,6,250.0,4.627040292302723
isophon,63,6,500.0,3.430644544839396
isophon,63,6,750.0,-6.409625516952872
isophon,63,6,1000.0,1.2755376701973802
isophon,63,6,1500.0,9.921914115769951
isophon,63,6,2000.0,-3.9511717351821005
isophon,63,6,3000.0,1.7342785726129506
isophon,63,6,4000.0,5.09510424833509
isophon,63,6,6000.0,6.379121612189692
isophon,63,6,8000.0,1.126726018542854
isophon,63,7,250.0,8.268154123399
isophon,63,7,500.0,-4.64036345934359
isophon,63,7,750.0,-5.20485453893977
isophon,63,7,1000.0,-5.248180999582232
isophon,63,7,1500.0,7.816843725718442
isophon,63,7,2000.0,-1.3526435597090938
isophon,63,7,3000.0,3.19540970156892
isophon,63,7,4000.0,4.8574481062047
isophon,63,7,6000.0,3.456039191549337
isophon,63,7,8000.0,1.5486329094119924
isophon,63,8,250.0,7.462455121713887
isophon,63,8,500.0,-0.9256883570715218
isophon,63,8,750.0,-1.1180961186426543
isophon,63,8,1000.0,-1.7797259742749247
isophon,63,8,1500.0,10.464142119279728
isophon,63,8,2000.0,0.8951916469688399
isophon,63,8,3000.0,3.614531598345792
isophon,63,8,4000.0,5.879433825370498
isophon,63,8,6000.0,4.531244906867428
isophon,63,8,8000.0,2.7104430679669917
isophon,63,9,250.0,6.956726077181969
isophon,63,9,500.0,1.4774016986523009
isophon,63,9,750.0,2.1775321107891727
isophon,63,9,1000.0,0.1776389961843563
isophon,63,9,1500.0,11.71648760077042
isophon,63,9,2000.0,2.997117271322452
isophon,63,9,3000.0,5.645912361535039
isophon,63,9,4000.0,5.978695188809198
isophon,63,9,6000.0,5.554407482610657
isophon,63,9,8000.0,3.173733442282085
isophon,63,10,250.0,4.534177413025901
isophon,63,10,500.0,2.684871724427424
isophon,63,10,750.0,3.1964889062622888
isophon,63,10,1000.0,2.129939253974584
isophon,63,10,1500.0,6.027365947058954
isophon,63,10,2000.0,4.861379297377923
isophon,63,10,3000.0,6.693307599042072
isophon,63,10,4000.0,5.780414815412485
isophon,63,10,6000.0,3.9327193508185303
isophon,63,10,8000.0,3.0795043945312557
isophon,64,1,250.0,-7.485792433185196
isophon,64,1,500.0,7.430950918204964
isophon,64,1,750.0,13.237710354270547
isophon,64,1,1000.0,11.731825828611647
isophon,64,1,1500.0,10.326056090214635
isophon,64,1,2000.0,4.489770323988068
isophon,64,1,3000.0,14.346773295637163
isophon,64,1,4000.0,9.941958230401639
isophon,64,1,6000.0,-13.544462292817855
isophon,64,1,8000.0,-14.847526820803239
isophon,64,2,250.0,-7.496120895171686
isophon,64,2,500.0,4.770961277939762
isophon,64,2,750.0,4.424412616359675
isophon,64,2,1000.0,8.66400660246481
isophon,64,2,1500.0,6.013513521664592
isophon,64,2,2000.0,0.8061343716583451
isophon,64,2,3000.0,-0.7699152710641641
isophon,64,2,4000.0,-0.09117902225199259
isophon,64,2,6000.0,-5.876221473376603
isophon,64,2,8000.0,-18.90180290568172
isophon,64,3,250.0,-1.658381429247484
isophon,64,3,500.0,-3.968866150421235
isophon,64,3,750.0,-4.738485938460997
isophon,64,3,1000.0,0.18581398735581445
isophon,64,3,1500.0,0.4516801890445379
isophon,64,3,2000.0,-0.3602317593632449
isophon,64,3,3000.0,0.4067232174783726
isophon,64,3,4000.0,-1.2759775385153773
isophon,64,3,6000.0,-4.649874275143034
isophon,64,3,8000.0,-14.83344406473934
isophon,64,4,250.0,2.282957026975751
isophon,64,4,500.0,-4.5952719646371065
isophon,64,4,750.0,-4.806540354068076
isophon,64,4,1000.0,-1.0590887535554714
isophon,64,4,1500.0,-4.358014739934617
isophon,64,4,2000.0,-3.9100202506207182
isophon,64,4,3000.0,0.09242675755444907
isophon,64,4,4000.0,1.07907816563079
isophon,64,4,6000.0,-4.556002577349915
isophon,64,4,8000.0,-15.454037079840589
isophon,64,5,250.0,0.18295558056090044
isophon,64,5,500.0,-0.18414450528928228
isophon,64,5,750.0,0.2986939372051012
isophon,64,5,1000.0,-0.8267148712702692
isophon,64,5,1500.0,-1.6234840628077336
isophon,64,5,2000.0,-4.474219968989743
isophon,64,5,3000.0,-5.997730388830803
isophon,64,5,4000.0,3.7568712583351953
isophon,64,5,6000.0,-0.16449054951404207
isophon,64,5,8000.0,-10.330100007086699
isophon,64,6,250.0,-6.891398756838413
isophon,64,6,500.0,4.0117577555751325
isophon,64,6,750.0,2.525404388373545
isophon,64,6,1000.0,3.453797695266047
isophon,64,6,1500.0,1.2525443454722023
isophon,64,6,2000.0,-2.650146425722241
isophon,64,6,3000.0,-3.311998028765146
isophon,64,6,4000.0,0.9426040874654689
isophon,64,6,6000.0,-0.5736200530866142
isophon,64,6,8000.0,-14.852001870581077
isophon,64,7,250.0,-4.078451923980182
isophon,64,7,500.0,3.328797526169467
isophon,64,7,750.0,7.247869194905874
isophon,64,7,1000.0,2.797192277306806
isophon,64,7,1500.0,0.5197276040136387
isophon,64,7,2000.0,-4.130842742616622
isophon,64,7,3000.0,-0.38058488120701384
isophon,64,7,4000.0,2.4185651315803085
isophon,64,7,6000.0,0.5594744411384198
isophon,64,7,8000.0,-12.516474918956405
isophon,64,8,250.0,-4.700175927043972
isophon,64,8,500.0,1.4269921651022202
isophon,64,8,750.0,3.5776753644567805
isophon,64,8,1000.0,-1.619843118441736
isophon,64,8,1500.0,-0.983125652182224
isophon,64,8,2000.0,-2.9587148178369063
isophon,64,8,3000.0,-0.7494463357358399
isophon,64,8,4000.0,2.4070124586852018
isophon,64,8,6000.0,-0.878637758536442
isophon,64,8,8000.0,-14.033991796689705
isophon,64,9,250.0,-5.588694325301816
isophon,64,9,500.0,0.15774528818151623
isophon,64,9,750.0,-0.4444194412544249
isophon,64,9,1000.0,-3.5424949329377
isophon,64,9,1500.0,-1.5110789699376
isophon,64,9,2000.0,-4.760382165168423
isophon,64,9,3000.0,-1.1780301582916195
isophon,64,9,4000.0,-0.3041850758435345
isophon,64,9,6000.0,-3.4454475747543682
isophon,64,9,8000.0,-15.699000944402684
isophon,64,10,250.0,-2.571885693545198
isophon,64,10,500.0,-0.7074823096505725
isophon,64,10,750.0,0.12125820624150663
isophon,64,10,1000.0,-5.667667566645136
isophon,64,10,1500.0,-3.3919697864843954
isophon,64,10,2000.0,-5.026229338894055
isophon,64,10,3000.0,-3.491955225753429
isophon,64,10,4000.0,-6.805478707847726
isophon,64,10,6000.0,-8.062791753685204
isophon,64,10,8000.0,-12.10281143188476
isophon,65,1,250.0,3.170060104044566
isophon,65,1,500.0,14.170075097639298
isophon,65,1,750.0,7.604577200001103
isophon,65,1,1000.0,-2.902632336745903
isophon,65,1,1500.0,8.218111297776971
isophon,65,1,2000.0,17.532520211416482
isophon,65,1,3000.0,5.331961210810277
isophon,65,1,4000.0,-1.4283439273964689
isophon,65,1,6000.0,-1.3190336773133424
isophon,65,1,8000.0,-22.94820423314664
isophon,65,2,250.0,13.878394682006274
isophon,65,2,500.0,3.467284008470614
isophon,65,2,750.0,0.35573127688272166
isophon,65,2,1000.0,2.7762781853570715
isophon,65,2,1500.0,10.757028697457287
isophon,65,2,2000.0,-4.458607291218414
isophon,65,2,3000.0,-1.1462984563968632
isophon,65,2,4000.0,-2.7774564204325145
isophon,65,2,6000.0,-1.233962339401927
isophon,65,2,8000.0,-20.243776858954817
isophon,65,3,250.0,6.946226435887617
isophon,65,3,500.0,2.214161657185123
isophon,65,3,750.0,2.9986800739233317
isophon,65,3,1000.0,1.1123189274247807
isophon,65,3,1500.0,2.5273132605371345
isophon,65,3,2000.0,-2.079165022744803
isophon,65,3,3000.0,-0.208602533545303
isophon,65,3,4000.0,-1.7730209717854848
isophon,65,3,6000.0,-0.024211322203171903
isophon,65,3,8000.0,-20.994083350724836
isophon,65,4,250.0,4.498751236486484
isophon,65,4,500.0,-6.2171378030994475
isophon,65,4,750.0,-6.2580876706531825
isophon,65,4,1000.0,3.620085154791468
isophon,65,4,1500.0,2.241174075088182
isophon,65,4,2000.0,-1.8750033418041454
isophon,65,4,3000.0,-0.5706085295774557
isophon,65,4,4000.0,0.20707218565870278
isophon,65,4,6000.0,0.5685973664575101
isophon,65,4,8000.0,-20.68628441783838
isophon,65,5,250.0,-5.075199772080538
isophon,65,5,500.0,0.2980105986397348
isophon,65,5,750.0,-1.991108313992541
isophon,65,5,1000.0,9.614105117751095
isophon,65,5,1500.0,6.475135460958498
isophon,65,5,2000.0,-0.21226506449463045
isophon,65,5,3000.0,-3.7276032567738753
isophon,65,5,4000.0,-9.574017331669253
isophon,65,5,6000.0,-1.414203760948979
isophon,65,5,8000.0,-17.125254668177746
isophon,65,6,250.0,0.053268377054621396
isophon,65,6,500.0,-3.2667645954679756
isophon,65,6,750.0,-8.297966520748048
isophon,65,6,1000.0,6.567425287611101
isophon,65,6,1500.0,1.170091843788967
isophon,65,6,2000.0,0.9468196562894917
isophon,65,6,3000.0,-2.4637724062423842
isophon,65,6,4000.0,-6.314430822885129
isophon,65,6,6000.0,1.6672966154911109
isophon,65,6,8000.0,-12.615268241230794
isophon,65,7,250.0,5.764320651911959
isophon,65,7,500.0,2.9864872081909937
isophon,65,7,750.0,-2.3574954224849165
isophon,65,7,1000.0,7.0975702905001015
isophon,65,7,1500.0,1.261398419800372
isophon,65,7,2000.0,-0.5865749610921398
isophon,65,7,3000.0,-1.5170677012213218
isophon,65,7,4000.0,-4.218785312030207
isophon,65,7,6000.0,3.516790919534344
isophon,65,7,8000.0,-11.090956676899992
isophon,65,8,250.0,8.352984798254596
isophon,65,8,500.0,7.846746419277835
isophon,65,8,750.0,0.9295427748406269
isophon,65,8,1000.0,11.303159434947219
isophon,65,8,1500.0,5.556419938246137
isophon,65,8,2000.0,-2.394294200324765
isophon,65,8,3000.0,-4.102379863179976
isophon,65,8,4000.0,-1.6644209147157056
isophon,65,8,6000.0,4.3268086154540555
isophon,65,8,8000.0,-8.365883914923089
isophon,65,9,250.0,10.244827891950322
isophon,65,9,500.0,10.589826644574785
isophon,65,9,750.0,3.9701534179849745
isophon,65,9,1000.0,14.693666764131166
isophon,65,9,1500.0,8.626989117859097
isophon,65,9,2000.0,-5.491329542283694
isophon,65,9,3000.0,-1.7741804504394594
isophon,65,9,4000.0,-0.24623414798368515
isophon,65,9,6000.0,3.8110982918061893
isophon,65,9,8000.0,-5.546931364882113
isophon,65,10,250.0,11.47531960184682
isophon,65,10,500.0,3.607543649619231
isophon,65,10,750.0,-2.2939900342560975
isophon,65,10,1000.0,14.183651932917257
isophon,65,10,1500.0,12.311406971327798
isophon,65,10,2000.0,-1.8390063843776687
isophon,65,10,3000.0,-0.12475357055663494
isophon,65,10,4000.0,1.1512560828444265
isophon,65,10,6000.0,5.152848444021046
isophon,65,10,8000.0,-4.15757308403083
isophon,66,1,250.0,-13.292645975224602
isophon,66,1,500.0,-13.990401266388062
isophon,66,1,750.0,-2.36159176084594
isophon,66,1,1000.0,3.5387606056660985
isophon,66,1,1500.0,-8.626814431344584
isophon,66,1,2000.0,-19.822958463054476
isophon,66,1,3000.0,-9.04350366465728
isophon,66,1,4000.0,13.051412058325312
isophon,66,1,6000.0,-0.4635227987983228
isophon,66,1,8000.0,21.20017981727041
isophon,66,2,250.0,-7.262349142795529
isophon,66,2,500.0,1.8399084452872785
isophon,66,2,750.0,4.65317868706282
isophon,66,2,1000.0,3.4579096879385745
isophon,66,2,1500.0,-6.469194657461671
isophon,66,2,2000.0,-5.799455705617511
isophon,66,2,3000.0,-2.716323299917917
isophon,66,2,4000.0,0.0752405404884513
isophon,66,2,6000.0,14.774806363519048
isophon,66,2,8000.0,17.631808281442403
isophon,66,3,250.0,-1.2436601682910577
isophon,66,3,500.0,-7.335386545524472
isophon,66,3,750.0,-4.771947532598276
isophon,66,3,1000.0,-6.563863146095912
isophon,66,3,1500.0,-6.149294708449261
isophon,66,3,2000.0,-1.7506607102410712
isophon,66,3,3000.0,-2.607229079158145
isophon,66,3,4000.0,-1.4583572173177117
isophon,66,3,6000.0,6.478213208997744
isophon,66,3,8000.0,23.54102717328513
isophon,66,4,250.0,2.611204773314853
isophon,66,4,500.0,-8.822692575493448
isophon,66,4,750.0,-4.290056733466301
isophon,66,4,1000.0,-6.339001658757326
isophon,66,4,1500.0,-11.738271134999422
isophon,66,4,2000.0,-0.22539639785721022
isophon,66,4,3000.0,-4.847698036353506
isophon,66,4,4000.0,-2.578443197279114
isophon,66,4,6000.0,3.3532257157492467
isophon,66,4,8000.0,20.474157627433016
isophon,66,5,250.0,6.391969435839684
isophon,66,5,500.0,3.554931141207689
isophon,66,5,750.0,3.899560175180227
isophon,66,5,1000.0,-2.120729356374838
isophon,66,5,1500.0,-5.55395545548447
isophon,66,5,2000.0,0.393661000544256
isophon,66,5,3000.0,-4.365919504036356
isophon,66,5,4000.0,2.8580444126987743
isophon,66,5,6000.0,7.8004421733571405
isophon,66,5,8000.0,23.240485959884637
isophon,66,6,250.0,-1.8522637367279629
isophon,66,6,500.0,6.950880430364279
isophon,66,6,750.0,8.645967942350694
isophon,66,6,1000.0,4.670723049638227
isophon,66,6,1500.0,-2.289146489354991
isophon,66,6,2000.0,3.200042776839112
isophon,66,6,3000.0,-2.409616580720737
isophon,66,6,4000.0,4.378479070721127
isophon,66,6,6000.0,9.303578555409814
isophon,66,6,8000.0,18.459819059026273
isophon,66,7,250.0,0.5160435910569987
isophon,66,7,500.0,7.384081998198951
isophon,66,7,750.0,7.538410135759364
isophon,66,7,1000.0,8.736564452872216
isophon,66,7,1500.0,-0.3953469145211699
isophon,66,7,2000.0,5.149353114047074
isophon,66,7,3000.0,2.1247323875742268
isophon,66,7,4000.0,6.656970184720876
isophon,66,7,6000.0,8.152661134706108
isophon,66,7,8000.0,18.866135357287973
isophon,66,8,250.0,-1.2853767253850634
isophon,66,8,500.0,3.838334208637818
isophon,66,8,750.0,3.6328871602860175
isophon,66,8,1000.0,3.3903330564158978
isophon,66,8,1500.0,-3.0846183339057944
isophon,66,8,2000.0,6.4169475643421805
isophon,66,8,3000.0,3.6170444701537434
isophon,66,8,4000.0,7.308038846131055
isophon,66,8,6000.0,7.04637628437861
isophon,66,8,8000.0,15.87555039470125
isophon,66,9,250.0,-3.252826732277356
isophon,66,9,500.0,1.6365866385594074
isophon,66,9,750.0,6.16671873840599
isophon,66,9,1000.0,1.8283167506985194
isophon,66,9,1500.0,-3.9158106446761565
isophon,66,9,2000.0,5.440806999722298
isophon,66,9,3000.0,4.461923872873982
isophon,66,9,4000.0,4.88510131118548
isophon,66,9,6000.0,4.800290887508396
isophon,66,9,8000.0,11.723263331051157
isophon,66,10,250.0,-1.2964232135645801
isophon,66,10,500.0,0.8070548227231313
isophon,66,10,750.0,5.238633210402526
isophon,66,10,1000.0,-1.7978209727429828
isophon,66,10,1500.0,-6.440103753619951
isophon,66,10,2000.0,4.03906361964961
isophon,66,10,3000.0,4.609355779962499
isophon,66,10,4000.0,-0.3800131653294443
isophon,66,10,6000.0,1.9150567419372209
isophon,66,10,8000.0,10.849209191778812
isophon,67,1,250.0,21.03852077955576
isophon,67,1,500.0,2.5816639325809376
isophon,67,1,750.0,8.089784151535099
isophon,67,1,1000.0,12.63865300143199
isophon,67,1,1500.0,3.7679415018389477
isophon,67,1,2000.0,-6.993072878917815
isophon,67,1,3000.0,-9.529993839879268
isophon,67,1,4000.0,5.873576550339834
isophon,67,1,6000.0,-7.450614957526014
isophon,67,1,8000.0,8.049467872598171
isophon,67,2,250.0,1.1651929652318103
isophon,67,2,500.0,3.3370447749072696
isophon,67,2,750.0,5.936298735409267
isophon,67,2,1000.0,-0.13281630703694702
isophon,67,2,1500.0,1.551279632221906
isophon,67,2,2000.0,-6.182347343944471
isophon,67,2,3000.0,-1.3012641174479427
isophon,67,2,4000.0,5.585211495496594
isophon,67,2,6000.0,-3.297960632904264
isophon,67,2,8000.0,5.511187645897394
isophon,67,3,250.0,1.794383420372725
isophon,67,3,500.0,3.121357774471292
isophon,67,3,750.0,1.6910998751814361
isophon,67,3,1000.0,-6.526037723518172
isophon,67,3,1500.0,-8.354566697725659
isophon,67,3,2000.0,-5.99488587716435
isophon,67,3,3000.0,-3.6947725075931714
isophon,67,3,4000.0,3.74431235033353
isophon,67,3,6000.0,-4.609740493629005
isophon,67,3,8000.0,2.175557174108107
isophon,67,4,250.0,-5.417579756495286
isophon,67,4,500.0,-3.626907468849055
isophon,67,4,750.0,-1.909629268933756
isophon,67,4,1000.0,-5.556133165935947
isophon,67,4,1500.0,-12.02247405304152
isophon,67,4,2000.0,-13.159682004299825
isophon,67,4,3000.0,-6.339417749103021
isophon,67,4,4000.0,-1.9823373473619483
isophon,67,4,6000.0,-8.662018263698926
isophon,67,4,8000.0,0.8343759196889522
isophon,67,5,250.0,1.6978143909281016
isophon,67,5,500.0,3.355387183395436
isophon,67,5,750.0,0.8266819125622362
isophon,67,5,1000.0,-2.3753580422396396
isophon,67,5,1500.0,-11.750596557564052
isophon,67,5,2000.0,-11.84971161785613
isophon,67,5,3000.0,-4.93100432634732
isophon,67,5,4000.0,1.605011616341983
isophon,67,5,6000.0,-7.231661026906508
isophon,67,5,8000.0,-0.5903055464970208
isophon,67,6,250.0,-1.786914158772106
isophon,67,6,500.0,-1.184224383075744
isophon,67,6,750.0,1.6513228563228637
isophon,67,6,1000.0,3.768625067087285
isophon,67,6,1500.0,-4.342881789650605
isophon,67,6,2000.0,-6.034703462845741
isophon,67,6,3000.0,-1.3555363839608532
isophon,67,6,4000.0,1.2865130715092334
isophon,67,6,6000.0,-5.014870978125344
isophon,67,6,8000.0,1.1156426473569212
isophon,67,7,250.0,0.32458986682310353
isophon,67,7,500.0,3.8939552492220457
isophon,67,7,750.0,2.1507100237483883
isophon,67,7,1000.0,0.7093692540431391
isophon,67,7,1500.0,-1.7236810996978562
isophon,67,7,2000.0,-4.560353875563621
isophon,67,7,3000.0,1.9665780770679504
isophon,67,7,4000.0,4.452519668964271
isophon,67,7,6000.0,-3.5505056403214468
isophon,67,7,8000.0,1.293040129509592
isophon,67,8,250.0,-2.1081410527683886
isophon,67,8,500.0,4.185181474208733
isophon,67,8,750.0,3.337432825144859
isophon,67,8,1000.0,-0.1320867934708616
isophon,67,8,1500.0,-2.5141741212386535
isophon,67,8,2000.0,-7.214960630686264
isophon,67,8,3000.0,3.104136182895118
isophon,67,8,4000.0,6.655245629095788
isophon,67,8,6000.0,-2.485898184454399
isophon,67,8,8000.0,2.6089726490395577
isophon,67,9,250.0,-4.225085569586199
isophon,67,9,500.0,4.588837255080108
isophon,67,9,750.0,3.7019646976838203
isophon,67,9,1000.0,0.6322387812842578
isophon,67,9,1500.0,-5.435664958708287
isophon,67,9,2000.0,-8.181371151423548
isophon,67,9,3000.0,2.245676353744841
isophon,67,9,4000.0,7.88167402446048
isophon,67,9,6000.0,-0.9262224905629495
isophon,67,9,8000.0,3.5767621263819933
isophon,67,10,250.0,-0.9397047799470926
isophon,67,10,500.0,7.155503508622488
isophon,67,10,750.0,2.7270437826128244
isophon,67,10,1000.0,1.9818696981773911
isophon,67,10,1500.0,-3.4209452350218896
isophon,67,10,2000.0,-5.856409515900481
isophon,67,10,3000.0,1.933111377681584
isophon,67,10,4000.0,9.53077341475796
isophon,67,10,6000.0,1.259565198206019
isophon,67,10,8000.0,3.2500974094282498
isophon,68,1,250.0,-3.7484706761980817
isophon,68,1,500.0,19.064031300095646
isophon,68,1,750.0,30.835040186074693
isophon,68,1,1000.0,13.335009417935282
isophon,68,1,1500.0,6.2255705339781855
isophon,68,1,2000.0,-1.532174177340977
isophon,68,1,3000.0,7.802639010042988
isophon,68,1,4000.0,13.531858645285581
isophon,68,1,6000.0,-4.662268556451039
isophon,68,1,8000.0,14.898993896451628
isophon,68,2,250.0,-3.043325294515661
isophon,68,2,500.0,5.202289144368905
isophon,68,2,750.0,14.884286841466334
isophon,68,2,1000.0,9.646838766636137
isophon,68,2,1500.0,0.9119850638812466
isophon,68,2,2000.0,-3.1254715368831683
isophon,68,2,3000.0,-0.8703794304003623
isophon,68,2,4000.0,1.1154466583633251
isophon,68,2,6000.0,-7.196191213230961
isophon,68,2,8000.0,1.010811578932902
isophon,68,3,250.0,-4.3387878248328775
isophon,68,3,500.0,-6.773317414447064
isophon,68,3,750.0,1.393412737637334
isophon,68,3,1000.0,-1.14300218756145
isophon,68,3,1500.0,-0.3109764648648081
isophon,68,3,2000.0,-3.6514914455105014
isophon,68,3,3000.0,-3.2021360718280647
isophon,68,3,4000.0,1.8343885339990322
isophon,68,3,6000.0,-2.7361866504732717
isophon,68,3,8000.0,0.9162473845372432
isophon,68,4,250.0,0.53582327517789
isophon,68,4,500.0,-5.5722695751828155
isophon,68,4,750.0,-0.52961076916732
isophon,68,4,1000.0,-1.0053123466556428
isophon,68,4,1500.0,-2.3795867805627893
isophon,68,4,2000.0,-1.180077185315767
isophon,68,4,3000.0,0.7830805391322428
isophon,68,4,4000.0,6.528529095614843
isophon,68,4,6000.0,3.653735133969377
isophon,68,4,8000.0,2.802014241517668
isophon,68,5,250.0,-0.13501223525614137
isophon,68,5,500.0,-2.366837789070985
isophon,68,5,750.0,2.4462053039134446
isophon,68,5,1000.0,4.615530824270223
isophon,68,5,1500.0,2.5533893877039304
isophon,68,5,2000.0,2.944399335087809
isophon,68,5,3000.0,6.629320742539036
isophon,68,5,4000.0,9.80241859672762
isophon,68,5,6000.0,3.8060674408121002
isophon,68,5,8000.0,3.189831959162973
isophon,68,6,250.0,-9.630374961065684
isophon,68,6,500.0,4.089614263045291
isophon,68,6,750.0,6.63690767410823
isophon,68,6,1000.0,4.12422777821422
isophon,68,6,1500.0,-1.5347318742780516
isophon,68,6,2000.0,4.974500374477813
isophon,68,6,3000.0,9.972714792978962
isophon,68,6,4000.0,13.700367552550787
isophon,68,6,6000.0,5.953101207836994
isophon,68,6,8000.0,5.684532799595942
isophon,68,7,250.0,-3.9822981473551096
isophon,68,7,500.0,2.7239961365538647
isophon,68,7,750.0,7.411604135410528
isophon,68,7,1000.0,8.95849677083126
isophon,68,7,1500.0,0.22365559448196848
isophon,68,7,2000.0,3.0831718194687454
isophon,68,7,3000.0,11.289057073492401
isophon,68,7,4000.0,14.130850620244885
isophon,68,7,6000.0,6.571402236776862
isophon,68,7,8000.0,4.396616388411516
isophon,68,8,250.0,-1.8441820337903891
isophon,68,8,500.0,-0.3078178402773233
isophon,68,8,750.0,4.25365984659652
isophon,68,8,1000.0,2.7178717644451496
isophon,68,8,1500.0,2.084140234201328
isophon,68,8,2000.0,1.6160768233868055
isophon,68,8,3000.0,9.850065788123743
isophon,68,8,4000.0,13.15649506194427
isophon,68,8,6000.0,7.347208610000422
isophon,68,8,8000.0,4.65952167229112
isophon,68,9,250.0,-1.351287877941644
isophon,68,9,500.0,-0.0994214291406621
isophon,68,9,750.0,3.5392950764280187
isophon,68,9,1000.0,1.8814394876337843
isophon,68,9,1500.0,3.019702730235437
isophon,68,9,2000.0,2.706932163706554
isophon,68,9,3000.0,8.1213043482296
isophon,68,9,4000.0,11.672732571112974
isophon,68,9,6000.0,8.432038907375528
isophon,68,9,8000.0,4.669607136660659
isophon,68,10,250.0,2.684459395432583
isophon,68,10,500.0,1.3138377506892027
isophon,68,10,750.0,2.262126972701509
isophon,68,10,1000.0,5.694317053652981
isophon,68,10,1500.0,4.006797208753582
isophon,68,10,2000.0,3.96950278021815
isophon,68,10,3000.0,9.418659947030974
isophon,68,10,4000.0,11.098056282404343
isophon,68,10,6000.0,9.239318684487131
isophon,68,10,8000.0,5.120151321751067
isophon,69,1,250.0,-8.238999613418855
isophon,69,1,500.0,-2.263758039788769
isophon,69,1,750.0,5.662210214439995
isophon,69,1,1000.0,8.21902258632052
isophon,69,1,1500.0,4.265108065233818
isophon,69,1,2000.0,-5.414373723977974
isophon,69,1,3000.0,-11.781837797469663
isophon,69,1,4000.0,-20.096097722583835
isophon,69,1,6000.0,-16.47555383263814
isophon,69,1,8000.0,-32.73858244613274
isophon,69,2,250.0,-2.6625526272209754
isophon,69,2,500.0,6.688064585145376
isophon,69,2,750.0,2.819299604240584
isophon,69,2,1000.0,1.799683191665963
isophon,69,2,1500.0,0.5627694197741846
isophon,69,2,2000.0,-6.654168159825986
isophon,69,2,3000.0,-6.756347711524256
isophon,69,2,4000.0,-1.063246082855926
isophon,69,2,6000.0,-9.292774874241488
isophon,69,2,8000.0,-23.582482885368435
isophon,69,3,250.0,1.3062980192568858
isophon,69,3,500.0,7.28342608400726
isophon,69,3,750.0,-2.532198426388092
isophon,69,3,1000.0,-1.0536019253222548
isophon,69,3,1500.0,1.3413076860134368
isophon,69,3,2000.0,-0.3285667771921936
isophon,69,3,3000.0,-0.3997819043084263
isophon,69,3,4000.0,7.529852038726915
isophon,69,3,6000.0,-3.3342412774834145
isophon,69,3,8000.0,-16.0512013481696
isophon,69,4,250.0,-0.637072397112604
isophon,69,4,500.0,10.705303759227291
isophon,69,4,750.0,3.4042005164832005
isophon,69,4,1000.0,2.8613755718866543
isophon,69,4,1500.0,-1.084664591264584
isophon,69,4,2000.0,-3.50344206984488
isophon,69,4,3000.0,1.8064352436184095
isophon,69,4,4000.0,5.742414880304381
isophon,69,4,6000.0,0.4416245669063983
isophon,69,4,8000.0,-16.776420699862413
isophon,69,5,250.0,-2.8855858763974425
isophon,69,5,500.0,-0.9936994588824177
isophon,69,5,750.0,-0.923921481011817
isophon,69,5,1000.0,-3.4754695415238643
isophon,69,5,1500.0,-5.639235155561138
isophon,69,5,2000.0,-6.008852567435994
isophon,69,5,3000.0,0.35589935721289123
isophon,69,5,4000.0,3.3136540901972893
isophon,69,5,6000.0,-2.674784851590829
isophon,69,5,8000.0,-13.345957550635816
isophon,69,6,250.0,3.0868705392272915
isophon,69,6,500.0,-4.22157725599925
isophon,69,6,750.0,-2.840840683393253
isophon,69,6,1000.0,-4.169096808262438
isophon,69,6,1500.0,-4.187967727430404
isophon,69,6,2000.0,-3.2705526482174747
isophon,69,6,3000.0,1.4922122973819683
isophon,69,6,4000.0,4.690515297660227
isophon,69,6,6000.0,-0.13160561486314748
isophon,69,6,8000.0,-12.27797485683385
isophon,69,7,250.0,0.9999735590416492
isophon,69,7,500.0,-1.2770863487249073
isophon,69,7,750.0,-0.249287922679585
isophon,69,7,1000.0,-1.86114677937681
isophon,69,7,1500.0,-4.613143332513758
isophon,69,7,2000.0,-7.820686659306901
isophon,69,7,3000.0,2.846507226066862
isophon,69,7,4000.0,4.850668815237697
isophon,69,7,6000.0,1.6167660495030702
isophon,69,7,8000.0,-10.17616027458537
isophon,69,8,250.0,2.8472302447011373
isophon,69,8,500.0,0.6494281195972604
isophon,69,8,750.0,-0.4452047403826498
isophon,69,8,1000.0,-2.76065171854232
isophon,69,8,1500.0,-3.9512165919417725
isophon,69,8,2000.0,-5.972629047789724
isophon,69,8,3000.0,0.015861900516867422
isophon,69,8,4000.0,7.2893767131098315
isophon,69,8,6000.0,2.606169206472501
isophon,69,8,8000.0,-12.344372908580752
isophon,69,9,250.0,4.12023924537165
isophon,69,9,500.0,1.3744651070305736
isophon,69,9,750.0,-1.0825829094003296
isophon,69,9,1000.0,-2.1401441256901137
isophon,69,9,1500.0,-3.520362660117897
isophon,69,9,2000.0,-5.344511908507542
isophon,69,9,3000.0,-2.856086207535
isophon,69,9,4000.0,9.435401620793996
isophon,69,9,6000.0,2.7814199206511745
isophon,69,9,8000.0,-10.64995054678387
isophon,69,10,250.0,6.462843546830555
isophon,69,10,500.0,1.130484667585904
isophon,69,10,750.0,0.5702740291617374
isophon,69,10,1000.0,-1.8277300483835006
isophon,69,10,1500.0,-1.2777098820333919
isophon,69,10,2000.0,-6.135248443778792
isophon,69,10,3000.0,-1.1076813839337802
isophon,69,10,4000.0,10.591795157800831
isophon,69,10,6000.0,-0.6519100161178386
isophon,69,10,8000.0,-8.328772880587309
isophon,70,1,250.0,3.727130503949951
isophon,70,1,500.0,-4.216360375799802
isophon,70,1,750.0,-7.1569135559564785
isophon,70,1,1000.0,-6.981603824941018
isophon,70,1,1500.0,8.057569816422529
isophon,70,1,2000.0,25.755658430276092
isophon,70,1,3000.0,10.956544548174207
isophon,70,1,4000.0,-4.041117532580799
isophon,70,1,6000.0,10.981142275270287
isophon,70,1,8000.0,22.989854398965434
isophon,70,2,250.0,0.9946469087464465
isophon,70,2,500.0,1.0021607858695347
isophon,70,2,750.0,-2.344350314240387
isophon,70,2,1000.0,-1.2766284189529102
isophon,70,2,1500.0,-2.8434158126935074
isophon,70,2,2000.0,2.811439025188619
isophon,70,2,3000.0,-1.2207897783247006
isophon,70,2,4000.0,4.463348136751478
isophon,70,2,6000.0,0.42702491949378896
isophon,70,2,8000.0,8.112966689057615
isophon,70,3,250.0,-2.7025992906172718
isophon,70,3,500.0,0.5307193011506257
isophon,70,3,750.0,-1.7679617413822797
isophon,70,3,1000.0,-1.5064258007694562
isophon,70,3,1500.0,6.105571295505655
isophon,70,3,2000.0,8.279956829716042
isophon,70,3,3000.0,3.6938901083896383
isophon,70,3,4000.0,2.9188417421230213
isophon,70,3,6000.0,1.3353372498858675
isophon,70,3,8000.0,6.434076029855362
isophon,70,4,250.0,-0.46977334764630996
isophon,70,4,500.0,3.283154209953281
isophon,70,4,750.0,-0.19039440090782023
isophon,70,4,1000.0,0.9536687680164277
isophon,70,4,1500.0,5.825594705606804
isophon,70,4,2000.0,6.428310140968819
isophon,70,4,3000.0,5.712703086541666
isophon,70,4,4000.0,0.165185421393943
isophon,70,4,6000.0,-3.6921164723368207
isophon,70,4,8000.0,-0.23536658493013363
isophon,70,5,250.0,7.5287750434208505
isophon,70,5,500.0,3.8004111402615877
isophon,70,5,750.0,2.8759737623339845
isophon,70,5,1000.0,5.986200684938325
isophon,70,5,1500.0,4.05493786118322
isophon,70,5,2000.0,0.9028170310555197
isophon,70,5,3000.0,-2.327478868672813
isophon,70,5,4000.0,2.3271046723069304
isophon,70,5,6000.0,-0.6602715149354168
isophon,70,5,8000.0,-4.70089096215483
isophon,70,6,250.0,1.707278787668713
isophon,70,6,500.0,-2.822934558686441
isophon,70,6,750.0,0.15989455063913738
isophon,70,6,1000.0,-4.753791650051582
isophon,70,6,1500.0,-0.5395489268903475
isophon,70,6,2000.0,-3.4866209472411356
isophon,70,6,3000.0,-1.090731113011131
isophon,70,6,4000.0,2.2544411080307185
isophon,70,6,6000.0,-2.733191142998322
isophon,70,6,8000.0,-0.4334654455343241
isophon,70,7,250.0,2.410934116680693
isophon,70,7,500.0,3.2717040170497143
isophon,70,7,750.0,0.06501243714359362
isophon,70,7,1000.0,-1.1097506264087116
isophon,70,7,1500.0,3.607928073325894
isophon,70,7,2000.0,-4.641483639333956
isophon,70,7,3000.0,-1.749731941356515
isophon,70,7,4000.0,1.506963041623976
isophon,70,7,6000.0,1.6510712275440227
isophon,70,7,8000.0,-4.403734404147556
isophon,70,8,250.0,1.4809710623184031
isophon,70,8,500.0,0.6097415510878221
isophon,70,8,750.0,0.3776521808899531
isophon,70,8,1000.0,2.5518496422591994
isophon,70,8,1500.0,3.1623344974014316
isophon,70,8,2000.0,-1.214670007656025
isophon,70,8,3000.0,-0.06926498088557764
isophon,70,8,4000.0,3.83386297884347
isophon,70,8,6000.0,2.1382617469720344
isophon,70,8,8000.0,-2.5007760012528877
isophon,70,9,250.0,-1.8515757289397783
isophon,70,9,500.0,-1.0353620863636621
isophon,70,9,750.0,0.7269919557921014
isophon,70,9,1000.0,4.337737065431824
isophon,70,9,1500.0,2.131645158063378
isophon,70,9,2000.0,-0.5769517162952411
isophon,70,9,3000.0,4.48703074824239
isophon,70,9,4000.0,5.0342996917376865
isophon,70,9,6000.0,0.8485423292249976
isophon,70,9,8000.0,-1.124338873252455
isophon,70,10,250.0,0.16155863140872384
isophon,70,10,500.0,0.16317758101416757
isophon,70,10,750.0,2.816222090231477
isophon,70,10,1000.0,-1.6258598555285033
isophon,70,10,1500.0,-0.05365382726262169
isophon,70,10,2000.0,0.561023343491712
isophon,70,10,3000.0,3.3661584263584814
isophon,70,10,4000.0,5.739297754738942
isophon,70,10,6000.0,2.3110856590824085
isophon,70,10,8000.0,1.7884775879854686
isophon,71,1,250.0,-14.028253616207877
isophon,71,1,500.0,-2.8934091070289583
isophon,71,1,750.0,-2.608298023585874
isophon,71,1,1000.0,-2.9364909688691085
isophon,71,1,1500.0,-23.29740506906289
isophon,71,1,2000.0,-18.2007044099228
isophon,71,1,3000.0,-10.676197182057251
isophon,71,1,4000.0,-2.2926092337871466
isophon,71,1,6000.0,9.03251003389272
isophon,71,1,8000.0,10.522479132230814
isophon,71,2,250.0,-2.6133395207382506
isophon,71,2,500.0,1.6549437041348085
isophon,71,2,750.0,8.894456579818659
isophon,71,2,1000.0,6.54753166377872
isophon,71,2,1500.0,-1.5106428506034675
isophon,71,2,2000.0,8.777541309977039
isophon,71,2,3000.0,-5.924168385298913
isophon,71,2,4000.0,-4.486644970508806
isophon,71,2,6000.0,0.6483251479069736
isophon,71,2,8000.0,6.07868851141194
isophon,71,3,250.0,-4.2638912696699975
isophon,71,3,500.0,7.086548996485384
isophon,71,3,750.0,6.580817922419342
isophon,71,3,1000.0,3.093507282010222
isophon,71,3,1500.0,5.3314287814488
isophon,71,3,2000.0,7.09054013055821
isophon,71,3,3000.0,-0.6489530263844046
isophon,71,3,4000.0,0.2239468517822587
isophon,71,3,6000.0,5.0188190421828835
isophon,71,3,8000.0,10.431567554802314
isophon,71,4,250.0,-4.103913627258635
isophon,71,4,500.0,4.272138069779885
isophon,71,4,750.0,3.0757722830990986
isophon,71,4,1000.0,-5.253068824514045
isophon,71,4,1500.0,0.8180018672487819
isophon,71,4,2000.0,8.185825629965294
isophon,71,4,3000.0,-4.256265108945286
isophon,71,4,4000.0,-0.076224568656869
isophon,71,4,6000.0,1.311212403429593
isophon,71,4,8000.0,8.766215490546216
isophon,71,5,250.0,0.6771159046356985
isophon,71,5,500.0,5.127500891240544
isophon,71,5,750.0,-1.1050577851862897
isophon,71,5,1000.0,-4.896558944026964
isophon,71,5,1500.0,0.5126311045100067
isophon,71,5,2000.0,8.200385378684956
isophon,71,5,3000.0,-7.433635911072287
isophon,71,5,4000.0,-1.9051469838930473
isophon,71,5,6000.0,0.13140582802988376
isophon,71,5,8000.0,1.7796319716143643
isophon,71,6,250.0,-0.7271365695009422
isophon,71,6,500.0,-3.3238324597138416
isophon,71,6,750.0,-3.8685657092028407
isophon,71,6,1000.0,-5.559073130399639
isophon,71,6,1500.0,1.2536725219793539
isophon,71,6,2000.0,2.0943830265184715
isophon,71,6,3000.0,-5.941595024071418
isophon,71,6,4000.0,2.114738214705355
isophon,71,6,6000.0,3.186251121173896
isophon,71,6,8000.0,5.614408955949301
isophon,71,7,250.0,2.0377259105819263
isophon,71,7,500.0,-2.0694873735098867
isophon,71,7,750.0,-2.7522024702875427
isophon,71,7,1000.0,-2.2002455915891375
isophon,71,7,1500.0,4.097025264966277
isophon,71,7,2000.0,7.115507649557742
isophon,71,7,3000.0,-8.378659079790197
isophon,71,7,4000.0,-0.01140439612863986
isophon,71,7,6000.0,1.1005481843612586
isophon,71,7,8000.0,2.41781210809809
isophon,71,8,250.0,-1.206687821161978
isophon,71,8,500.0,-3.0133165770640886
isophon,71,8,750.0,-2.3133393953946637
isophon,71,8,1000.0,-2.1343840915166794
isophon,71,8,1500.0,2.899944967607098
isophon,71,8,2000.0,6.130984136411641
isophon,71,8,3000.0,-6.452765355446644
isophon,71,8,4000.0,-4.298489673810408
isophon,71,8,6000.0,0.11379643577291176
isophon,71,8,8000.0,3.104639558175265
isophon,71,9,250.0,-3.414751921986621
isophon,71,9,500.0,-3.2068001287313166
isophon,71,9,750.0,-3.6597344671037746
isophon,71,9,1000.0,-3.15740780625228
isophon,71,9,1500.0,1.2596759148340624
isophon,71,9,2000.0,7.341319086759469
isophon,71,9,3000.0,-1.3827435638760335
isophon,71,9,4000.0,-5.132577937751876
isophon,71,9,6000.0,-0.5616403112097288
isophon,71,9,8000.0,3.0438614299942657
isophon,71,10,250.0,-0.17599983266482866
isophon,71,10,500.0,-6.873074019152057
isophon,71,10,750.0,-6.85219784021443
isophon,71,10,1000.0,-7.243378365097897
isophon,71,10,1500.0,-3.4243032114828225
isophon,71,10,2000.0,7.881583188686562
isophon,71,10,3000.0,1.8398563565397268
isophon,71,10,4000.0,-3.001963113158027
isophon,71,10,6000.0,-1.4986083521934432
isophon,71,10,8000.0,0.792293691085959
isophon,72,1,250.0,-2.0210204856415714
isophon,72,1,500.0,-14.440038352471248
isophon,72,1,750.0,-12.800848553089963
isophon,72,1,1000.0,-16.302159004792358
isophon,72,1,1500.0,-9.510426133581788
isophon,72,1,2000.0,-16.947730016137598
isophon,72,1,3000.0,-7.694739514467685
isophon,72,1,4000.0,3.869710261492287
isophon,72,1,6000.0,0.46573511409401647
isophon,72,1,8000.0,-3.4737376978806083
isophon,72,2,250.0,-3.131970749100276
isophon,72,2,500.0,-3.0609163670520587
isophon,72,2,750.0,-7.745277501214275
isophon,72,2,1000.0,1.1285372024657363
isophon,72,2,1500.0,0.30019634746568613
isophon,72,2,2000.0,2.2539049796468262
isophon,72,2,3000.0,1.4489874028496672
isophon,72,2,4000.0,10.596297534846514
isophon,72,2,6000.0,5.120124296754085
isophon,72,2,8000.0,-2.000134770537926
isophon,72,3,250.0,-1.6343218555315389
isophon,72,3,500.0,-1.1254871982805952
isophon,72,3,750.0,-4.579383728572267
isophon,72,3,1000.0,-9.423365622313938
isophon,72,3,1500.0,-8.32314157623307
isophon,72,3,2000.0,-5.604094643335969
isophon,72,3,3000.0,1.1643905330822264
isophon,72,3,4000.0,7.517897639776194
isophon,72,3,6000.0,11.615430502129314
isophon,72,3,8000.0,2.7774329785404035
isophon,72,4,250.0,-0.08235918356267291
isophon,72,4,500.0,-1.1170014459188735
isophon,72,4,750.0,2.1582452417671334
isophon,72,4,1000.0,-3.207598027039367
isophon,72,4,1500.0,-6.069775642707583
isophon,72,4,2000.0,-9.085252548991818
isophon,72,4,3000.0,-1.8835584133783811
isophon,72,4,4000.0,5.016510343963688
isophon,72,4,6000.0,8.900665814601041
isophon,72,4,8000.0,7.34574959706049
isophon,72,5,250.0,5.487769192853037
isophon,72,5,500.0,6.333810842377446
isophon,72,5,750.0,7.1880496477036075
isophon,72,5,1000.0,1.4673749986486655
isophon,72,5,1500.0,-1.9996563212089171
isophon,72,5,2000.0,-5.880250884876844
isophon,72,5,3000.0,-6.1793616075513995
isophon,72,5,4000.0,2.021984592652089
isophon,72,5,6000.0,4.7469647408983064
isophon,72,5,8000.0,1.792624138758299
isophon,72,6,250.0,0.19484182793938487
isophon,72,6,500.0,7.047729588620996
isophon,72,6,750.0,3.319368831957604
isophon,72,6,1000.0,-2.5123597068056966
isophon,72,6,1500.0,3.5221666836138468
isophon,72,6,2000.0,-0.5681607612817743
isophon,72,6,3000.0,-2.403509329424651
isophon,72,6,4000.0,0.16879235232134704
isophon,72,6,6000.0,1.960615123534538
isophon,72,6,8000.0,5.898547090275557
isophon,72,7,250.0,-0.4833292761707071
isophon,72,7,500.0,-4.310382276009591
isophon,72,7,750.0,-1.2776772878769407
isophon,72,7,1000.0,0.45606326152221754
isophon,72,7,1500.0,1.7958682581096497
isophon,72,7,2000.0,3.335395107956387
isophon,72,7,3000.0,-0.5070533931039307
isophon,72,7,4000.0,2.2369006035555117
isophon,72,7,6000.0,-0.3680222831313813
isophon,72,7,8000.0,6.450199965542481
isophon,72,8,250.0,-0.1734547636524013
isophon,72,8,500.0,-3.6088554925149054
isophon,72,8,750.0,-1.3630949814759816
isophon,72,8,1000.0,-2.0518967200116265
isophon,72,8,1500.0,-0.7716911135894975
isophon,72,8,2000.0,-0.5343625663396239
isophon,72,8,3000.0,-1.4354027144365773
isophon,72,8,4000.0,-0.5094639844040927
isophon,72,8,6000.0,0.38833482073047776
isophon,72,8,8000.0,7.084553199881029
isophon,72,9,250.0,-0.2629827011224535
isophon,72,9,500.0,-2.1050459451574284
isophon,72,9,750.0,-1.2680743369758005
isophon,72,9,1000.0,-3.8158522235422225
isophon,72,9,1500.0,-5.36054345310167
isophon,72,9,2000.0,-5.2399837820850195
isophon,72,9,3000.0,-2.894913985874453
isophon,72,9,4000.0,-0.8934617573666799
isophon,72,9,6000.0,-1.288152831486073
isophon,72,9,8000.0,7.065017482570468
isophon,72,10,250.0,-4.058064123764538
isophon,72,10,500.0,-3.176365075096811
isophon,72,10,750.0,-1.32568334896429
isophon,72,10,1000.0,-1.8139787778465006
isophon,72,10,1500.0,-3.544700859687822
isophon,72,10,2000.0,-7.252487379204268
isophon,72,10,3000.0,-3.896870936280564
isophon,72,10,4000.0,0.38654566023531345
isophon,72,10,6000.0,-0.17735659796720427
isophon,72,10,8000.0,6.876926020602781
isophon,73,1,250.0,9.567586612197232
isophon,73,1,500.0,-29.408767256455747
isophon,73,1,750.0,-19.352356252910994
isophon,73,1,1000.0,-4.210275781318984
isophon,73,1,1500.0,3.3851780284819277
isophon,73,1,2000.0,-15.27458968381373
isophon,73,1,3000.0,9.406930799417296
isophon,73,1,4000.0,-3.0549666244262426
isophon,73,1,6000.0,-3.485350012199092
isophon,73,1,8000.0,8.394316652112678
isophon,73,2,250.0,-1.3684944192695667
isophon,73,2,500.0,-14.790964554225795
isophon,73,2,750.0,-5.056403807619574
isophon,73,2,1000.0,-1.02103188140795
isophon,73,2,1500.0,-4.005903100654692
isophon,73,2,2000.0,-0.15147546580988092
isophon,73,2,3000.0,1.033929146423901
isophon,73,2,4000.0,2.7715308750194794
isophon,73,2,6000.0,-1.8866748846763528
isophon,73,2,8000.0,10.192968025676166
isophon,73,3,250.0,-13.313604138085907
isophon,73,3,500.0,-12.072017189533042
isophon,73,3,750.0,-3.9777962289084456
isophon,73,3,1000.0,-1.6282036327256861
isophon,73,3,1500.0,1.4771653253475705
isophon,73,3,2000.0,0.7917511894890907
isophon,73,3,3000.0,3.2658902016598006
isophon,73,3,4000.0,4.530921705886271
isophon,73,3,6000.0,-0.5879062635468415
isophon,73,3,8000.0,10.883982450010265
isophon,73,4,250.0,-11.979557758119157
isophon,73,4,500.0,-10.320508899770346
isophon,73,4,750.0,0.1331224785054843
isophon,73,4,1000.0,2.2393683191091327
isophon,73,4,1500.0,6.909514620460058
isophon,73,4,2000.0,5.734220733484705
isophon,73,4,3000.0,0.6857681173948436
isophon,73,4,4000.0,-0.584214553839189
isophon,73,4,6000.0,-3.53446725931596
isophon,73,4,8000.0,9.845078665016587
isophon,73,5,250.0,-2.4758015351200697
isophon,73,5,500.0,-2.6816213941861804
isophon,73,5,750.0,1.2350672333383557
isophon,73,5,1000.0,3.5663718298671654
isophon,73,5,1500.0,7.883331233947615
isophon,73,5,2000.0,8.941598685191181
isophon,73,5,3000.0,4.45533845680302
isophon,73,5,4000.0,2.0041367080376915
isophon,73,5,6000.0,-2.3720993570287163
isophon,73,5,8000.0,8.148990564073614
isophon,73,6,250.0,5.37044313717351
isophon,73,6,500.0,-2.1371186392042034
isophon,73,6,750.0,3.388896642642635
isophon,73,6,1000.0,-1.7108692285635527
isophon,73,6,1500.0,-0.37431944717465626
isophon,73,6,2000.0,-0.4358143103521712
isophon,73,6,3000.0,-2.7121661458711372
isophon,73,6,4000.0,-3.377280049256271
isophon,73,6,6000.0,1.0754514850425352
isophon,73,6,8000.0,11.859910859199388
isophon,73,7,250.0,-1.7101618173015964
isophon,73,7,500.0,2.6954742297971848
isophon,73,7,750.0,4.661883258971756
isophon,73,7,1000.0,5.514899530672892
isophon,73,7,1500.0,-0.09177655527214768
isophon,73,7,2000.0,-3.1583303894347523
isophon,73,7,3000.0,-4.776824569590076
isophon,73,7,4000.0,-0.5804082252492435
isophon,73,7,6000.0,-0.815309070455811
isophon,73,7,8000.0,9.8382522201033
isophon,73,8,250.0,-1.1086569491080098
isophon,73,8,500.0,2.227860260990866
isophon,73,8,750.0,4.988948908098621
isophon,73,8,1000.0,5.277510196630871
isophon,73,8,1500.0,-3.6126378757298596
isophon,73,8,2000.0,-5.315727302239495
isophon,73,8,3000.0,-6.4463777274332585
isophon,73,8,4000.0,-0.6100213583034559
isophon,73,8,6000.0,0.615686509680728
isophon,73,8,8000.0,11.185643931353582
isophon,73,9,250.0,-2.4203836880400047
isophon,73,9,500.0,4.079551151098443
isophon,73,9,750.0,5.127688248013101
isophon,73,9,1000.0,2.7139932521126156
isophon,73,9,1500.0,-1.3175235065869941
isophon,73,9,2000.0,-7.703332445221761
isophon,73,9,3000.0,-7.484355595508859
isophon,73,9,4000.0,-1.7649259782971853
isophon,73,9,6000.0,2.114926571593145
isophon,73,9,8000.0,12.111688037270824
isophon,73,10,250.0,-2.696847401229718
isophon,73,10,500.0,-0.8606334853748621
isophon,73,10,750.0,1.5315853230125356
isophon,73,10,1000.0,-1.9778061141658867
isophon,73,10,1500.0,2.1717585472706133
isophon,73,10,2000.0,-3.759346209417373
isophon,73,10,3000.0,-4.479163953054822
isophon,73,10,4000.0,0.432393382785321
isophon,73,10,6000.0,2.165066864669811
isophon,73,10,8000.0,11.774649621009331
isophon,74,1,250.0,5.452334733988337
isophon,74,1,500.0,0.4121633038704786
isophon,74,1,750.0,-0.20696036076351731
isophon,74,1,1000.0,-2.9312333312253145
isophon,74,1,1500.0,10.035513693685687
isophon,74,1,2000.0,20.045075378935223
isophon,74,1,3000.0,8.762224114106345
isophon,74,1,4000.0,8.908444258177767
isophon,74,1,6000.0,-3.5601707841366874
isophon,74,1,8000.0,-14.552060120125333
isophon,74,2,250.0,-2.6369370489676527
isophon,74,2,500.0,1.6644240205512943
isophon,74,2,750.0,-3.2740083860192897
isophon,74,2,1000.0,-13.74766633075943
isophon,74,2,1500.0,-1.3812649637413017
isophon,74,2,2000.0,5.443634209731584
isophon,74,2,3000.0,10.223284700802026
isophon,74,2,4000.0,5.418494946681918
isophon,74,2,6000.0,-3.7229078906194673
isophon,74,2,8000.0,-8.85998296111191
isophon,74,3,250.0,-2.6178509710290996
isophon,74,3,500.0,5.72117406989463
isophon,74,3,750.0,-0.6921787956885055
isophon,74,3,1000.0,-7.9093153028955925
isophon,74,3,1500.0,2.7070453395132574
isophon,74,3,2000.0,6.774249497277353
isophon,74,3,3000.0,9.06663329569156
isophon,74,3,4000.0,5.853380928286015
isophon,74,3,6000.0,-2.8325507317389196
isophon,74,3,8000.0,-15.204143755181718
isophon,74,4,250.0,-7.089806855539436
isophon,74,4,500.0,5.229201720727275
isophon,74,4,750.0,-7.754634842944071
isophon,74,4,1000.0,-6.565187822491737
isophon,74,4,1500.0,1.6950756670712792
isophon,74,4,2000.0,5.625594972677206
isophon,74,4,3000.0,6.966968954038194
isophon,74,4,4000.0,5.521160363525524
isophon,74,4,6000.0,-6.585294109141614
isophon,74,4,8000.0,-18.568322559141237
isophon,74,5,250.0,-9.142555227528689
isophon,74,5,500.0,5.429563885277133
isophon,74,5,750.0,-5.137392108756842
isophon,74,5,1000.0,-4.490351147058789
isophon,74,5,1500.0,2.133505942756159
isophon,74,5,2000.0,2.5941906238176244
isophon,74,5,3000.0,4.526894123345997
isophon,74,5,4000.0,2.375178475094316
isophon,74,5,6000.0,-5.715111048037741
isophon,74,5,8000.0,-14.020881965765952
isophon,74,6,250.0,-5.135946429145335
isophon,74,6,500.0,-10.24617952241114
isophon,74,6,750.0,-12.936678221383005
isophon,74,6,1000.0,-6.014945299856521
isophon,74,6,1500.0,2.6155306302619152
isophon,74,6,2000.0,3.7588665689195864
isophon,74,6,3000.0,1.968792396147407
isophon,74,6,4000.0,2.0103221399666324
isophon,74,6,6000.0,-3.456484022602993
isophon,74,6,8000.0,-10.109672674193575
isophon,74,7,250.0,-9.14214626873897
isophon,74,7,500.0,-6.395577486866827
isophon,74,7,750.0,-8.48810333256111
isophon,74,7,1000.0,-5.577559413486966
isophon,74,7,1500.0,-1.047812169601542
isophon,74,7,2000.0,2.011460320098209
isophon,74,7,3000.0,3.8974554952245484
isophon,74,7,4000.0,1.3612495790638803
isophon,74,7,6000.0,-3.191609507226943
isophon,74,7,8000.0,-9.921392205379277
isophon,74,8,250.0,-8.667352972687553
isophon,74,8,500.0,-2.5817293673592445
isophon,74,8,750.0,-7.232462063624041
isophon,74,8,1000.0,-4.370232603997849
isophon,74,8,1500.0,1.2334421371947002
isophon,74,8,2000.0,-2.677636481930307
isophon,74,8,3000.0,2.738976502900158
isophon,74,8,4000.0,2.0902347401741395
isophon,74,8,6000.0,-1.4599262607085848
isophon,74,8,8000.0,-9.858358091281971
isophon,74,9,250.0,-8.230834055209257
isophon,74,9,500.0,-0.5836351897768992
isophon,74,9,750.0,-3.7450612610080043
isophon,74,9,1000.0,-3.011006943208116
isophon,74,9,1500.0,2.963129604793238
isophon,74,9,2000.0,-1.0146773905740218
isophon,74,9,3000.0,3.140079550875811
isophon,74,9,4000.0,0.07565755607448921
isophon,74,9,6000.0,-1.479979479400754
isophon,74,9,8000.0,-9.008290863930057
isophon,74,10,250.0,-4.92071751876324
isophon,74,10,500.0,1.165224407160693
isophon,74,10,750.0,-1.7605873770470168
isophon,74,10,1000.0,2.40097843800838
isophon,74,10,1500.0,6.100463861674228
isophon,74,10,2000.0,1.3164974913737808
isophon,74,10,3000.0,2.916733844498097
isophon,74,10,4000.0,0.17526467071903085
isophon,74,10,6000.0,0.8353521026999005
isophon,74,10,8000.0,-4.190654824077669
isophon,75,1,250.0,-13.535399997785362
isophon,75,1,500.0,-13.766743116818162
isophon,75,1,750.0,-4.779808527455536
isophon,75,1,1000.0,-1.0537197988530949
isophon,75,1,1500.0,10.471990642161547
isophon,75,1,2000.0,5.474034956292202
isophon,75,1,3000.0,6.48463204617471
isophon,75,1,4000.0,8.259619461250384
isophon,75,1,6000.0,30.843294833627304
isophon,75,1,8000.0,13.21988898578357
isophon,75,2,250.0,0.5090440258999962
isophon,75,2,500.0,-5.658949192563497
isophon,75,2,750.0,-4.896009323223495
isophon,75,2,1000.0,2.204986447989917
isophon,75,2,1500.0,10.335653001104468
isophon,75,2,2000.0,5.0943226365901
isophon,75,2,3000.0,3.4735135035182196
isophon,75,2,4000.0,0.8579276648267395
isophon,75,2,6000.0,3.2602780815013546
isophon,75,2,8000.0,-5.66561047233516
isophon,75,3,250.0,1.6539302069345467
isophon,75,3,500.0,-3.2587339229125547
isophon,75,3,750.0,-1.8674521544101168
isophon,75,3,1000.0,-1.6662664884992893
isophon,75,3,1500.0,2.7939260544469633
isophon,75,3,2000.0,4.442883068604267
isophon,75,3,3000.0,-4.569605077116009
isophon,75,3,4000.0,-8.590183246005736
isophon,75,3,6000.0,6.846830267192189
isophon,75,3,8000.0,-10.75546802828282
isophon,75,4,250.0,-6.085818763296231
isophon,75,4,500.0,-5.67682573070762
isophon,75,4,750.0,-2.016097692844454
isophon,75,4,1000.0,0.3564473092590106
isophon,75,4,1500.0,-0.24182325498250634
isophon,75,4,2000.0,-1.896694599265544
isophon,75,4,3000.0,-13.884650973255006
isophon,75,4,4000.0,-16.495520954487432
isophon,75,4,6000.0,-3.9611063261461084
isophon,75,4,8000.0,-13.853191095023163
isophon,75,5,250.0,0.7914322860664669
isophon,75,5,500.0,-4.782009882931689
isophon,75,5,750.0,-0.7745995500303877
isophon,75,5,1000.0,0.836885475431302
isophon,75,5,1500.0,0.3320059157319122
isophon,75,5,2000.0,-2.4825134251606755
isophon,75,5,3000.0,-9.670555801753835
isophon,75,5,4000.0,-11.560784761462344
isophon,75,5,6000.0,-5.195260388140397
isophon,75,5,8000.0,-11.55660910915347
isophon,75,6,250.0,5.169262850398624
isophon,75,6,500.0,-5.219942245328966
isophon,75,6,750.0,-2.987182040550209
isophon,75,6,1000.0,0.19119440717634006
isophon,75,6,1500.0,3.385859809219099
isophon,75,6,2000.0,6.428710290332916
isophon,75,6,3000.0,-6.474417442112355
isophon,75,6,4000.0,-8.020223136519064
isophon,75,6,6000.0,-0.24771582061234199
isophon,75,6,8000.0,-5.020548426326741
isophon,75,7,250.0,1.1455655903991158
isophon,75,7,500.0,-1.1289859256923762
isophon,75,7,750.0,-3.8885964683033194
isophon,75,7,1000.0,2.3716414527861502
isophon,75,7,1500.0,6.095772015786636
isophon,75,7,2000.0,3.115315497887366
isophon,75,7,3000.0,-5.166077489666677
isophon,75,7,4000.0,-3.1128023484146894
isophon,75,7,6000.0,1.629063018170399
isophon,75,7,8000.0,-2.5980347922724576
isophon,75,8,250.0,0.5332446988664685
isophon,75,8,500.0,-6.904282241181264
isophon,75,8,750.0,-7.9716623308404735
isophon,75,8,1000.0,1.1967732466846144
isophon,75,8,1500.0,8.056925247766799
isophon,75,8,2000.0,5.036600624712236
isophon,75,8,3000.0,-6.704096675859859
isophon,75,8,4000.0,-8.720793100673731
isophon,75,8,6000.0,-0.7575247938647891
isophon,75,8,8000.0,-0.3970748431532911
isophon,75,9,250.0,0.42823027366335964
isophon,75,9,500.0,-11.523569783454676
isophon,75,9,750.0,-4.829993162882715
isophon,75,9,1000.0,0.26931876851222114
isophon,75,9,1500.0,8.836346365044989
isophon,75,9,2000.0,8.004505409245738
isophon,75,9,3000.0,-4.753198104980143
isophon,75,9,4000.0,-9.532043438157487
isophon,75,9,6000.0,-0.8713705513908678
isophon,75,9,8000.0,0.7325822321005404
isophon,75,10,250.0,1.7802090338858534
isophon,75,10,500.0,-8.964885222254154
isophon,75,10,750.0,-1.899767158147327
isophon,75,10,1000.0,-0.8678186528620415
isophon,75,10,1500.0,4.745292133975468
isophon,75,10,2000.0,5.673768970821641
isophon,75,10,3000.0,-1.3034504334262635
isophon,75,10,4000.0,-6.3744290092223395
isophon,75,10,6000.0,-0.18549343526038342
isophon,75,10,8000.0,-0.3909213589802505
isophon,76,1,250.0,11.814103476035854
isophon,76,1,500.0,-9.03541749906833
isophon,76,1,750.0,-0.9190222671312824
isophon,76,1,1000.0,-1.3021452224005827
isophon,76,1,1500.0,5.917051822436861
isophon,76,1,2000.0,7.7625471724823
isophon,76,1,3000.0,19.583502424128326
isophon,76,1,4000.0,-8.701406082338195
isophon,76,1,6000.0,-3.812441326760222
isophon,76,1,8000.0,5.16046187141788
isophon,76,2,250.0,6.564954344310422
isophon,76,2,500.0,6.268684616731463
isophon,76,2,750.0,2.3380400109229527
isophon,76,2,1000.0,4.80178563456802
isophon,76,2,1500.0,-5.764156645353125
isophon,76,2,2000.0,0.4537047281540936
isophon,76,2,3000.0,6.199998235884664
isophon,76,2,4000.0,-2.441669466257963
isophon,76,2,6000.0,-1.4444176387392105
isophon,76,2,8000.0,10.759370411920017
isophon,76,3,250.0,-2.616933599344719
isophon,76,3,500.0,-0.07851062935866082
isophon,76,3,750.0,1.2519832051939233
isophon,76,3,1000.0,7.919504026325242
isophon,76,3,1500.0,-4.469333893408347
isophon,76,3,2000.0,-2.47468944759261
isophon,76,3,3000.0,2.1712451482174657
isophon,76,3,4000.0,-3.2105486360016755
isophon,76,3,6000.0,-6.467181394994128
isophon,76,3,8000.0,2.518702542890381
isophon,76,4,250.0,-6.312972393775738
isophon,76,4,500.0,-4.881972504649184
isophon,76,4,750.0,-0.9588557498295245
isophon,76,4,1000.0,0.9011996041984816
isophon,76,4,1500.0,-8.194247560080612
isophon,76,4,2000.0,-0.9334877376207515
isophon,76,4,3000.0,0.15335657729653462
isophon,76,4,4000.0,-1.76086295552426
isophon,76,4,6000.0,-3.564700748412818
isophon,76,4,8000.0,0.16562684403480432
isophon,76,5,250.0,1.6363237652837057
isophon,76,5,500.0,3.8635244508367066
isophon,76,5,750.0,6.448208757766054
isophon,76,5,1000.0,8.553409226334438
isophon,76,5,1500.0,-2.654141003297269
isophon,76,5,2000.0,4.133892633472996
isophon,76,5,3000.0,3.6285675263966937
isophon,76,5,4000.0,2.5740534158590833
isophon,76,5,6000.0,0.7372255210360805
isophon,76,5,8000.0,4.731505031646421
isophon,76,6,250.0,0.8641728028577518
isophon,76,6,500.0,2.384873748271474
isophon,76,6,750.0,1.7385425883238241
isophon,76,6,1000.0,0.634347642495598
isophon,76,6,1500.0,-4.5329992929399765
isophon,76,6,2000.0,0.1947767881427751
isophon,76,6,3000.0,5.527858578190106
isophon,76,6,4000.0,6.801518676628959
isophon,76,6,6000.0,5.13050301380548
isophon,76,6,8000.0,8.367922522167348
isophon,76,7,250.0,5.168239880494468
isophon,76,7,500.0,3.701558662879208
isophon,76,7,750.0,3.7691144029504358
isophon,76,7,1000.0,3.2044137318305133
isophon,76,7,1500.0,1.810416430592511
isophon,76,7,2000.0,0.7038479614257795
isophon,76,7,3000.0,9.644329673401543
isophon,76,7,4000.0,10.468717637866519
isophon,76,7,6000.0,7.382535173719916
isophon,76,7,8000.0,8.066967810348302
isophon,76,8,250.0,4.766158599853512
isophon,76,8,500.0,6.491389874123584
isophon,76,8,750.0,7.405571728962613
isophon,76,8,1000.0,5.871593035105775
isophon,76,8,1500.0,4.209388210418325
isophon,76,8,2000.0,3.3722796630859335
isophon,76,8,3000.0,12.400715442996628
isophon,76,8,4000.0,11.571195479860236
isophon,76,8,6000.0,7.925445894457241
isophon,76,8,8000.0,10.296549784556646
isophon,76,9,250.0,4.644551239013666
isophon,76,9,500.0,8.141097213628996
isophon,76,9,750.0,9.419516411998686
isophon,76,9,1000.0,7.451889911010767
isophon,76,9,1500.0,4.828829941388761
isophon,76,9,2000.0,5.4554605102539
isophon,76,9,3000.0,10.296597432926191
isophon,76,9,4000.0,11.327954122750668
isophon,76,9,6000.0,9.518911712232082
isophon,76,9,8000.0,12.201701470247428
isophon,76,10,250.0,4.614321136474615
isophon,76,10,500.0,8.165717609947151
isophon,76,10,750.0,9.495839664436474
isophon,76,10,1000.0,10.52204490050815
isophon,76,10,1500.0,6.653163741275307
isophon,76,10,2000.0,6.744459533691412
isophon,76,10,3000.0,10.336268565053388
isophon,76,10,4000.0,10.222563141232797
isophon,76,10,6000.0,9.934160864615649
isophon,76,10,8000.0,12.466573047267474
isophon,77,1,250.0,-4.42611165919547
isophon,77,1,500.0,12.757715888395218
isophon,77,1,750.0,-8.785992478811266
isophon,77,1,1000.0,-0.26136082648358894
isophon,77,1,1500.0,3.4014027706961087
isophon,77,1,2000.0,19.48255647138241
isophon,77,1,3000.0,-10.066825589860485
isophon,77,1,4000.0,-8.881205954348616
isophon,77,1,6000.0,-23.611823955081164
isophon,77,1,8000.0,-15.471569913831871
isophon,77,2,250.0,-7.284981830202639
isophon,77,2,500.0,5.780856154538931
isophon,77,2,750.0,-0.9955021982340639
isophon,77,2,1000.0,4.350416418007114
isophon,77,2,1500.0,1.2124722823537866
isophon,77,2,2000.0,2.055612729198117
isophon,77,2,3000.0,9.560036920101766
isophon,77,2,4000.0,2.5266639418194927
isophon,77,2,6000.0,-3.52595436110407
isophon,77,2,8000.0,-7.268969694491517
isophon,77,3,250.0,-3.2651004575950253
isophon,77,3,500.0,6.398908932145616
isophon,77,3,750.0,-3.1315141581886934
isophon,77,3,1000.0,-4.962293304961008
isophon,77,3,1500.0,4.643242225632484
isophon,77,3,2000.0,0.07779731993726102
isophon,77,3,3000.0,3.193786861679513
isophon,77,3,4000.0,-0.6451122753581302
isophon,77,3,6000.0,-3.8977341538761436
isophon,77,3,8000.0,-6.918348847592981
isophon,77,4,250.0,3.8438091453792254
isophon,77,4,500.0,7.112713735915619
isophon,77,4,750.0,-5.857880671143505
isophon,77,4,1000.0,-10.546450265060244
isophon,77,4,1500.0,-0.6633541304564119
isophon,77,4,2000.0,3.1805538603718446
isophon,77,4,3000.0,-1.126651131651954
isophon,77,4,4000.0,1.9095739689121274
isophon,77,4,6000.0,-1.5661867513398704
isophon,77,4,8000.0,-7.482318113959948
isophon,77,5,250.0,7.530466750537784
isophon,77,5,500.0,14.918792484159567
isophon,77,5,750.0,-1.7120356997358357
isophon,77,5,1000.0,-7.3336707211553005
isophon,77,5,1500.0,-0.23348400079288467
isophon,77,5,2000.0,7.7605202424893776
isophon,77,5,3000.0,3.5408997631555934
isophon,77,5,4000.0,6.7629547754281845
isophon,77,5,6000.0,1.1588213208840727
isophon,77,5,8000.0,-4.900338605226651
isophon,77,6,250.0,4.181913332415576
isophon,77,6,500.0,1.4927125679020605
isophon,77,6,750.0,-2.9690833817862767
isophon,77,6,1000.0,-4.80337569658613
isophon,77,6,1500.0,-2.740522948855684
isophon,77,6,2000.0,0.21658163979029155
isophon,77,6,3000.0,-3.1177684873692755
isophon,77,6,4000.0,2.635562652062106
isophon,77,6,6000.0,-1.2309090687431308
isophon,77,6,8000.0,-0.09850821832890233
isophon,77,7,250.0,3.909164402972948
isophon,77,7,500.0,4.787459858369829
isophon,77,7,750.0,0.12139045551946026
isophon,77,7,1000.0,-8.250453949062361
isophon,77,7,1500.0,1.1180199974738656
isophon,77,7,2000.0,-0.9744999591215588
isophon,77,7,3000.0,-0.8476719806030104
isophon,77,7,4000.0,-0.1651976049392374
isophon,77,7,6000.0,-0.048140269585815076
isophon,77,7,8000.0,0.5135983584765
isophon,77,8,250.0,6.336994766116504
isophon,77,8,500.0,7.028836398977191
isophon,77,8,750.0,-0.6374705139513566
isophon,77,8,1000.0,-4.896086597218684
isophon,77,8,1500.0,1.0499303016474357
isophon,77,8,2000.0,0.9668345283064497
isophon,77,8,3000.0,1.395285716031367
isophon,77,8,4000.0,-0.4208299873118051
isophon,77,8,6000.0,-0.11762095723059929
isophon,77,8,8000.0,1.3924242612668394
isophon,77,9,250.0,7.5793722762669375
isophon,77,9,500.0,7.230445876466334
isophon,77,9,750.0,-1.9188495119026925
isophon,77,9,1000.0,-3.3563370833261814
isophon,77,9,1500.0,-1.1561907686962485
isophon,77,9,2000.0,2.045261252422634
isophon,77,9,3000.0,2.9157623931025682
isophon,77,9,4000.0,-2.2784665630055514
isophon,77,9,6000.0,-1.2570712120945302
isophon,77,9,8000.0,1.7706060641543502
isophon,77,10,250.0,3.8446618363699088
isophon,77,10,500.0,-4.535947457796624
isophon,77,10,750.0,-3.0064767384179873
isophon,77,10,1000.0,-3.765117176279162
isophon,77,10,1500.0,-4.20500382725352
isophon,77,10,2000.0,2.9365191558519115
isophon,77,10,3000.0,4.082637706149029
isophon,77,10,4000.0,-2.1398520888791666
isophon,77,10,6000.0,-0.15608407020657467
isophon,77,10,8000.0,2.0952171115180107
isophon,78,1,250.0,6.139865602518441
isophon,78,1,500.0,31.246218467037195
isophon,78,1,750.0,30.073647565764375
isophon,78,1,1000.0,40.82800935242843
isophon,78,1,1500.0,19.485779047612553
isophon,78,1,2000.0,-8.51394190189339
isophon,78,1,3000.0,-8.331191515893863
isophon,78,1,4000.0,25.723926429631604
isophon,78,1,6000.0,59.35862679814133
isophon,78,1,8000.0,26.997603791018392
isophon,78,2,250.0,6.513559717127507
isophon,78,2,500.0,22.150337432564783
isophon,78,2,750.0,14.953114992409397
isophon,78,2,1000.0,1.3943362112131865
isophon,78,2,1500.0,9.642444566275628
isophon,78,2,2000.0,0.6968836375486944
isophon,78,2,3000.0,0.9450909506717835
isophon,78,2,4000.0,12.653556087483963
isophon,78,2,6000.0,26.42927062329224
isophon,78,2,8000.0,18.23783473400377
isophon,78,3,250.0,-8.541245557063291
isophon,78,3,500.0,-0.9013499905010747
isophon,78,3,750.0,0.5274195851537087
isophon,78,3,1000.0,0.6519037267837717
isophon,78,3,1500.0,4.242589766175271
isophon,78,3,2000.0,-4.957741612610704
isophon,78,3,3000.0,-4.627803391710316
isophon,78,3,4000.0,-4.787279775511649
isophon,78,3,6000.0,10.380617316813641
isophon,78,3,8000.0,14.669712025154638
isophon,78,4,250.0,-13.055474217136393
isophon,78,4,500.0,-4.465727711978232
isophon,78,4,750.0,-5.175789006723818
isophon,78,4,1000.0,-1.571007991179954
isophon,78,4,1500.0,4.972792000656312
isophon,78,4,2000.0,-2.3288531125107994
isophon,78,4,3000.0,-7.328545052180104
isophon,78,4,4000.0,5.1836543381064075
isophon,78,4,6000.0,8.277270734134817
isophon,78,4,8000.0,10.46611620468235
isophon,78,5,250.0,-7.124729553764581
isophon,78,5,500.0,1.7743742446803168
isophon,78,5,750.0,-2.079728493400708
isophon,78,5,1000.0,0.04823622586424392
isophon,78,5,1500.0,10.15595612552221
isophon,78,5,2000.0,7.91809089514291
isophon,78,5,3000.0,1.736358072302707
isophon,78,5,4000.0,10.671241719860106
isophon,78,5,6000.0,10.662615619322452
isophon,78,5,8000.0,13.450725206136326
isophon,78,6,250.0,8.392036032041204
isophon,78,6,500.0,14.931838222717957
isophon,78,6,750.0,11.459328123781532
isophon,78,6,1000.0,13.178723133823226
isophon,78,6,1500.0,21.601681986117896
isophon,78,6,2000.0,20.505973985746593
isophon,78,6,3000.0,13.598690994703944
isophon,78,6,4000.0,25.538476369518307
isophon,78,6,6000.0,19.99341593327449
isophon,78,6,8000.0,18.93864924788437
isophon,78,7,250.0,17.461303134745307
isophon,78,7,500.0,16.48530624316291
isophon,78,7,750.0,16.28703655427222
isophon,78,7,1000.0,17.869283859744158
isophon,78,7,1500.0,25.416008784187696
isophon,78,7,2000.0,27.593312339649998
isophon,78,7,3000.0,21.138026197251847
isophon,78,7,4000.0,27.560313572935073
isophon,78,7,6000.0,18.83347011735796
isophon,78,7,8000.0,19.34135676741562
isophon,78,8,250.0,17.765468195537053
isophon,78,8,500.0,22.81122393002434
isophon,78,8,750.0,19.44786357408742
isophon,78,8,1000.0,17.284554489122527
isophon,78,8,1500.0,28.138372675789256
isophon,78,8,2000.0,30.845675142411892
isophon,78,8,3000.0,26.187298199488154
isophon,78,8,4000.0,26.12354614257812
isophon,78,8,6000.0,18.37857167319288
isophon,78,8,8000.0,16.581184886541166
isophon,78,9,250.0,17.011647796023624
isophon,78,9,500.0,26.733776359028354
isophon,78,9,750.0,19.242604241056313
isophon,78,9,1000.0,16.632123907375657
isophon,78,9,1500.0,26.305788948292232
isophon,78,9,2000.0,32.292217159322874
isophon,78,9,3000.0,30.064458002812145
isophon,78,9,4000.0,23.99868103027343
isophon,78,9,6000.0,18.352927192660687
isophon,78,9,8000.0,14.74428476569004
isophon,78,10,250.0,15.256865416549942
isophon,78,10,500.0,23.651290119670435
isophon,78,10,750.0,18.15331856791596
isophon,78,10,1000.0,13.650114440917974
isophon,78,10,1500.0,19.853712463378912
isophon,78,10,2000.0,32.795096782756644
isophon,78,10,3000.0,26.67512654656332
isophon,78,10,4000.0,20.203405761718756
isophon,78,10,6000.0,17.334445738419817
isophon,78,10,8000.0,9.658808135986334
isophon,79,1,250.0,-18.613506269720062
isophon,79,1,500.0,14.930781430801382
isophon,79,1,750.0,18.545819166064234
isophon,79,1,1000.0,8.475610543506573
isophon,79,1,1500.0,9.883742734011648
isophon,79,1,2000.0,-4.71198668100719
isophon,79,1,3000.0,7.128806809246058
isophon,79,1,4000.0,-24.08747342755035
isophon,79,1,6000.0,0.5432408797765902
isophon,79,1,8000.0,-19.70450647871135
isophon,79,2,250.0,4.184139869435981
isophon,79,2,500.0,15.323394912367071
isophon,79,2,750.0,13.983476953276693
isophon,79,2,1000.0,7.7498086445402805
isophon,79,2,1500.0,7.413070509495881
isophon,79,2,2000.0,3.6784535306347053
isophon,79,2,3000.0,-4.885479457420999
isophon,79,2,4000.0,-8.242687646056993
isophon,79,2,6000.0,8.255426381687272
isophon,79,2,8000.0,-16.00626939582881
isophon,79,3,250.0,-8.38848132181819
isophon,79,3,500.0,0.03588024422026592
isophon,79,3,750.0,4.674102781163043
isophon,79,3,1000.0,1.6914974507878995
isophon,79,3,1500.0,5.752662932303899
isophon,79,3,2000.0,8.193839423311147
isophon,79,3,3000.0,1.6546445204591436
isophon,79,3,4000.0,-5.748311944291089
isophon,79,3,6000.0,12.592598766386772
isophon,79,3,8000.0,-10.584417939450248
isophon,79,4,250.0,-6.098332171185746
isophon,79,4,500.0,-4.753727314695823
isophon,79,4,750.0,-3.041242984538286
isophon,79,4,1000.0,-4.512264769860963
isophon,79,4,1500.0,4.212667730477747
isophon,79,4,2000.0,8.550067678759362
isophon,79,4,3000.0,2.6746570180688565
isophon,79,4,4000.0,-6.937326490935519
isophon,79,4,6000.0,7.67382125862045
isophon,79,4,8000.0,-6.657468783232943
isophon,79,5,250.0,-1.2926327985761077
isophon,79,5,500.0,-6.323541164819886
isophon,79,5,750.0,-3.009923376657639
isophon,79,5,1000.0,-2.965492898923671
isophon,79,5,1500.0,4.5841384905572085
isophon,79,5,2000.0,7.638399073903628
isophon,79,5,3000.0,3.977073714629853
isophon,79,5,4000.0,-3.0651104377394205
isophon,79,5,6000.0,-2.5689602717599485
isophon,79,5,8000.0,-5.140335501745014
isophon,79,6,250.0,1.5905322686829066
isophon,79,6,500.0,1.6406964336708114
isophon,79,6,750.0,2.16339688712614
isophon,79,6,1000.0,-3.3139320699604724
isophon,79,6,1500.0,0.4364817042711877
isophon,79,6,2000.0,-0.021735728886753236
isophon,79,6,3000.0,-1.5111869955651258
isophon,79,6,4000.0,-4.9600111656992
isophon,79,6,6000.0,2.9177345750820223
isophon,79,6,8000.0,0.2832247770553806
isophon,79,7,250.0,0.6499267271508842
isophon,79,7,500.0,-0.047684239897265
isophon,79,7,750.0,3.3134113242683156
isophon,79,7,1000.0,-1.2777590433444743
isophon,79,7,1500.0,3.4848682876990864
isophon,79,7,2000.0,2.657995973448763
isophon,79,7,3000.0,2.225597764728562
isophon,79,7,4000.0,-1.957824904388545
isophon,79,7,6000.0,3.791826344284061
isophon,79,7,8000.0,1.1937612122908803
isophon,79,8,250.0,-2.7248246265092604
isophon,79,8,500.0,2.5675104505821054
isophon,79,8,750.0,3.434495949685271
isophon,79,8,1000.0,-1.0739729379930907
isophon,79,8,1500.0,1.5516271823889838
isophon,79,8,2000.0,3.9667404528529886
isophon,79,8,3000.0,6.375805704714622
isophon,79,8,4000.0,-0.5897612005404653
isophon,79,8,6000.0,1.8415490243137924
isophon,79,8,8000.0,2.4779899507356333
isophon,79,9,250.0,-2.6046708629430952
isophon,79,9,500.0,3.8635383127295597
isophon,79,9,750.0,3.192405346384618
isophon,79,9,1000.0,-2.6092943561508406
isophon,79,9,1500.0,1.3433005567209477
isophon,79,9,2000.0,3.999588617830838
isophon,79,9,3000.0,8.426333104741872
isophon,79,9,4000.0,0.14554240119481676
isophon,79,9,6000.0,0.5594987205177091
isophon,79,9,8000.0,3.440481162295697
isophon,79,10,250.0,0.609065070873541
isophon,79,10,500.0,3.579730940340852
isophon,79,10,750.0,4.393193592013176
isophon,79,10,1000.0,-4.157297303474849
isophon,79,10,1500.0,3.281964661327194
isophon,79,10,2000.0,3.051049978838705
isophon,79,10,3000.0,2.3949075321591806
isophon,79,10,4000.0,1.1703187306857785
isophon,79,10,6000.0,1.6791263854054392
isophon,79,10,8000.0,3.9633490049312314
isophon,80,1,250.0,-0.0010932248493134011
isophon,80,1,500.0,-8.114448343332711
isophon,80,1,750.0,-4.716502521619631
isophon,80,1,1000.0,1.871707504945455
isophon,80,1,1500.0,-2.9818848120358723
isophon,80,1,2000.0,-3.4996720272131583
isophon,80,1,3000.0,-3.34672042908484
isophon,80,1,4000.0,0.7131603671259086
isophon,80,1,6000.0,-0.5022654374516833
isophon,80,1,8000.0,18.69375299081382
isophon,80,2,250.0,2.4998486037240184
isophon,80,2,500.0,-1.2420976802270758
isophon,80,2,750.0,5.584055409047565
isophon,80,2,1000.0,5.407596303126866
isophon,80,2,1500.0,-4.659031240921422
isophon,80,2,2000.0,-3.453014720948886
isophon,80,2,3000.0,13.016095151062942
isophon,80,2,4000.0,11.2964052051029
isophon,80,2,6000.0,3.7833865780504254
isophon,80,2,8000.0,22.696416784215288
isophon,80,3,250.0,5.371640045950755
isophon,80,3,500.0,-3.295374472738132
isophon,80,3,750.0,3.876224869858561
isophon,80,3,1000.0,-2.808211098335434
isophon,80,3,1500.0,-15.346068260043552
isophon,80,3,2000.0,-3.187643547717002
isophon,80,3,3000.0,-0.2861191259776632
isophon,80,3,4000.0,6.529080609719102
isophon,80,3,6000.0,5.94876505160174
isophon,80,3,8000.0,24.996727884920233
isophon,80,4,250.0,-6.332203489332883
isophon,80,4,500.0,-6.8371475521198875
isophon,80,4,750.0,2.7055547734336898
isophon,80,4,1000.0,-3.290666598695907
isophon,80,4,1500.0,-10.906925500118291
isophon,80,4,2000.0,-11.020547763470958
isophon,80,4,3000.0,-6.569339868697327
isophon,80,4,4000.0,-8.577081844891481
isophon,80,4,6000.0,4.062834556623656
isophon,80,4,8000.0,26.065337825070657
isophon,80,5,250.0,-3.22231293573077
isophon,80,5,500.0,-0.8546353286724155
isophon,80,5,750.0,3.5530429831665487
isophon,80,5,1000.0,-1.6172564087701886
isophon,80,5,1500.0,-10.130981212515636
isophon,80,5,2000.0,-11.426001528053206
isophon,80,5,3000.0,-6.8603727256132885
isophon,80,5,4000.0,-7.355094269033373
isophon,80,5,6000.0,2.756868863584444
isophon,80,5,8000.0,21.34310944390647
isophon,80,6,250.0,2.726880732775868
isophon,80,6,500.0,1.450456137503167
isophon,80,6,750.0,2.6126616189240934
isophon,80,6,1000.0,2.148673504029915
isophon,80,6,1500.0,-6.451745520103017
isophon,80,6,2000.0,-8.68596032932274
isophon,80,6,3000.0,-6.2063491355254
isophon,80,6,4000.0,-6.07595218871046
isophon,80,6,6000.0,2.7268949354966736
isophon,80,6,8000.0,16.400241446478518
isophon,80,7,250.0,4.381381828928724
isophon,80,7,500.0,0.7288265872069246
isophon,80,7,750.0,-0.3197735110742457
isophon,80,7,1000.0,-2.618775738692875
isophon,80,7,1500.0,-7.463167256614483
isophon,80,7,2000.0,-9.556265596154574
isophon,80,7,3000.0,-5.408225356228527
isophon,80,7,4000.0,-6.601801888997997
isophon,80,7,6000.0,1.1351186538233407
isophon,80,7,8000.0,15.096312608870193
isophon,80,8,250.0,1.6462323360946982
isophon,80,8,500.0,0.6866364840492878
isophon,80,8,750.0,-0.14332043761281454
isophon,80,8,1000.0,-3.9779980770634182
isophon,80,8,1500.0,-4.886425942824388
isophon,80,8,2000.0,-11.165803401315614
isophon,80,8,3000.0,-10.031387240214997
isophon,80,8,4000.0,-4.976557025074868
isophon,80,8,6000.0,0.866784217087428
isophon,80,8,8000.0,13.848313338827893
isophon,80,9,250.0,2.13103952296467
isophon,80,9,500.0,1.7972289156757597
isophon,80,9,750.0,-3.382783318088528
isophon,80,9,1000.0,-2.6736933415672297
isophon,80,9,1500.0,-2.355694393160661
isophon,80,9,2000.0,-13.55496021515144
isophon,80,9,3000.0,-11.703913726806618
isophon,80,9,4000.0,-3.871961584794377
isophon,80,9,6000.0,0.9858048593281126
isophon,80,9,8000.0,11.124989159717003
isophon,80,10,250.0,-1.2362529186328572
isophon,80,10,500.0,-8.55169237691662
isophon,80,10,750.0,-1.7677207733039637
isophon,80,10,1000.0,0.14550740011048902
isophon,80,10,1500.0,-0.21291419793512034
isophon,80,10,2000.0,-11.272538757324213
isophon,80,10,3000.0,-8.02492675781248
isophon,80,10,4000.0,-2.1674127295280528
isophon,80,10,6000.0,1.6946298104284097
isophon,80,10,8000.0,7.7840249343196035
isophon,81,1,250.0,24.649319478629593
isophon,81,1,500.0,4.746028243777953
isophon,81,1,750.0,2.9606564712524346
isophon,81,1,1000.0,4.875672645568848
isophon,81,1,1500.0,4.67754367059451
isophon,81,1,2000.0,8.053975191723087
isophon,81,1,3000.0,10.947849578857422
isophon,81,1,4000.0,-1.0127374777777831
isophon,81,1,6000.0,21.288320332747254
isophon,81,1,8000.0,-26.185187073143794
isophon,81,2,250.0,9.194506609055054
isophon,81,2,500.0,-1.248801354540575
isophon,81,2,750.0,2.280528310568272
isophon,81,2,1000.0,-4.663952699781568
isophon,81,2,1500.0,0.6926146693531123
isophon,81,2,2000.0,-3.965131299721847
isophon,81,2,3000.0,-0.049491195678712074
isophon,81,2,4000.0,-14.586732975107282
isophon,81,2,6000.0,12.833027868501254
isophon,81,2,8000.0,-19.36815216952482
isophon,81,3,250.0,2.341564840080622
isophon,81,3,500.0,4.275716047264247
isophon,81,3,750.0,6.09960128235322
isophon,81,3,1000.0,-2.20507625814453
isophon,81,3,1500.0,-4.148789169517293
isophon,81,3,2000.0,-2.778426946821696
isophon,81,3,3000.0,0.3601741531826548
isophon,81,3,4000.0,-1.1149149090951056
isophon,81,3,6000.0,10.846771936613003
isophon,81,3,8000.0,-10.615908748290636
isophon,81,4,250.0,-3.079917474443363
isophon,81,4,500.0,1.3938558195465305
isophon,81,4,750.0,4.835216952050843
isophon,81,4,1000.0,-2.5537265570099947
isophon,81,4,1500.0,-8.595501372833098
isophon,81,4,2000.0,-0.4115502870565422
isophon,81,4,3000.0,1.7606897942378765
isophon,81,4,4000.0,1.8036860744362713
isophon,81,4,6000.0,7.274878038029357
isophon,81,4,8000.0,-11.078373604669792
isophon,81,5,250.0,-6.47015434762784
isophon,81,5,500.0,-1.0037405446642538
isophon,81,5,750.0,1.9808335665104693
isophon,81,5,1000.0,-4.211007069530822
isophon,81,5,1500.0,-11.513044253523447
isophon,81,5,2000.0,-6.822452304934302
isophon,81,5,3000.0,-2.3956762767475084
isophon,81,5,4000.0,-7.302476351246554
isophon,81,5,6000.0,2.786522437812721
isophon,81,5,8000.0,-6.547517974672914
isophon,81,6,250.0,-7.738766071785832
isophon,81,6,500.0,-10.344279427681442
isophon,81,6,750.0,-3.2097105440418687
isophon,81,6,1000.0,1.5440739728804829
isophon,81,6,1500.0,-1.549669383174404
isophon,81,6,2000.0,4.689329472102287
isophon,81,6,3000.0,5.824969353135302
isophon,81,6,4000.0,0.9586576909127302
isophon,81,6,6000.0,9.863222069304797
isophon,81,6,8000.0,-3.455242264478642
isophon,81,7,250.0,-7.313420996120129
isophon,81,7,500.0,-7.457614879604492
isophon,81,7,750.0,-8.685988530016047
isophon,81,7,1000.0,-4.72984078379892
isophon,81,7,1500.0,2.3283266319682667
isophon,81,7,2000.0,-1.6397999972474366
isophon,81,7,3000.0,-0.3618713701115581
isophon,81,7,4000.0,-3.043798835804054
isophon,81,7,6000.0,10.624868753013772
isophon,81,7,8000.0,-1.4934890559852079
isophon,81,8,250.0,-7.1335870626388385
isophon,81,8,500.0,-4.728250270503011
isophon,81,8,750.0,-6.191146319819168
isophon,81,8,1000.0,-2.4672456308458948
isophon,81,8,1500.0,5.725328342786284
isophon,81,8,2000.0,0.019079077744663664
isophon,81,8,3000.0,3.3387044835185264
isophon,81,8,4000.0,-4.0789664534598415
isophon,81,8,6000.0,9.352916647742404
isophon,81,8,8000.0,-0.022842593458989313
isophon,81,9,250.0,-6.358674209347541
isophon,81,9,500.0,-2.4400556243785303
isophon,81,9,750.0,-3.4453688049315616
isophon,81,9,1000.0,-0.13210784398066266
isophon,81,9,1500.0,7.89864545431692
isophon,81,9,2000.0,2.5757069727057456
isophon,81,9,3000.0,6.511854043885137
isophon,81,9,4000.0,-2.960753609793997
isophon,81,9,6000.0,6.871174361443295
isophon,81,9,8000.0,1.0112134484519544
isophon,81,10,250.0,-3.4523562601446542
isophon,81,10,500.0,0.024333480324813195
isophon,81,10,750.0,-1.9336296081542201
isophon,81,10,1000.0,2.4326247613431633
isophon,81,10,1500.0,8.900905235601726
isophon,81,10,2000.0,-3.499888110409927
isophon,81,10,3000.0,1.6728659266013892
isophon,81,10,4000.0,-1.8961706378844099
isophon,81,10,6000.0,-0.07820663452146448
isophon,81,10,8000.0,2.0841964702911326
isophon,82,1,250.0,-11.500636719026417
isophon,82,1,500.0,15.805265608402728
isophon,82,1,750.0,19.335566745511343
isophon,82,1,1000.0,17.871184782014335
isophon,82,1,1500.0,0.015203821997991085
isophon,82,1,2000.0,0.47175644367103153
isophon,82,1,3000.0,5.51168265350401
isophon,82,1,4000.0,4.166678894432934
isophon,82,1,6000.0,-20.126339729589674
isophon,82,1,8000.0,-3.3132466640760754
isophon,82,2,250.0,-4.23151881325272
isophon,82,2,500.0,-0.8532860323990619
isophon,82,2,750.0,8.760968783429654
isophon,82,2,1000.0,5.566218119309738
isophon,82,2,1500.0,10.342473713576744
isophon,82,2,2000.0,-1.4775459797846437
isophon,82,2,3000.0,-7.463381296350278
isophon,82,2,4000.0,-6.222907182592692
isophon,82,2,6000.0,-0.6512888618580206
isophon,82,2,8000.0,1.5190196438813075
isophon,82,3,250.0,0.6116443046343392
isophon,82,3,500.0,-7.5560703407870164
isophon,82,3,750.0,-0.2579309826690235
isophon,82,3,1000.0,-0.7487890732556224
isophon,82,3,1500.0,7.918740246432584
isophon,82,3,2000.0,7.849402187352929
isophon,82,3,3000.0,2.501161012517592
isophon,82,3,4000.0,-1.6624456360720075
isophon,82,3,6000.0,-5.376411218442058
isophon,82,3,8000.0,9.868821260702319
isophon,82,4,250.0,8.843367980271282
isophon,82,4,500.0,-10.078154127177072
isophon,82,4,750.0,-1.1863522407540756
isophon,82,4,1000.0,-3.0851457517788674
isophon,82,4,1500.0,-0.7353850145689123
isophon,82,4,2000.0,5.825627197865728
isophon,82,4,3000.0,2.989689924164466
isophon,82,4,4000.0,3.1080487732295836
isophon,82,4,6000.0,-3.761431437148204
isophon,82,4,8000.0,13.41324276409091
isophon,82,5,250.0,-0.4237876322920613
isophon,82,5,500.0,-2.0856851484540755
isophon,82,5,750.0,1.0545526467099506
isophon,82,5,1000.0,-7.179763845748141
isophon,82,5,1500.0,-3.2547196808574057
isophon,82,5,2000.0,9.26501368946731
isophon,82,5,3000.0,5.782616325997658
isophon,82,5,4000.0,3.5847443574211155
isophon,82,5,6000.0,-0.24949155353191088
isophon,82,5,8000.0,13.6981226692794
isophon,82,6,250.0,2.860264620492913
isophon,82,6,500.0,7.955203780332582
isophon,82,6,750.0,6.040804924059856
isophon,82,6,1000.0,-3.701834946348953
isophon,82,6,1500.0,-6.007179076378179
isophon,82,6,2000.0,0.9912828507777931
isophon,82,6,3000.0,-5.9519571510563765
isophon,82,6,4000.0,-1.5695958398596304
isophon,82,6,6000.0,-1.8470600798266474
isophon,82,6,8000.0,10.149279168202725
isophon,82,7,250.0,5.951242781515077
isophon,82,7,500.0,5.064952090337513
isophon,82,7,750.0,10.054509914374577
isophon,82,7,1000.0,-2.161277043202176
isophon,82,7,1500.0,-2.6790283942028736
isophon,82,7,2000.0,4.3441743476637384
isophon,82,7,3000.0,-4.015144683799662
isophon,82,7,4000.0,1.1793155138401232
isophon,82,7,6000.0,-2.5283036978779876
isophon,82,7,8000.0,8.964405629080119
isophon,82,8,250.0,5.321190004807676
isophon,82,8,500.0,4.927122372880319
isophon,82,8,750.0,10.361976382571953
isophon,82,8,1000.0,0.38511225552746
isophon,82,8,1500.0,-1.0977747084293554
isophon,82,8,2000.0,8.380401356558465
isophon,82,8,3000.0,-0.9560607048498895
isophon,82,8,4000.0,2.238759065321659
isophon,82,8,6000.0,-1.4044985545466915
isophon,82,8,8000.0,9.226084215064688
isophon,82,9,250.0,5.22773783415002
isophon,82,9,500.0,6.139982428017646
isophon,82,9,750.0,9.032888238921643
isophon,82,9,1000.0,3.7016366580600533
isophon,82,9,1500.0,2.685957719691075
isophon,82,9,2000.0,11.851290694980008
isophon,82,9,3000.0,3.7688138629411583
isophon,82,9,4000.0,-0.29355936833123053
isophon,82,9,6000.0,0.7210940702374131
isophon,82,9,8000.0,9.759210782939576
isophon,82,10,250.0,-0.5127626373779606
isophon,82,10,500.0,-1.580610225717976
isophon,82,10,750.0,4.050953783421306
isophon,82,10,1000.0,0.8669338059628586
isophon,82,10,1500.0,2.5787929774677423
isophon,82,10,2000.0,9.676530799208777
isophon,82,10,3000.0,4.079424246207026
isophon,82,10,4000.0,-1.531374256893045
isophon,82,10,6000.0,2.884893504373906
isophon,82,10,8000.0,8.048009399688922
isophon,83,1,250.0,7.412749284302677
isophon,83,1,500.0,21.426797988942155
isophon,83,1,750.0,11.97770934446396
isophon,83,1,1000.0,1.2657151004041296
isophon,83,1,1500.0,-10.860312505932974
isophon,83,1,2000.0,-5.028563325640647
isophon,83,1,3000.0,-4.758397300005726
isophon,83,1,4000.0,12.94496193740352
isophon,83,1,6000.0,0.14976499529967668
isophon,83,1,8000.0,-4.301679670155963
isophon,83,2,250.0,5.917678016362075
isophon,83,2,500.0,-1.5411394849923
isophon,83,2,750.0,-3.967017467794122
isophon,83,2,1000.0,-0.7166497916443291
isophon,83,2,1500.0,-2.174545145187537
isophon,83,2,2000.0,0.7479268201215632
isophon,83,2,3000.0,2.6709900868870307
isophon,83,2,4000.0,1.0957148985814058
isophon,83,2,6000.0,1.6979191649334382
isophon,83,2,8000.0,-7.01796756484751
isophon,83,3,250.0,-6.622034304309736
isophon,83,3,500.0,-5.323897704964921
isophon,83,3,750.0,-1.6020557406877174
isophon,83,3,1000.0,0.039844744592357983
isophon,83,3,1500.0,-0.5341226180383529
isophon,83,3,2000.0,3.16462698353196
isophon,83,3,3000.0,0.5429029215508479
isophon,83,3,4000.0,-2.4300676142977125
isophon,83,3,6000.0,-2.090207971600549
isophon,83,3,8000.0,-9.30808518024837
isophon,83,4,250.0,-8.61189744812198
isophon,83,4,500.0,-5.436841409725957
isophon,83,4,750.0,-0.19123120347704514
isophon,83,4,1000.0,1.796671122950741
isophon,83,4,1500.0,0.35640033275669225
isophon,83,4,2000.0,5.4487565615804385
isophon,83,4,3000.0,0.7265422124508802
isophon,83,4,4000.0,-1.5230336913581226
isophon,83,4,6000.0,-0.9843336971420342
isophon,83,4,8000.0,-5.6820116919393655
isophon,83,5,250.0,-4.854370038624822
isophon,83,5,500.0,-6.774123128943785
isophon,83,5,750.0,-3.451772418523987
isophon,83,5,1000.0,-3.2544364519991973
isophon,83,5,1500.0,0.16504038148957534
isophon,83,5,2000.0,6.6056883077132795
isophon,83,5,3000.0,0.8992654541678888
isophon,83,5,4000.0,-5.890264906497492
isophon,83,5,6000.0,-4.296970149402611
isophon,83,5,8000.0,-12.753010070588076
isophon,83,6,250.0,-3.4663221641415163
isophon,83,6,500.0,-0.44691933816669405
isophon,83,6,750.0,2.324780319803054
isophon,83,6,1000.0,1.654330574000241
isophon,83,6,1500.0,3.5346247295296536
isophon,83,6,2000.0,4.627300928915105
isophon,83,6,3000.0,2.972824962147058
isophon,83,6,4000.0,-1.958705991679551
isophon,83,6,6000.0,-2.3179271077135866
isophon,83,6,8000.0,-9.31878213344622
isophon,83,7,250.0,-3.2315765969879635
isophon,83,7,500.0,-1.9206699292811606
isophon,83,7,750.0,-1.5133029195997239
isophon,83,7,1000.0,0.5721346163990972
isophon,83,7,1500.0,1.6079990724890365
isophon,83,7,2000.0,3.115835250029207
isophon,83,7,3000.0,4.7782302201997595
isophon,83,7,4000.0,1.0510521479115482
isophon,83,7,6000.0,-5.875535389330835
isophon,83,7,8000.0,-7.044565061913005
isophon,83,8,250.0,-2.5928880704966275
isophon,83,8,500.0,-0.9204353748795029
isophon,83,8,750.0,-1.1584692763752145
isophon,83,8,1000.0,-1.1938704817722225
isophon,83,8,1500.0,-2.447396706642607
isophon,83,8,2000.0,-4.118836852265957
isophon,83,8,3000.0,-0.9238931123795027
isophon,83,8,4000.0,0.17213721411248173
isophon,83,8,6000.0,-6.219181140419266
isophon,83,8,8000.0,-11.617820294251842
isophon,83,9,250.0,-1.4207315059911423
isophon,83,9,500.0,0.0482153465059838
isophon,83,9,750.0,-5.299519540819929
isophon,83,9,1000.0,-4.15471829742485
isophon,83,9,1500.0,-5.382080330394544
isophon,83,9,2000.0,-4.893388368466617
isophon,83,9,3000.0,-4.584784163917732
isophon,83,9,4000.0,-3.9071951628924353
isophon,83,9,6000.0,-7.457343486035555
isophon,83,9,8000.0,-12.168376007080084
isophon,83,10,250.0,1.6293264056264576
isophon,83,10,500.0,4.187938247826523
isophon,83,10,750.0,-5.374776992475034
isophon,83,10,1000.0,-0.3224272516233526
isophon,83,10,1500.0,-1.6330069880756497
isophon,83,10,2000.0,-1.2396081896112605
isophon,83,10,3000.0,-2.023971565502535
isophon,83,10,4000.0,-3.054049506048088
isophon,83,10,6000.0,-5.2566396344417825
isophon,83,10,8000.0,-10.633561706542963
isophon,84,1,250.0,1.6082038891423736
isophon,84,1,500.0,17.823079193243117
isophon,84,1,750.0,1.7663682146812576
isophon,84,1,1000.0,-0.7976630156385625
isophon,84,1,1500.0,-12.289015615065097
isophon,84,1,2000.0,-1.1727445948865807
isophon,84,1,3000.0,-13.479036015277586
isophon,84,1,4000.0,-26.201496139583526
isophon,84,1,6000.0,-34.79282875424258
isophon,84,1,8000.0,-45.5004921979823
isophon,84,2,250.0,-10.704478768873727
isophon,84,2,500.0,18.808785621884233
isophon,84,2,750.0,8.035175086267813
isophon,84,2,1000.0,-2.3762704133263455
isophon,84,2,1500.0,-1.1840093185940646
isophon,84,2,2000.0,1.9458832941775555
isophon,84,2,3000.0,-7.007803003206462
isophon,84,2,4000.0,-20.552951086236334
isophon,84,2,6000.0,-21.362226260956447
isophon,84,2,8000.0,-32.71492263617618
isophon,84,3,250.0,-2.6850336148470006
isophon,84,3,500.0,5.9136702238904135
isophon,84,3,750.0,-0.5187677568948246
isophon,84,3,1000.0,-1.7652351284913834
isophon,84,3,1500.0,7.4570594536371715
isophon,84,3,2000.0,5.6673430698701
isophon,84,3,3000.0,-1.350992123902543
isophon,84,3,4000.0,-13.068977275401295
isophon,84,3,6000.0,-11.234623264130278
isophon,84,3,8000.0,-32.71607920700748
isophon,84,4,250.0,4.771656320269585
isophon,84,4,500.0,4.739967229551382
isophon,84,4,750.0,-3.4901537189000464
isophon,84,4,1000.0,-0.1734108804218124
isophon,84,4,1500.0,3.5472029904241253
isophon,84,4,2000.0,3.656659821125942
isophon,84,4,3000.0,6.016323614574716
isophon,84,4,4000.0,-2.311382423390967
isophon,84,4,6000.0,-0.6217297399603581
isophon,84,4,8000.0,-25.57373812729557
isophon,84,5,250.0,0.6466493469707046
isophon,84,5,500.0,-3.0159772086205123
isophon,84,5,750.0,-7.9052455732552716
isophon,84,5,1000.0,-10.818145208569689
isophon,84,5,1500.0,-3.2756058236243746
isophon,84,5,2000.0,-0.3099374561953141
isophon,84,5,3000.0,-0.3599438386262648
isophon,84,5,4000.0,-2.71028999344162
isophon,84,5,6000.0,1.4109770725383015
isophon,84,5,8000.0,-15.925661650244791
isophon,84,6,250.0,1.2775480438009623
isophon,84,6,500.0,7.775343958676615
isophon,84,6,750.0,-2.082272655250563
isophon,84,6,1000.0,-8.070004953442748
isophon,84,6,1500.0,-0.2491476243359898
isophon,84,6,2000.0,3.9122103374055115
isophon,84,6,3000.0,0.19224529373271082
isophon,84,6,4000.0,-3.5951053249482214
isophon,84,6,6000.0,1.4996852093071737
isophon,84,6,8000.0,-18.41389611123715
isophon,84,7,250.0,0.8197064836716379
isophon,84,7,500.0,8.00472567235822
isophon,84,7,750.0,-0.29557469366837097
isophon,84,7,1000.0,-4.7954194716152045
isophon,84,7,1500.0,2.184570834834375
isophon,84,7,2000.0,3.721700491067608
isophon,84,7,3000.0,1.1075835558279437
isophon,84,7,4000.0,-1.062953015491857
isophon,84,7,6000.0,7.484846919369559
isophon,84,7,8000.0,-18.367982961448362
isophon,84,8,250.0,1.8575146859065228
isophon,84,8,500.0,5.443472082551963
isophon,84,8,750.0,-0.24926027359025227
isophon,84,8,1000.0,-4.202050700339754
isophon,84,8,1500.0,5.530153448619558
isophon,84,8,2000.0,6.985652196122288
isophon,84,8,3000.0,1.6449747908732206
isophon,84,8,4000.0,-6.392912751589392
isophon,84,8,6000.0,2.644872922134738
isophon,84,8,8000.0,-18.187237465686025
isophon,84,9,250.0,1.437918979778786
isophon,84,9,500.0,1.7061995273222976
isophon,84,9,750.0,1.439370092003628
isophon,84,9,1000.0,-2.3744695425251052
isophon,84,9,1500.0,6.60489395469402
isophon,84,9,2000.0,9.341553881301977
isophon,84,9,3000.0,3.504402473997061
isophon,84,9,4000.0,-4.408893567676998
isophon,84,9,6000.0,-1.1424900329893575
isophon,84,9,8000.0,-16.79906189376409
isophon,84,10,250.0,3.093429916880922
isophon,84,10,500.0,3.2486324198092973
isophon,84,10,750.0,3.133878208652291
isophon,84,10,1000.0,1.7209128380136463
isophon,84,10,1500.0,4.940845924717053
isophon,84,10,2000.0,6.460237610803873
isophon,84,10,3000.0,1.1752898956296889
isophon,84,10,4000.0,-3.8660666334015445
isophon,84,10,6000.0,-5.766587829589838
isophon,84,10,8000.0,-12.536164855957026
isophon,85,1,250.0,4.6054799561829896
isophon,85,1,500.0,1.6809742192288084
isophon,85,1,750.0,6.764050311543855
isophon,85,1,1000.0,-12.54267007511256
isophon,85,1,1500.0,11.02653231734314
isophon,85,1,2000.0,7.560504001992399
isophon,85,1,3000.0,4.5215038321459105
isophon,85,1,4000.0,2.2799694151235315
isophon,85,1,6000.0,-13.43391438809212
isophon,85,1,8000.0,-25.774109717615374
isophon,85,2,250.0,13.052540800447034
isophon,85,2,500.0,-10.452785126941023
isophon,85,2,750.0,-8.632001941794798
isophon,85,2,1000.0,-5.606233586783958
isophon,85,2,1500.0,6.55785303559631
isophon,85,2,2000.0,-6.444553364935771
isophon,85,2,3000.0,-2.24946934770729
isophon,85,2,4000.0,-3.60635433438361
isophon,85,2,6000.0,-0.6338387565327679
isophon,85,2,8000.0,-19.747048515069707
isophon,85,3,250.0,4.346746518283496
isophon,85,3,500.0,-2.4492999939530193
isophon,85,3,750.0,-7.984365512126871
isophon,85,3,1000.0,-3.347898033423263
isophon,85,3,1500.0,3.4880510873537673
isophon,85,3,2000.0,-6.150702319454496
isophon,85,3,3000.0,4.540643433765965
isophon,85,3,4000.0,2.3307777542998025
isophon,85,3,6000.0,-5.976225073189113
isophon,85,3,8000.0,-9.53103741861463
isophon,85,4,250.0,5.457135333787406
isophon,85,4,500.0,4.044205425756942
isophon,85,4,750.0,-11.976709195516321
isophon,85,4,1000.0,-2.0670503273645267
isophon,85,4,1500.0,-2.3104061770597184
isophon,85,4,2000.0,-3.736893259079892
isophon,85,4,3000.0,6.254186132771281
isophon,85,4,4000.0,6.017405198101159
isophon,85,4,6000.0,-3.528984999337112
isophon,85,4,8000.0,-4.1475504153751785
isophon,85,5,250.0,2.692517442012516
isophon,85,5,500.0,-3.870740896805927
isophon,85,5,750.0,-9.829965104110016
isophon,85,5,1000.0,-5.652429922295838
isophon,85,5,1500.0,-6.378661269049758
isophon,85,5,2000.0,-5.161438717223419
isophon,85,5,3000.0,-1.7329826974497848
isophon,85,5,4000.0,0.3131328250648835
isophon,85,5,6000.0,-12.724602050518513
isophon,85,5,8000.0,-6.271187760647422
isophon,85,6,250.0,-10.392360328001075
isophon,85,6,500.0,2.865383787961335
isophon,85,6,750.0,-3.005187498532507
isophon,85,6,1000.0,-0.22728251399949784
isophon,85,6,1500.0,0.7664281735246874
isophon,85,6,2000.0,1.426953035259956
isophon,85,6,3000.0,2.0257917739891553
isophon,85,6,4000.0,-0.11189933788783435
isophon,85,6,6000.0,-11.975780951177853
isophon,85,6,8000.0,-10.731099456553522
isophon,85,7,250.0,-8.146386879587638
isophon,85,7,500.0,-4.174340780135736
isophon,85,7,750.0,-6.00564840389471
isophon,85,7,1000.0,1.5076441813715888
isophon,85,7,1500.0,-2.4806396815292544
isophon,85,7,2000.0,-1.193506671823016
isophon,85,7,3000.0,-2.641226522267033
isophon,85,7,4000.0,-6.2994406949817545
isophon,85,7,6000.0,-10.117822472019185
isophon,85,7,8000.0,-7.461993662999504
isophon,85,8,250.0,-7.031987735471773
isophon,85,8,500.0,-1.846583219994784
isophon,85,8,750.0,-8.651687725505553
isophon,85,8,1000.0,-1.765224250558262
isophon,85,8,1500.0,-3.3643388818043007
isophon,85,8,2000.0,-3.509053022369258
isophon,85,8,3000.0,-5.655942813702751
isophon,85,8,4000.0,-3.0959924723861008
isophon,85,8,6000.0,-9.579853708008486
isophon,85,8,8000.0,-8.058830750544928
isophon,85,9,250.0,-6.2284743814227
isophon,85,9,500.0,-1.4992517050231413
isophon,85,9,750.0,-8.587593750397858
isophon,85,9,1000.0,-5.637501788357838
isophon,85,9,1500.0,-4.823651468942813
isophon,85,9,2000.0,-6.600340152775544
isophon,85,9,3000.0,-3.9268539188168745
isophon,85,9,4000.0,-2.2498339952737183
isophon,85,9,6000.0,-10.625139016217133
isophon,85,9,8000.0,-9.28356174852972
isophon,85,10,250.0,-5.210573286490217
isophon,85,10,500.0,-2.268930501883432
isophon,85,10,750.0,-7.5591373116932346
isophon,85,10,1000.0,-8.935909913627881
isophon,85,10,1500.0,-6.424112522110576
isophon,85,10,2000.0,-11.56044875391919
isophon,85,10,3000.0,-7.5118376792323005
isophon,85,10,4000.0,-2.6381239964124177
isophon,85,10,6000.0,-14.604519991574548
isophon,85,10,8000.0,-11.224120242938497
isophon,86,1,250.0,-14.000755516582785
isophon,86,1,500.0,-24.073571928887333
isophon,86,1,750.0,-18.92300535589549
isophon,86,1,1000.0,-5.504691095354502
isophon,86,1,1500.0,-5.447332302666581
isophon,86,1,2000.0,7.42017041131195
isophon,86,1,3000.0,8.722748387119836
isophon,86,1,4000.0,19.217747057311822
isophon,86,1,6000.0,-5.706268235824808
isophon,86,1,8000.0,18.63853697374659
isophon,86,2,250.0,-12.412515983257563
isophon,86,2,500.0,-6.1165606178599745
isophon,86,2,750.0,-5.33367807766237
isophon,86,2,1000.0,0.5472013039493788
isophon,86,2,1500.0,3.2977986926412086
isophon,86,2,2000.0,5.615616616759446
isophon,86,2,3000.0,10.594759208318088
isophon,86,2,4000.0,18.245032569126522
isophon,86,2,6000.0,-0.9303925446172912
isophon,86,2,8000.0,20.470947011932438
isophon,86,3,250.0,-6.435481869673339
isophon,86,3,500.0,-2.5948289577765706
isophon,86,3,750.0,-1.6826681061838258
isophon,86,3,1000.0,-4.043931514307872
isophon,86,3,1500.0,-4.782858742439387
isophon,86,3,2000.0,1.0327856160064357
isophon,86,3,3000.0,4.557494935113382
isophon,86,3,4000.0,10.335556580204276
isophon,86,3,6000.0,-5.747047662251958
isophon,86,3,8000.0,6.457611249059198
isophon,86,4,250.0,2.220519172037939
isophon,86,4,500.0,-3.0411730656824147
isophon,86,4,750.0,0.7424860683155998
isophon,86,4,1000.0,1.2771060644675032
isophon,86,4,1500.0,-2.57739885659484
isophon,86,4,2000.0,-1.354840424149046
isophon,86,4,3000.0,-2.8410042264446815
isophon,86,4,4000.0,-2.8919660789869113
isophon,86,4,6000.0,-6.719967813232188
isophon,86,4,8000.0,-3.5456865996457623
isophon,86,5,250.0,0.21133266272822482
isophon,86,5,500.0,8.205040885361356
isophon,86,5,750.0,9.703123251406822
isophon,86,5,1000.0,10.305960014004128
isophon,86,5,1500.0,-0.9451662995292054
isophon,86,5,2000.0,-5.098198476892023
isophon,86,5,3000.0,-8.010569127451177
isophon,86,5,4000.0,-4.534932224157814
isophon,86,5,6000.0,-6.939931262330077
isophon,86,5,8000.0,-2.5559675706270895
isophon,86,6,250.0,7.352505830094557
isophon,86,6,500.0,11.136911320819763
isophon,86,6,750.0,12.453728427724897
isophon,86,6,1000.0,7.048196747891154
isophon,86,6,1500.0,-0.35980237211526855
isophon,86,6,2000.0,-3.0731486303016027
isophon,86,6,3000.0,-5.209625018027452
isophon,86,6,4000.0,1.3220606356929494
isophon,86,6,6000.0,-4.902676686460836
isophon,86,6,8000.0,-3.908588036427602
isophon,86,7,250.0,4.273191747973627
isophon,86,7,500.0,11.12979885066352
isophon,86,7,750.0,9.336533689242472
isophon,86,7,1000.0,1.9061761951459033
isophon,86,7,1500.0,3.4850122299941546
isophon,86,7,2000.0,-5.66360139406703
isophon,86,7,3000.0,-3.6809233675711965
isophon,86,7,4000.0,5.419540770855178
isophon,86,7,6000.0,-1.5100267197480406
isophon,86,7,8000.0,-1.797089139883667
isophon,86,8,250.0,5.488851465528654
isophon,86,8,500.0,12.560971558152403
isophon,86,8,750.0,7.7223369167425915
isophon,86,8,1000.0,-0.037218752235332886
isophon,86,8,1500.0,2.534293495142961
isophon,86,8,2000.0,-2.696686398961006
isophon,86,8,3000.0,1.150843625521702
isophon,86,8,4000.0,9.321380303279284
isophon,86,8,6000.0,0.667977650115148
isophon,86,8,8000.0,1.2648580469502946
isophon,86,9,250.0,5.930211732533024
isophon,86,9,500.0,12.650662294928694
isophon,86,9,750.0,5.832382143747253
isophon,86,9,1000.0,-0.16027399753809846
isophon,86,9,1500.0,2.3132313839347773
isophon,86,9,2000.0,-1.3173289589790045
isophon,86,9,3000.0,7.000726643730388
isophon,86,9,4000.0,11.639308905301206
isophon,86,9,6000.0,2.012203049890701
isophon,86,9,8000.0,3.951745618574961
isophon,86,10,250.0,5.923565694243791
isophon,86,10,500.0,9.214654303690509
isophon,86,10,750.0,3.4793559076155134
isophon,86,10,1000.0,-0.7601435988388943
isophon,86,10,1500.0,-1.4746751790830217
isophon,86,10,2000.0,1.826630640119106
isophon,86,10,3000.0,8.654303118471802
isophon,86,10,4000.0,12.572732789927784
isophon,86,10,6000.0,3.9747372387844564
isophon,86,10,8000.0,4.59091530067208
isophon,87,1,250.0,-5.42135235615217
isophon,87,1,500.0,8.396748147270387
isophon,87,1,750.0,7.913113923840257
isophon,87,1,1000.0,1.942025944440715
isophon,87,1,1500.0,-9.87214757548037
isophon,87,1,2000.0,3.693058165557055
isophon,87,1,3000.0,2.813220461376261
isophon,87,1,4000.0,-8.267630853901323
isophon,87,1,6000.0,-3.247175849641394
isophon,87,1,8000.0,-7.560648709737251
isophon,87,2,250.0,4.254162840600998
isophon,87,2,500.0,4.590922345757065
isophon,87,2,750.0,-0.4352838884164214
isophon,87,2,1000.0,0.17911924875440377
isophon,87,2,1500.0,-3.4915993456250476
isophon,87,2,2000.0,-4.381560391556604
isophon,87,2,3000.0,-1.3433705951580208
isophon,87,2,4000.0,-2.944333858154579
isophon,87,2,6000.0,-5.108904373505936
isophon,87,2,8000.0,-6.7542654482735145
isophon,87,3,250.0,6.272831333164689
isophon,87,3,500.0,5.449438441390171
isophon,87,3,750.0,1.6540849410570502
isophon,87,3,1000.0,2.7160074785457766
isophon,87,3,1500.0,-0.05295520190593095
isophon,87,3,2000.0,-0.7135500629143365
isophon,87,3,3000.0,0.15120160423226991
isophon,87,3,4000.0,-1.7140091103173916
isophon,87,3,6000.0,-0.255325865512944
isophon,87,3,8000.0,-7.150838783224614
isophon,87,4,250.0,13.720912622047464
isophon,87,4,500.0,8.107504533541288
isophon,87,4,750.0,4.399883222821487
isophon,87,4,1000.0,1.5352060764501516
isophon,87,4,1500.0,1.3753418394458947
isophon,87,4,2000.0,0.9189868880673799
isophon,87,4,3000.0,0.8094832548145092
isophon,87,4,4000.0,3.4583172444058192
isophon,87,4,6000.0,2.615461651371305
isophon,87,4,8000.0,-4.8531003290698465
isophon,87,5,250.0,0.8590355172318596
isophon,87,5,500.0,-4.84485104546097
isophon,87,5,750.0,-7.2029451214980895
isophon,87,5,1000.0,-0.9609488750075457
isophon,87,5,1500.0,-3.0808015628966245
isophon,87,5,2000.0,-1.3985944961032146
isophon,87,5,3000.0,4.227188766183701
isophon,87,5,4000.0,7.977361957990084
isophon,87,5,6000.0,-0.49287213721817125
isophon,87,5,8000.0,-15.4254551443819
isophon,87,6,250.0,4.132986894686184
isophon,87,6,500.0,0.09729257322398155
isophon,87,6,750.0,-1.5202775085240177
isophon,87,6,1000.0,-0.37164307708364674
isophon,87,6,1500.0,-2.027782829602728
isophon,87,6,2000.0,-4.690044248940438
isophon,87,6,3000.0,1.1284342502414688
isophon,87,6,4000.0,8.78192524356038
isophon,87,6,6000.0,-0.4939699071374406
isophon,87,6,8000.0,-10.83994050740337
isophon,87,7,250.0,6.365232307238969
isophon,87,7,500.0,0.13087228339959722
isophon,87,7,750.0,-0.8999292139820767
isophon,87,7,1000.0,0.7215005422629304
isophon,87,7,1500.0,1.1163021285739063
isophon,87,7,2000.0,-1.696202332580171
isophon,87,7,3000.0,-1.7057051038555642
isophon,87,7,4000.0,4.56717164108089
isophon,87,7,6000.0,-0.8455663364120198
isophon,87,7,8000.0,-10.05504043457394
isophon,87,8,250.0,5.197716789992768
isophon,87,8,500.0,2.196229605475608
isophon,87,8,750.0,1.804051834246593
isophon,87,8,1000.0,3.6695459481130683
isophon,87,8,1500.0,3.017560027350683
isophon,87,8,2000.0,2.239927367893287
isophon,87,8,3000.0,0.5827745003353897
isophon,87,8,4000.0,2.6489281699755196
isophon,87,8,6000.0,1.0159045872276522
isophon,87,8,8000.0,-6.701597952035229
isophon,87,9,250.0,6.049865304803305
isophon,87,9,500.0,3.604471821561205
isophon,87,9,750.0,2.520444572060967
isophon,87,9,1000.0,5.139679930192557
isophon,87,9,1500.0,3.6874934797217804
isophon,87,9,2000.0,4.6889965256009845
isophon,87,9,3000.0,5.449351765668283
isophon,87,9,4000.0,4.363293123465041
isophon,87,9,6000.0,2.0170850018291873
isophon,87,9,8000.0,-3.3271442245657283
isophon,87,10,250.0,6.454251843304235
isophon,87,10,500.0,5.18673233255312
isophon,87,10,750.0,1.8247673073784938
isophon,87,10,1000.0,6.802498321612632
isophon,87,10,1500.0,1.426832960769019
isophon,87,10,2000.0,3.132669265018393
isophon,87,10,3000.0,5.827510845860118
isophon,87,10,4000.0,4.729121137488718
isophon,87,10,6000.0,0.11743725125134574
isophon,87,10,8000.0,-1.4579299925186149
isophon,88,1,250.0,19.89305336364214
isophon,88,1,500.0,-3.060322623125657
isophon,88,1,750.0,-13.210637754536897
isophon,88,1,1000.0,-9.578674161903436
isophon,88,1,1500.0,9.244032507467693
isophon,88,1,2000.0,27.145430666043552
isophon,88,1,3000.0,-9.418818826472524
isophon,88,1,4000.0,0.9701489354213777
isophon,88,1,6000.0,28.691151350094373
isophon,88,1,8000.0,29.246592713194445
isophon,88,2,250.0,-3.9470443035921363
isophon,88,2,500.0,-7.862877468741857
isophon,88,2,750.0,-3.98006820617929
isophon,88,2,1000.0,-2.9488602715569527
isophon,88,2,1500.0,0.8803595345234356
isophon,88,2,2000.0,5.918291849344101
isophon,88,2,3000.0,-1.9009553535227326
isophon,88,2,4000.0,-4.1961108900442525
isophon,88,2,6000.0,2.3680585120660425
isophon,88,2,8000.0,16.084062600846806
isophon,88,3,250.0,-1.5162865583370362
isophon,88,3,500.0,-8.94320852854706
isophon,88,3,750.0,-2.5578152008765684
isophon,88,3,1000.0,3.1766304667443492
isophon,88,3,1500.0,2.6387712490785304
isophon,88,3,2000.0,-5.892852622860147
isophon,88,3,3000.0,-3.1578797358156407
isophon,88,3,4000.0,-0.3142636644076475
isophon,88,3,6000.0,-1.9816777174351188
isophon,88,3,8000.0,5.704911278654677
isophon,88,4,250.0,-1.3163687669272122
isophon,88,4,500.0,-5.387559691018723
isophon,88,4,750.0,-3.3698546205970104
isophon,88,4,1000.0,0.3602401474746486
isophon,88,4,1500.0,3.3499043820461054
isophon,88,4,2000.0,-4.715080224090229
isophon,88,4,3000.0,0.6287424013882514
isophon,88,4,4000.0,0.82155076270233
isophon,88,4,6000.0,-2.040078758529347
isophon,88,4,8000.0,0.5758910302362352
isophon,88,5,250.0,3.208776765852903
isophon,88,5,500.0,-2.378238003744059
isophon,88,5,750.0,-1.7277681534025788
isophon,88,5,1000.0,6.350435250205102
isophon,88,5,1500.0,3.3641796653157883
isophon,88,5,2000.0,-4.692938406213983
isophon,88,5,3000.0,-1.5592517095256113
isophon,88,5,4000.0,2.3967722910595057
isophon,88,5,6000.0,1.4321918106021059
isophon,88,5,8000.0,1.7449428001543055
isophon,88,6,250.0,0.2739417860872777
isophon,88,6,500.0,-5.102545065158353
isophon,88,6,750.0,-0.004128285907484042
isophon,88,6,1000.0,7.1335071875656695
isophon,88,6,1500.0,6.599505622009318
isophon,88,6,2000.0,2.33779722275699
isophon,88,6,3000.0,-0.8937554276186717
isophon,88,6,4000.0,-3.6296686409246774
isophon,88,6,6000.0,-4.439202224438247
isophon,88,6,8000.0,-5.643200871921863
isophon,88,7,250.0,1.691800087295178
isophon,88,7,500.0,-5.273290413042332
isophon,88,7,750.0,-0.7016912227004468
isophon,88,7,1000.0,2.8538270158430237
isophon,88,7,1500.0,4.550341317960289
isophon,88,7,2000.0,1.338158524829538
isophon,88,7,3000.0,-1.8207944780523064
isophon,88,7,4000.0,-3.763811192078691
isophon,88,7,6000.0,-2.300181941085924
isophon,88,7,8000.0,-5.5380177462381965
isophon,88,8,250.0,0.9391072005057879
isophon,88,8,500.0,-2.4038215136274346
isophon,88,8,750.0,1.4515902308431237
isophon,88,8,1000.0,2.3403466144205964
isophon,88,8,1500.0,4.2244067400089875
isophon,88,8,2000.0,1.6967259070041933
isophon,88,8,3000.0,-1.2884962090336813
isophon,88,8,4000.0,-1.5138446995098604
isophon,88,8,6000.0,-1.5479256369751369
isophon,88,8,8000.0,-6.017424291206595
isophon,88,9,250.0,0.7088508437995955
isophon,88,9,500.0,-1.4703333386485582
isophon,88,9,750.0,4.0128309869627685
isophon,88,9,1000.0,2.0960697635885026
isophon,88,9,1500.0,0.7789697240587969
isophon,88,9,2000.0,0.7051544071938594
isophon,88,9,3000.0,-2.9967448901162044
isophon,88,9,4000.0,0.10214580979589982
isophon,88,9,6000.0,-0.34864542739505566
isophon,88,9,8000.0,-4.76431074012919
isophon,88,10,250.0,-1.5217583862685586
isophon,88,10,500.0,4.036982003088312
isophon,88,10,750.0,8.077549806765575
isophon,88,10,1000.0,7.848898266560653
isophon,88,10,1500.0,4.597794423456477
isophon,88,10,2000.0,1.0613484656689849
isophon,88,10,3000.0,-6.464551033477733
isophon,88,10,4000.0,-6.073313772117032
isophon,88,10,6000.0,-1.4528110172093847
isophon,88,10,8000.0,-4.020749842971256
isophon,89,1,250.0,6.617598981404058
isophon,89,1,500.0,12.529866000235593
isophon,89,1,750.0,6.1286994381914965
isophon,89,1,1000.0,7.483621986407087
isophon,89,1,1500.0,-1.9032712001340855
isophon,89,1,2000.0,3.1016950171177484
isophon,89,1,3000.0,-2.3448138465568036
isophon,89,1,4000.0,-0.29081423408512563
isophon,89,1,6000.0,-6.068769438000459
isophon,89,1,8000.0,-5.690467503026014
isophon,89,2,250.0,12.995562302027253
isophon,89,2,500.0,2.993440931766173
isophon,89,2,750.0,6.47064981398114
isophon,89,2,1000.0,5.495110744824146
isophon,89,2,1500.0,-5.018047363916736
isophon,89,2,2000.0,-11.627574565332878
isophon,89,2,3000.0,-5.423111007606394
isophon,89,2,4000.0,-2.1547641620732634
isophon,89,2,6000.0,1.301714720365311
isophon,89,2,8000.0,6.928417018610261
isophon,89,3,250.0,6.2477703520907255
isophon,89,3,500.0,-0.4897074423575418
isophon,89,3,750.0,2.2420803939180587
isophon,89,3,1000.0,1.938509851237825
isophon,89,3,1500.0,-2.8825495808222996
isophon,89,3,2000.0,-3.454952549008624
isophon,89,3,3000.0,-0.273521435197452
isophon,89,3,4000.0,-1.5622587823326626
isophon,89,3,6000.0,-0.8516998601578507
isophon,89,3,8000.0,7.230760104606361
isophon,89,4,250.0,-2.8697302205228397
isophon,89,4,500.0,-1.6921128757230264
isophon,89,4,750.0,3.1944172991781556
isophon,89,4,1000.0,0.16695858446215084
isophon,89,4,1500.0,-0.2666331210614743
isophon,89,4,2000.0,-1.9986605566397344
isophon,89,4,3000.0,1.696757316366913
isophon,89,4,4000.0,-0.7039816179071892
isophon,89,4,6000.0,6.517217270918707
isophon,89,4,8000.0,10.553297560153624
isophon,89,5,250.0,2.997112577508716
isophon,89,5,500.0,-2.3667034334198433
isophon,89,5,750.0,2.977523967197655
isophon,89,5,1000.0,-2.573880096499323
isophon,89,5,1500.0,-0.35618342424054106
isophon,89,5,2000.0,2.479062992643364
isophon,89,5,3000.0,2.5266561666870757
isophon,89,5,4000.0,-1.989146872493066
isophon,89,5,6000.0,3.721462952475008
isophon,89,5,8000.0,15.070343233956251
isophon,89,6,250.0,7.7037714835499145
isophon,89,6,500.0,1.6564578776324481
isophon,89,6,750.0,4.09508601569253
isophon,89,6,1000.0,4.880061618515612
isophon,89,6,1500.0,4.526178130063883
isophon,89,6,2000.0,7.120604874656038
isophon,89,6,3000.0,7.940337828193833
isophon,89,6,4000.0,3.284023115849621
isophon,89,6,6000.0,8.63786685598781
isophon,89,6,8000.0,19.716307774639716
isophon,89,7,250.0,6.479314589493185
isophon,89,7,500.0,5.33010260572847
isophon,89,7,750.0,7.696969696734087
isophon,89,7,1000.0,9.958171886950481
isophon,89,7,1500.0,8.183047928874416
isophon,89,7,2000.0,9.254739184608297
isophon,89,7,3000.0,12.008685847021397
isophon,89,7,4000.0,4.903123931884764
isophon,89,7,6000.0,7.988314025568087
isophon,89,7,8000.0,19.216946881797696
isophon,89,8,250.0,6.783376992510412
isophon,89,8,500.0,5.896821788594735
isophon,89,8,750.0,8.574115298640166
isophon,89,8,1000.0,11.857144817858682
isophon,89,8,1500.0,8.278548336624894
isophon,89,8,2000.0,8.952564495068287
isophon,89,8,3000.0,11.942000043370413
isophon,89,8,4000.0,6.40335800170898
isophon,89,8,6000.0,9.07907094222631
isophon,89,8,8000.0,20.67100747661118
isophon,89,9,250.0,5.984413534253008
isophon,89,9,500.0,6.486862298577435
isophon,89,9,750.0,9.534641738868075
isophon,89,9,1000.0,11.818217971274393
isophon,89,9,1500.0,5.85749581650839
isophon,89,9,2000.0,7.175308869887118
isophon,89,9,3000.0,9.473464195534035
isophon,89,9,4000.0,6.667744598388666
isophon,89,9,6000.0,10.187445837754126
isophon,89,9,8000.0,21.26666830017456
isophon,89,10,250.0,5.438379494401289
isophon,89,10,500.0,6.592129575476747
isophon,89,10,750.0,9.05148879369942
isophon,89,10,1000.0,5.457617187500006
isophon,89,10,1500.0,3.8882050809705504
isophon,89,10,2000.0,7.329105105047972
isophon,89,10,3000.0,7.24028696307704
isophon,89,10,4000.0,5.818685913085943
isophon,89,10,6000.0,10.40389616167134
isophon,89,10,8000.0,20.172327083216288
isophon,90,1,250.0,5.610990516037546
isophon,90,1,500.0,10.383210232842789
isophon,90,1,750.0,11.731091108401671
isophon,90,1,1000.0,5.688177497881696
isophon,90,1,1500.0,0.9381278445203094
isophon,90,1,2000.0,5.3763259637118495
isophon,90,1,3000.0,6.846165063298145
isophon,90,1,4000.0,1.2006071011249304
isophon,90,1,6000.0,-0.6697296729009565
isophon,90,1,8000.0,-16.0011797670727
isophon,90,2,250.0,9.104771546205654
isophon,90,2,500.0,10.95322719742694
isophon,90,2,750.0,10.7774891293585
isophon,90,2,1000.0,1.2775356715819584
isophon,90,2,1500.0,-8.009526325390624
isophon,90,2,2000.0,-8.287479003412273
isophon,90,2,3000.0,-1.6507598164304653
isophon,90,2,4000.0,-0.2840033444144012
isophon,90,2,6000.0,4.797072033140182
isophon,90,2,8000.0,-4.9479900698070765
isophon,90,3,250.0,3.2880991334764786
isophon,90,3,500.0,5.61393888668718
isophon,90,3,750.0,5.184680449313902
isophon,90,3,1000.0,-3.0239306394848313
isophon,90,3,1500.0,-5.29842006361217
isophon,90,3,2000.0,-1.3519781609529389
isophon,90,3,3000.0,-2.3747581567374567
isophon,90,3,4000.0,-1.037760515835629
isophon,90,3,6000.0,4.699495071149499
isophon,90,3,8000.0,-5.9264814916859905
isophon,90,4,250.0,-4.04590620839771
isophon,90,4,500.0,3.162347827017186
isophon,90,4,750.0,5.1849299333726435
isophon,90,4,1000.0,-5.198870883311287
isophon,90,4,1500.0,-1.3086120275102786
isophon,90,4,2000.0,0.7869690013734782
isophon,90,4,3000.0,-1.060604470343705
isophon,90,4,4000.0,-1.2668897492544744
isophon,90,4,6000.0,0.06750964660921
isophon,90,4,8000.0,-3.5126554870605418
isophon,90,5,250.0,1.9462459836026795
isophon,90,5,500.0,1.5305683603155131
isophon,90,5,750.0,3.286685612885492
isophon,90,5,1000.0,-7.476204773012995
isophon,90,5,1500.0,0.3464274587097407
isophon,90,5,2000.0,5.104256147124133
isophon,90,5,3000.0,-2.5119111134351186
isophon,90,5,4000.0,-2.3040644470172396
isophon,90,5,6000.0,-2.5174151618221288
isophon,90,5,8000.0,1.570838165283206
isophon,90,6,250.0,6.251779915319574
isophon,90,6,500.0,6.736143698127179
isophon,90,6,750.0,4.783633498733764
isophon,90,6,1000.0,1.018302432724596
isophon,90,6,1500.0,5.3558236477704355
isophon,90,6,2000.0,11.090588046498567
isophon,90,6,3000.0,3.811317706517883
isophon,90,6,4000.0,3.8540631686917664
isophon,90,6,6000.0,3.2103286828767494
isophon,90,6,8000.0,6.559883728027344
isophon,90,7,250.0,7.065990793763106
isophon,90,7,500.0,11.098015656846272
isophon,90,7,750.0,9.223129477278292
isophon,90,7,1000.0,6.4781265683469655
isophon,90,7,1500.0,9.346962479992811
isophon,90,7,2000.0,13.730638587029517
isophon,90,7,3000.0,8.646254959030742
isophon,90,7,4000.0,6.073792936306333
isophon,90,7,6000.0,3.5894902049959114
isophon,90,7,8000.0,6.687780456542967
isophon,90,8,250.0,7.8625160121661395
isophon,90,8,500.0,12.579654124982227
isophon,90,8,750.0,10.798746892922338
isophon,90,8,1000.0,8.837373241930948
isophon,90,8,1500.0,10.349115905300124
isophon,90,8,2000.0,13.062449742793618
isophon,90,8,3000.0,10.582336933711034
isophon,90,8,4000.0,7.903116402126258
isophon,90,8,6000.0,5.105681737253178
isophon,90,8,8000.0,8.64117767333984
isophon,90,9,250.0,7.534653703078334
isophon,90,9,500.0,13.721870146251945
isophon,90,9,750.0,12.716238845494445
isophon,90,9,1000.0,9.239627578207987
isophon,90,9,1500.0,8.443016046732112
isophon,90,9,2000.0,11.687681238353989
isophon,90,9,3000.0,8.185707075345874
isophon,90,9,4000.0,8.44556764061575
isophon,90,9,6000.0,6.647858623440968
isophon,90,9,8000.0,9.978814086914056
isophon,90,10,250.0,7.376139301835323
isophon,90,10,500.0,14.2451387682176
isophon,90,10,750.0,12.852720758144798
isophon,90,10,1000.0,3.7704261779785213
isophon,90,10,1500.0,6.01732932952298
isophon,90,10,2000.0,12.434060877739839
isophon,90,10,3000.0,7.878363540786353
isophon,90,10,4000.0,7.986208707019443
isophon,90,10,6000.0,7.472500809137756
isophon,90,10,8000.0,9.519052886962896
isophon,91,1,250.0,7.849585210082761
isophon,91,1,500.0,1.0855797142153207
isophon,91,1,750.0,18.11480521528601
isophon,91,1,1000.0,25.643793904349216
isophon,91,1,1500.0,17.298598249833493
isophon,91,1,2000.0,8.828616722968214
isophon,91,1,3000.0,0.1446236427000258
isophon,91,1,4000.0,5.7611737048895435
isophon,91,1,6000.0,6.096922166074833
isophon,91,1,8000.0,-9.562831392699707
isophon,91,2,250.0,2.387922610876423
isophon,91,2,500.0,4.1399382286977655
isophon,91,2,750.0,2.174040012654686
isophon,91,2,1000.0,6.790319279963761
isophon,91,2,1500.0,2.4374360376702953
isophon,91,2,2000.0,0.7003844857080495
isophon,91,2,3000.0,-4.3027446412620804
isophon,91,2,4000.0,2.0861513295122336
isophon,91,2,6000.0,2.2623988792424257
isophon,91,2,8000.0,3.3975931885100437
isophon,91,3,250.0,0.2115725762581917
isophon,91,3,500.0,-0.16563019527838208
isophon,91,3,750.0,-2.3920945969146032
isophon,91,3,1000.0,1.4718726085326352
isophon,91,3,1500.0,6.350045235922082
isophon,91,3,2000.0,-5.731232952307948
isophon,91,3,3000.0,-9.745853494938814
isophon,91,3,4000.0,-2.3775665988387686
isophon,91,3,6000.0,-4.8862733761330475
isophon,91,3,8000.0,8.40783658050222
isophon,91,4,250.0,-7.286405530546375
isophon,91,4,500.0,-1.660040031840893
isophon,91,4,750.0,-1.1437674146314123
isophon,91,4,1000.0,-5.036046931557081
isophon,91,4,1500.0,1.5724285577520334
isophon,91,4,2000.0,4.057679804598848
isophon,91,4,3000.0,-6.554404685042954
isophon,91,4,4000.0,-1.2039910230611355
isophon,91,4,6000.0,0.417858655770587
isophon,91,4,8000.0,7.8863808926870576
isophon,91,5,250.0,1.3076811567676145
isophon,91,5,500.0,2.482207610452676
isophon,91,5,750.0,-0.8961617864553233
isophon,91,5,1000.0,-6.87014226358427
isophon,91,5,1500.0,0.9611640250278128
isophon,91,5,2000.0,4.389471344522704
isophon,91,5,3000.0,0.1744103072353198
isophon,91,5,4000.0,4.991971441436419
isophon,91,5,6000.0,3.503526266981069
isophon,91,5,8000.0,4.656057764465274
isophon,91,6,250.0,-3.85254284516337
isophon,91,6,500.0,10.05450432959978
isophon,91,6,750.0,3.9897431177438136
isophon,91,6,1000.0,-2.293622373743503
isophon,91,6,1500.0,-3.079132045937868
isophon,91,6,2000.0,-3.6084078259994925
isophon,91,6,3000.0,1.262867445969718
isophon,91,6,4000.0,1.0551357677375108
isophon,91,6,6000.0,0.7027619917441115
isophon,91,6,8000.0,1.5542535715317456
isophon,91,7,250.0,0.9004205636560272
isophon,91,7,500.0,-0.15434549467133252
isophon,91,7,750.0,-0.8652138579492146
isophon,91,7,1000.0,-2.169559923360012
isophon,91,7,1500.0,-3.1545048048525075
isophon,91,7,2000.0,0.42558820010327736
isophon,91,7,3000.0,-0.5733888341583935
isophon,91,7,4000.0,2.2916816175020216
isophon,91,7,6000.0,1.8917183870777592
isophon,91,7,8000.0,-1.0727062357015598
isophon,91,8,250.0,-5.537278004978191
isophon,91,8,500.0,-6.767865801526398
isophon,91,8,750.0,-2.710663081599222
isophon,91,8,1000.0,-3.239271113391837
isophon,91,8,1500.0,-4.147151939951925
isophon,91,8,2000.0,-0.43994041719172117
isophon,91,8,3000.0,-0.14062760084924264
isophon,91,8,4000.0,1.6450918921335784
isophon,91,8,6000.0,1.3347165145590196
isophon,91,8,8000.0,0.021529691893960035
isophon,91,9,250.0,-5.268380401791347
isophon,91,9,500.0,-5.278217562599011
isophon,91,9,750.0,-0.9830878989603207
isophon,91,9,1000.0,-4.031834714773652
isophon,91,9,1500.0,-4.434927477351849
isophon,91,9,2000.0,0.08274098051825263
isophon,91,9,3000.0,-0.03247857028178203
isophon,91,9,4000.0,2.313733251531417
isophon,91,9,6000.0,0.8363776621597481
isophon,91,9,8000.0,0.7713147867647763
isophon,91,10,250.0,-2.0646394052098174
isophon,91,10,500.0,-2.744468611553529
isophon,91,10,750.0,0.7214330460878955
isophon,91,10,1000.0,-2.611126613477026
isophon,91,10,1500.0,-3.817552630706402
isophon,91,10,2000.0,-3.4795676350351386
isophon,91,10,3000.0,-0.8304129517381824
isophon,91,10,4000.0,3.20489231894598
isophon,91,10,6000.0,2.162262187721211
isophon,91,10,8000.0,1.386944669138117
isophon,92,1,250.0,16.573973955323268
isophon,92,1,500.0,-8.74778694324317
isophon,92,1,750.0,-7.793738060652117
isophon,92,1,1000.0,5.5608962183073345
isophon,92,1,1500.0,-2.220125169341884
isophon,92,1,2000.0,7.685440255357236
isophon,92,1,3000.0,-0.039167285801312346
isophon,92,1,4000.0,0.3184146308089737
isophon,92,1,6000.0,20.984278103112075
isophon,92,1,8000.0,-22.649382238772773
isophon,92,2,250.0,1.5015925210758923
isophon,92,2,500.0,-15.787651729540514
isophon,92,2,750.0,-24.644947673985428
isophon,92,2,1000.0,-3.404952138842006
isophon,92,2,1500.0,6.2235912225666254
isophon,92,2,2000.0,7.829013956730861
isophon,92,2,3000.0,6.518136515837199
isophon,92,2,4000.0,-4.675861306154118
isophon,92,2,6000.0,-0.4835241604184404
isophon,92,2,8000.0,-12.762862427397707
isophon,92,3,250.0,0.32807404942427354
isophon,92,3,500.0,-12.225153666307904
isophon,92,3,750.0,-16.07017569538168
isophon,92,3,1000.0,-1.4833213627436521
isophon,92,3,1500.0,5.916924439212693
isophon,92,3,2000.0,6.517759831868574
isophon,92,3,3000.0,8.377022390672224
isophon,92,3,4000.0,-1.3193721401247416
isophon,92,3,6000.0,-6.3245255624271834
isophon,92,3,8000.0,-9.619885482857455
isophon,92,4,250.0,1.1491752362881158
isophon,92,4,500.0,-4.183178494940009
isophon,92,4,750.0,-12.113012078420695
isophon,92,4,1000.0,-0.35346449759182974
isophon,92,4,1500.0,6.508467688971805
isophon,92,4,2000.0,4.354721656834741
isophon,92,4,3000.0,9.891527067989273
isophon,92,4,4000.0,2.9076279787728794
isophon,92,4,6000.0,-4.9271172580473745
isophon,92,4,8000.0,-16.243607656174092
isophon,92,5,250.0,-0.5975122331943084
isophon,92,5,500.0,-7.427458890447824
isophon,92,5,750.0,-11.631049470915727
isophon,92,5,1000.0,-3.7899400454855936
isophon,92,5,1500.0,6.694355623823128
isophon,92,5,2000.0,6.48831512696907
isophon,92,5,3000.0,11.171813322872083
isophon,92,5,4000.0,3.2001632265756115
isophon,92,5,6000.0,-4.78053845152678
isophon,92,5,8000.0,-13.360724314503742
isophon,92,6,250.0,-4.413286807451357
isophon,92,6,500.0,-6.28569092387491
isophon,92,6,750.0,-8.903461914880594
isophon,92,6,1000.0,-2.402694448784402
isophon,92,6,1500.0,5.826905384676891
isophon,92,6,2000.0,6.064654156751658
isophon,92,6,3000.0,5.73103311268666
isophon,92,6,4000.0,-0.638897388429811
isophon,92,6,6000.0,-7.471025296823257
isophon,92,6,8000.0,-17.67172472128864
isophon,92,7,250.0,-1.1925022005177652
isophon,92,7,500.0,-7.4685572814941
isophon,92,7,750.0,-5.997689416819213
isophon,92,7,1000.0,-4.754013343958974
isophon,92,7,1500.0,5.350483075179426
isophon,92,7,2000.0,2.3612780215078004
isophon,92,7,3000.0,3.4910505915739236
isophon,92,7,4000.0,-2.874452514648439
isophon,92,7,6000.0,-4.550106407187229
isophon,92,7,8000.0,-17.25794742679777
isophon,92,8,250.0,-3.310293846357567
isophon,92,8,500.0,-2.9532780456542724
isophon,92,8,750.0,-3.3147938782142035
isophon,92,8,1000.0,-1.6713646194856437
isophon,92,8,1500.0,5.669691295017856
isophon,92,8,2000.0,3.5347512442148883
isophon,92,8,3000.0,3.944256859420335
isophon,92,8,4000.0,-2.895149688720707
isophon,92,8,6000.0,-5.135940232072798
isophon,92,8,8000.0,-15.63730832136413
isophon,92,9,250.0,-6.017555712757769
isophon,92,9,500.0,-1.3381605529784935
isophon,92,9,750.0,-2.201020207588755
isophon,92,9,1000.0,-1.4092169006199242
isophon,92,9,1500.0,5.875682401132877
isophon,92,9,2000.0,3.5875652721435216
isophon,92,9,3000.0,4.643595238326583
isophon,92,9,4000.0,-3.275874176025397
isophon,92,9,6000.0,-3.590755417931021
isophon,92,9,8000.0,-13.723272220837188
isophon,92,10,250.0,-4.365991210937494
isophon,92,10,500.0,-0.9455886840820114
isophon,92,10,750.0,-1.7044237538019331
isophon,92,10,1000.0,-0.3587861050027783
isophon,92,10,1500.0,3.932660389524102
isophon,92,10,2000.0,4.202618155245844
isophon,92,10,3000.0,1.4075569152832088
isophon,92,10,4000.0,-4.277135467529291
isophon,92,10,6000.0,-2.6430720715334814
isophon,92,10,8000.0,-9.889808336321394
isophon,93,1,250.0,11.424551452460207
isophon,93,1,500.0,-0.3950122322449303
isophon,93,1,750.0,1.5947473953552844
isophon,93,1,1000.0,-3.1154951995817584
isophon,93,1,1500.0,7.174546497916879
isophon,93,1,2000.0,2.2254846506792774
isophon,93,1,3000.0,-1.6506575828706218
isophon,93,1,4000.0,2.82851957090503
isophon,93,1,6000.0,-1.8437674782629756
isophon,93,1,8000.0,-2.821982533413916
isophon,93,2,250.0,8.042853679832518
isophon,93,2,500.0,2.481501336336663
isophon,93,2,750.0,1.5810181062078357
isophon,93,2,1000.0,-1.643539599368907
isophon,93,2,1500.0,-3.1886792517207994
isophon,93,2,2000.0,-4.810508276465981
isophon,93,2,3000.0,0.7706899362666064
isophon,93,2,4000.0,1.2022062689492543
isophon,93,2,6000.0,1.4224573666889455
isophon,93,2,8000.0,2.77542141971594
isophon,93,3,250.0,7.723993139091675
isophon,93,3,500.0,6.147421234865632
isophon,93,3,750.0,3.412049708061346
isophon,93,3,1000.0,2.698661126696962
isophon,93,3,1500.0,0.9545103921083467
isophon,93,3,2000.0,-2.308654652091832
isophon,93,3,3000.0,1.4984770635700073
isophon,93,3,4000.0,2.1631649211919495
isophon,93,3,6000.0,1.3330079392488585
isophon,93,3,8000.0,-2.843468375261878
isophon,93,4,250.0,1.681822353694173
isophon,93,4,500.0,5.700537718093727
isophon,93,4,750.0,-1.9757826817134685
isophon,93,4,1000.0,3.8259906034962228
isophon,93,4,1500.0,0.8253103517847791
isophon,93,4,2000.0,-1.3171029354773083
isophon,93,4,3000.0,-0.03422227147898127
isophon,93,4,4000.0,2.7730797050612352
isophon,93,4,6000.0,-3.570876934384927
isophon,93,4,8000.0,-8.700057631888882
isophon,93,5,250.0,0.45178659780142993
isophon,93,5,500.0,8.544331052226283
isophon,93,5,750.0,0.5359710799921942
isophon,93,5,1000.0,6.409453055086388
isophon,93,5,1500.0,1.8786701353389077
isophon,93,5,2000.0,-4.882820931567707
isophon,93,5,3000.0,-0.9441760577488765
isophon,93,5,4000.0,0.8905003389700283
isophon,93,5,6000.0,-3.4200085539364977
isophon,93,5,8000.0,-6.257444243936874
isophon,93,6,250.0,1.8406548542217536
isophon,93,6,500.0,-3.2142472066248047
isophon,93,6,750.0,-5.800751550288112
isophon,93,6,1000.0,2.3419907312687513
isophon,93,6,1500.0,0.09688663317324142
isophon,93,6,2000.0,-3.7633859981058606
isophon,93,6,3000.0,-5.831363549971087
isophon,93,6,4000.0,-3.7625821340231624
isophon,93,6,6000.0,-1.1454033019284395
isophon,93,6,8000.0,-2.6594896633818763
isophon,93,7,250.0,-4.006704872272536
isophon,93,7,500.0,-0.8885216607861253
isophon,93,7,750.0,-2.153560947594201
isophon,93,7,1000.0,-0.7111163445169382
isophon,93,7,1500.0,-3.6841159492479676
isophon,93,7,2000.0,-3.9132129354471488
isophon,93,7,3000.0,-3.7130908315003524
isophon,93,7,4000.0,-3.8447685815632866
isophon,93,7,6000.0,-4.596797478196308
isophon,93,7,8000.0,-3.0858594322241544
isophon,93,8,250.0,-2.894850847832089
isophon,93,8,500.0,-3.4776806338702926
isophon,93,8,750.0,-1.459468195671647
isophon,93,8,1000.0,-0.5485443725999204
isophon,93,8,1500.0,-1.515077441206472
isophon,93,8,2000.0,-8.22951507194827
isophon,93,8,3000.0,-4.8631004998707965
isophon,93,8,4000.0,-2.945792305737143
isophon,93,8,6000.0,-3.336508229636877
isophon,93,8,8000.0,-3.0612270652428606
isophon,93,9,250.0,-2.8410874888703432
isophon,93,9,500.0,-2.21070248674674
isophon,93,9,750.0,1.87019013498697
isophon,93,9,1000.0,1.2800936696545904
isophon,93,9,1500.0,0.7373416946096114
isophon,93,9,2000.0,-5.831533194012096
isophon,93,9,3000.0,-3.848779989887973
isophon,93,9,4000.0,-4.818008015013277
isophon,93,9,6000.0,-1.989788046177992
isophon,93,9,8000.0,-3.395323885031246
isophon,93,10,250.0,0.010944528438287193
isophon,93,10,500.0,0.3094565077944367
isophon,93,10,750.0,3.9613724109001254
isophon,93,10,1000.0,5.909398975709564
isophon,93,10,1500.0,3.8619572499882224
isophon,93,10,2000.0,-3.157015122990998
isophon,93,10,3000.0,-2.816806716990243
isophon,93,10,4000.0,-3.9498613080627507
isophon,93,10,6000.0,0.04151492433737758
isophon,93,10,8000.0,-0.9774205219830634
isophon,94,1,250.0,-10.382963353304888
isophon,94,1,500.0,2.2263876172669512
isophon,94,1,750.0,-1.2678061079519694
isophon,94,1,1000.0,-4.20733230407518
isophon,94,1,1500.0,16.323701386694662
isophon,94,1,2000.0,5.317501088850207
isophon,94,1,3000.0,5.009587833711663
isophon,94,1,4000.0,-1.9758780433537169
isophon,94,1,6000.0,-0.21839615110597066
isophon,94,1,8000.0,-14.468604566336097
isophon,94,2,250.0,-4.070533056645701
isophon,94,2,500.0,-8.858841204908288
isophon,94,2,750.0,1.1002452144254562
isophon,94,2,1000.0,-0.3704364419357944
isophon,94,2,1500.0,13.53260585023584
isophon,94,2,2000.0,2.6549541856385304
isophon,94,2,3000.0,-11.375988037319331
isophon,94,2,4000.0,-4.757042682205196
isophon,94,2,6000.0,6.517951764630261
isophon,94,2,8000.0,-11.900226625558602
isophon,94,3,250.0,-3.8796518496764634
isophon,94,3,500.0,-5.110392097490859
isophon,94,3,750.0,-2.4254505025694186
isophon,94,3,1000.0,1.0706192748572931
isophon,94,3,1500.0,8.474758015489627
isophon,94,3,2000.0,0.7550629781626625
isophon,94,3,3000.0,-5.773280677007818
isophon,94,3,4000.0,-0.31672631019861797
isophon,94,3,6000.0,5.627727111244091
isophon,94,3,8000.0,-2.046219040245113
isophon,94,4,250.0,0.12389259332499591
isophon,94,4,500.0,-3.3049945330807162
isophon,94,4,750.0,-5.527648130329922
isophon,94,4,1000.0,-1.1711939865034253
isophon,94,4,1500.0,0.1127513308352519
isophon,94,4,2000.0,0.6052376759713951
isophon,94,4,3000.0,-6.22059399510195
isophon,94,4,4000.0,1.5775650140258506
isophon,94,4,6000.0,4.526225816774627
isophon,94,4,8000.0,1.9911045575475086
isophon,94,5,250.0,3.692089301837811
isophon,94,5,500.0,-8.572391384921175
isophon,94,5,750.0,-2.70771320751642
isophon,94,5,1000.0,-3.921744987206665
isophon,94,5,1500.0,-7.155135770181687
isophon,94,5,2000.0,-1.972432125796658
isophon,94,5,3000.0,-7.73321457227631
isophon,94,5,4000.0,-2.294170951448322
isophon,94,5,6000.0,-1.3475951969157336
isophon,94,5,8000.0,-0.06959171292362498
isophon,94,6,250.0,-7.205246283023513
isophon,94,6,500.0,0.29601850070585556
isophon,94,6,750.0,6.2047370899282015
isophon,94,6,1000.0,3.5778703885101777
isophon,94,6,1500.0,2.920705845497281
isophon,94,6,2000.0,6.298341119523471
isophon,94,6,3000.0,-2.397554370279039
isophon,94,6,4000.0,-1.1802216030000068
isophon,94,6,6000.0,0.7220343698601965
isophon,94,6,8000.0,-4.852651182498903
isophon,94,7,250.0,-5.279171497308951
isophon,94,7,500.0,-6.821449657752794
isophon,94,7,750.0,3.9254296314388313
isophon,94,7,1000.0,7.065377630907122
isophon,94,7,1500.0,3.440662613498006
isophon,94,7,2000.0,5.541736667431962
isophon,94,7,3000.0,-4.013151254563837
isophon,94,7,4000.0,-3.206683112369049
isophon,94,7,6000.0,2.9629570175243174
isophon,94,7,8000.0,-0.6879793107327146
isophon,94,8,250.0,-5.161489221913001
isophon,94,8,500.0,-5.433871897181902
isophon,94,8,750.0,-0.7203234147819444
isophon,94,8,1000.0,2.3155458605657486
isophon,94,8,1500.0,1.5738407048294079
isophon,94,8,2000.0,4.057040441320581
isophon,94,8,3000.0,-4.179031965076064
isophon,94,8,4000.0,1.7865198454974944
isophon,94,8,6000.0,3.8236015108232806
isophon,94,8,8000.0,-0.5892755178940661
isophon,94,9,250.0,-5.054753309197594
isophon,94,9,500.0,-5.153665095716875
isophon,94,9,750.0,-2.833245088326919
isophon,94,9,1000.0,-2.469140057169895
isophon,94,9,1500.0,1.040209791578036
isophon,94,9,2000.0,1.6285069950408086
isophon,94,9,3000.0,-11.966251726158035
isophon,94,9,4000.0,4.005549223584083
isophon,94,9,6000.0,2.0339896095537
isophon,94,9,8000.0,-1.4098458707366177
isophon,94,10,250.0,-5.2066533177589065
isophon,94,10,500.0,-6.4590064189582534
isophon,94,10,750.0,-1.8420515792377614
isophon,94,10,1000.0,-9.712530966473224
isophon,94,10,1500.0,2.8502606327773634
isophon,94,10,2000.0,-3.00958123358987
isophon,94,10,3000.0,-16.757381298123093
isophon,94,10,4000.0,4.441190816079754
isophon,94,10,6000.0,-1.0590570123157619
isophon,94,10,8000.0,-4.066630388818567
isophon,95,1,250.0,-16.020411767904974
isophon,95,1,500.0,-3.6147469735616653
isophon,95,1,750.0,-4.0452314880976985
isophon,95,1,1000.0,5.926771545371906
isophon,95,1,1500.0,3.4197218962697917
isophon,95,1,2000.0,0.8536777569371026
isophon,95,1,3000.0,21.64033920288086
isophon,95,1,4000.0,8.556891746520996
isophon,95,1,6000.0,-17.313641167984457
isophon,95,1,8000.0,-35.05282507112803
isophon,95,2,250.0,-16.8669605355591
isophon,95,2,500.0,-1.3193170262387213
isophon,95,2,750.0,-2.5568961725587798
isophon,95,2,1000.0,-6.120307599661942
isophon,95,2,1500.0,5.589015498991017
isophon,95,2,2000.0,2.4946439421724094
isophon,95,2,3000.0,10.15462909496702
isophon,95,2,4000.0,-5.1320421981811535
isophon,95,2,6000.0,-17.263711038518423
isophon,95,2,8000.0,-46.3899710913398
isophon,95,3,250.0,-3.681204649191983
isophon,95,3,500.0,2.291497607833705
isophon,95,3,750.0,-1.339218250536959
isophon,95,3,1000.0,-3.3897490231243665
isophon,95,3,1500.0,3.5712065195860987
isophon,95,3,2000.0,5.340445822968192
isophon,95,3,3000.0,3.0691915172194726
isophon,95,3,4000.0,-3.2636383463160428
isophon,95,3,6000.0,-13.494586347554687
isophon,95,3,8000.0,-37.8240783750705
isophon,95,4,250.0,8.669618429938325
isophon,95,4,500.0,1.1829749907698073
isophon,95,4,750.0,-0.9855825641539724
isophon,95,4,1000.0,3.0095703423902904
isophon,95,4,1500.0,-0.7142620926132679
isophon,95,4,2000.0,-6.113306692571072
isophon,95,4,3000.0,1.6504742813052928
isophon,95,4,4000.0,-0.22562027021540132
isophon,95,4,6000.0,-6.478143011563191
isophon,95,4,8000.0,-27.09111737924728
isophon,95,5,250.0,15.246237257401816
isophon,95,5,500.0,4.3377483699620285
isophon,95,5,750.0,4.465630119306155
isophon,95,5,1000.0,8.531799011402143
isophon,95,5,1500.0,5.674768028165346
isophon,95,5,2000.0,-0.227407626658632
isophon,95,5,3000.0,0.4817981925267105
isophon,95,5,4000.0,4.4270592510981
isophon,95,5,6000.0,0.04138913000441846
isophon,95,5,8000.0,-18.4261472238787
isophon,95,6,250.0,6.097274907048188
isophon,95,6,500.0,9.110213247033144
isophon,95,6,750.0,11.168976302611796
isophon,95,6,1000.0,6.40158792875647
isophon,95,6,1500.0,-6.540286230933418
isophon,95,6,2000.0,-8.104011734028447
isophon,95,6,3000.0,-1.4416556980105213
isophon,95,6,4000.0,2.2202527551907423
isophon,95,6,6000.0,1.5905491018956184
isophon,95,6,8000.0,-10.685471212545792
isophon,95,7,250.0,5.79980320080962
isophon,95,7,500.0,10.127652553269527
isophon,95,7,750.0,10.234120487280393
isophon,95,7,1000.0,7.201222889170779
isophon,95,7,1500.0,-6.845017669688019
isophon,95,7,2000.0,-10.672182067347563
isophon,95,7,3000.0,-0.6353053378722819
isophon,95,7,4000.0,0.1366885522672021
isophon,95,7,6000.0,2.1059770667730646
isophon,95,7,8000.0,-12.537930076401551
isophon,95,8,250.0,6.116293032784071
isophon,95,8,500.0,2.345314039329722
isophon,95,8,750.0,9.60246061290134
isophon,95,8,1000.0,4.2476487318929514
isophon,95,8,1500.0,-6.325334120605021
isophon,95,8,2000.0,-8.895466937235113
isophon,95,8,3000.0,-5.374519264667995
isophon,95,8,4000.0,-3.6681600703223154
isophon,95,8,6000.0,1.2721327843098038
isophon,95,8,8000.0,-11.344748029624967
isophon,95,9,250.0,6.069280149204559
isophon,95,9,500.0,-1.1690323612211841
isophon,95,9,750.0,7.389479342078161
isophon,95,9,1000.0,2.352634521416533
isophon,95,9,1500.0,-5.343813002796082
isophon,95,9,2000.0,-7.495770616246233
isophon,95,9,3000.0,-10.316569452543533
isophon,95,9,4000.0,-7.398141738344464
isophon,95,9,6000.0,2.491368455910063
isophon,95,9,8000.0,-10.921155636099968
isophon,95,10,250.0,2.074089525446155
isophon,95,10,500.0,-0.28460915751020366
isophon,95,10,750.0,6.944377780747374
isophon,95,10,1000.0,2.147297920084185
isophon,95,10,1500.0,-4.124801978108266
isophon,95,10,2000.0,-5.940807465618406
isophon,95,10,3000.0,-10.277303314208979
isophon,95,10,4000.0,-6.87677806036595
isophon,95,10,6000.0,2.9851872873023098
isophon,95,10,8000.0,-8.229648863694393
isophon,96,1,250.0,14.680473614691465
isophon,96,1,500.0,-6.865979615972677
isophon,96,1,750.0,-3.6403018387781856
isophon,96,1,1000.0,2.2664159636212275
isophon,96,1,1500.0,-1.1363236196394837
isophon,96,1,2000.0,-0.6654848255177512
isophon,96,1,3000.0,-0.18585678882169532
isophon,96,1,4000.0,-4.7860397147453
isophon,96,1,6000.0,3.2302095259067016
isophon,96,1,8000.0,-23.50841071831394
isophon,96,2,250.0,3.0918970537488804
isophon,96,2,500.0,-17.08209295268506
isophon,96,2,750.0,-26.41256667074761
isophon,96,2,1000.0,-13.165342886567757
isophon,96,2,1500.0,-3.662841600107015
isophon,96,2,2000.0,-1.9009895124353022
isophon,96,2,3000.0,-6.830790133992622
isophon,96,2,4000.0,-16.36404944275145
isophon,96,2,6000.0,-6.582745419591035
isophon,96,2,8000.0,-16.41743211998066
isophon,96,3,250.0,-3.2990214034770986
isophon,96,3,500.0,-19.736567240526668
isophon,96,3,750.0,-25.34895216092464
isophon,96,3,1000.0,-16.812297483614984
isophon,96,3,1500.0,-8.735563797452173
isophon,96,3,2000.0,-3.470084293363442
isophon,96,3,3000.0,-5.639400722871699
isophon,96,3,4000.0,-14.60093460464934
isophon,96,3,6000.0,-13.878772592645106
isophon,96,3,8000.0,-13.470799727003438
isophon,96,4,250.0,-3.8976652100465685
isophon,96,4,500.0,-18.13890893317246
isophon,96,4,750.0,-25.732511694572878
isophon,96,4,1000.0,-17.741979478998147
isophon,96,4,1500.0,-13.591310755357682
isophon,96,4,2000.0,-7.3899008020262755
isophon,96,4,3000.0,-4.815046250542451
isophon,96,4,4000.0,-12.582164190309598
isophon,96,4,6000.0,-17.22698472255523
isophon,96,4,8000.0,-19.793012511536986
isophon,96,5,250.0,1.5352104641845017
isophon,96,5,500.0,-15.591586240301353
isophon,96,5,750.0,-23.224693896645803
isophon,96,5,1000.0,-18.400328648427433
isophon,96,5,1500.0,-12.431304905658862
isophon,96,5,2000.0,-4.46122135791137
isophon,96,5,3000.0,-3.210351502659833
isophon,96,5,4000.0,-8.653721972269622
isophon,96,5,6000.0,-13.47420598040165
isophon,96,5,8000.0,-16.017305230117856
isophon,96,6,250.0,-3.931562287121409
isophon,96,6,500.0,-10.637482305710861
isophon,96,6,750.0,-16.354578847631046
isophon,96,6,1000.0,-12.766598765106608
isophon,96,6,1500.0,-7.72081581263717
isophon,96,6,2000.0,-0.9317390678229884
isophon,96,6,3000.0,-3.2928863615254045
isophon,96,6,4000.0,-7.433039991575413
isophon,96,6,6000.0,-12.329168825452939
isophon,96,6,8000.0,-18.276297897295436
isophon,96,7,250.0,-0.8321624374378587
isophon,96,7,500.0,-10.328016204833986
isophon,96,7,750.0,-12.623369338276845
isophon,96,7,1000.0,-11.740855967614138
isophon,96,7,1500.0,-3.568745834040712
isophon,96,7,2000.0,-0.4663109053215919
isophon,96,7,3000.0,-1.7050727349001562
isophon,96,7,4000.0,-5.979949661570245
isophon,96,7,6000.0,-8.486104985263808
isophon,96,7,8000.0,-16.062886604614718
isophon,96,8,250.0,-2.2595954285679056
isophon,96,8,500.0,-7.120716552734379
isophon,96,8,750.0,-8.808847636613194
isophon,96,8,1000.0,-8.733624760056685
isophon,96,8,1500.0,-0.8025247699002307
isophon,96,8,2000.0,2.87536552566516
isophon,96,8,3000.0,1.0636202403738935
isophon,96,8,4000.0,-3.107883181182089
isophon,96,8,6000.0,-8.461408562371545
isophon,96,8,8000.0,-13.264364510920771
isophon,96,9,250.0,-2.529766351138605
isophon,96,9,500.0,-5.802878417968756
isophon,96,9,750.0,-6.306311128257747
isophon,96,9,1000.0,-6.694028395292619
isophon,96,9,1500.0,1.4085198513154182
isophon,96,9,2000.0,5.35773834131264
isophon,96,9,3000.0,5.5968676918564455
isophon,96,9,4000.0,-1.1228868192232824
isophon,96,9,6000.0,-6.059312633764577
isophon,96,9,8000.0,-10.314076067543027
isophon,96,10,250.0,-2.142674491912828
isophon,96,10,500.0,-3.5263381958007756
isophon,96,10,750.0,-4.402982245804196
isophon,96,10,1000.0,-4.330444576597486
isophon,96,10,1500.0,2.2882110450648554
isophon,96,10,2000.0,8.090022710132999
isophon,96,10,3000.0,4.511286135272513
isophon,96,10,4000.0,-0.2231046465453801
isophon,96,10,6000.0,-3.9119089637795668
isophon,96,10,8000.0,-7.447283622820464
isophon,97,1,250.0,-2.3453344522210955
isophon,97,1,500.0,-11.120364511289637
isophon,97,1,750.0,-11.854525875130733
isophon,97,1,1000.0,-1.0419160348203036
isophon,97,1,1500.0,4.90324904404212
isophon,97,1,2000.0,-3.105344910969606
isophon,97,1,3000.0,-1.2810553024597837
isophon,97,1,4000.0,-9.792658228289866
isophon,97,1,6000.0,5.899745684527005
isophon,97,1,8000.0,9.985313887105946
isophon,97,2,250.0,2.346939976005501
isophon,97,2,500.0,5.447566967185139
isophon,97,2,750.0,-2.5477948274401285
isophon,97,2,1000.0,-1.8004392187009586
isophon,97,2,1500.0,4.779245864962633
isophon,97,2,2000.0,-2.4448857540487268
isophon,97,2,3000.0,-0.3314914198851113
isophon,97,2,4000.0,7.4758231391975585
isophon,97,2,6000.0,7.786430773673871
isophon,97,2,8000.0,11.4027108557664
isophon,97,3,250.0,5.74668407154644
isophon,97,3,500.0,4.511553039572036
isophon,97,3,750.0,-5.681190443614156
isophon,97,3,1000.0,-4.047907345581024
isophon,97,3,1500.0,2.6672347564572334
isophon,97,3,2000.0,3.2915246419029245
isophon,97,3,3000.0,3.7531809739137145
isophon,97,3,4000.0,10.586979205867578
isophon,97,3,6000.0,8.081150649291999
isophon,97,3,8000.0,14.222429636283977
isophon,97,4,250.0,7.0456911716729
isophon,97,4,500.0,7.30221894136173
isophon,97,4,750.0,0.4011871752099836
isophon,97,4,1000.0,-0.10261553462915174
isophon,97,4,1500.0,2.214458670070883
isophon,97,4,2000.0,0.11797914770806983
isophon,97,4,3000.0,3.0606999539851074
isophon,97,4,4000.0,3.9416588092013853
isophon,97,4,6000.0,4.998843692590427
isophon,97,4,8000.0,7.892337657256661
isophon,97,5,250.0,-3.098868597399374
isophon,97,5,500.0,-0.6656876989235059
isophon,97,5,750.0,-0.6873882303800798
isophon,97,5,1000.0,-5.54963157348584
isophon,97,5,1500.0,-1.0975063365621054
isophon,97,5,2000.0,-1.9276471541812867
isophon,97,5,3000.0,3.7983099972650365
isophon,97,5,4000.0,3.8377873265551443
isophon,97,5,6000.0,2.563840827231587
isophon,97,5,8000.0,9.932454386992987
isophon,97,6,250.0,5.519171899674163
isophon,97,6,500.0,-1.6253565340500842
isophon,97,6,750.0,-0.9986396551121572
isophon,97,6,1000.0,-5.19466596242286
isophon,97,6,1500.0,-3.0901183267098133
isophon,97,6,2000.0,1.9114117509702169
isophon,97,6,3000.0,5.432626975613914
isophon,97,6,4000.0,7.506150202278803
isophon,97,6,6000.0,5.751944035659761
isophon,97,6,8000.0,9.189392545001766
isophon,97,7,250.0,7.057861071558307
isophon,97,7,500.0,2.542663572770735
isophon,97,7,750.0,2.9508671908290864
isophon,97,7,1000.0,0.8045735471637414
isophon,97,7,1500.0,-0.7243858845688607
isophon,97,7,2000.0,1.786855520546112
isophon,97,7,3000.0,8.836944297391256
isophon,97,7,4000.0,8.163561113139465
isophon,97,7,6000.0,6.231349967794628
isophon,97,7,8000.0,8.775773923175592
isophon,97,8,250.0,7.297861736316747
isophon,97,8,500.0,4.64832630576133
isophon,97,8,750.0,3.7993047578241885
isophon,97,8,1000.0,0.30378104737540923
isophon,97,8,1500.0,-0.5084023166851637
isophon,97,8,2000.0,3.7893356929541824
isophon,97,8,3000.0,5.512541833969593
isophon,97,8,4000.0,9.282043512139765
isophon,97,8,6000.0,7.137368434824566
isophon,97,8,8000.0,6.3062930297852375
isophon,97,9,250.0,6.793540611295484
isophon,97,9,500.0,6.276273628267376
isophon,97,9,750.0,4.225672070843899
isophon,97,9,1000.0,1.228649574213918
isophon,97,9,1500.0,-1.0509650891129496
isophon,97,9,2000.0,4.450071854722083
isophon,97,9,3000.0,1.9878358459472594
isophon,97,9,4000.0,9.498001964448491
isophon,97,9,6000.0,7.448247563363466
isophon,97,9,8000.0,7.111504516601627
isophon,97,10,250.0,7.939023418882627
isophon,97,10,500.0,5.148039764783761
isophon,97,10,750.0,4.986230253939482
isophon,97,10,1000.0,1.4796365062470613
isophon,97,10,1500.0,0.7641939139184188
isophon,97,10,2000.0,1.6245177837098481
isophon,97,10,3000.0,3.2135719299316463
isophon,97,10,4000.0,9.332556493124812
isophon,97,10,6000.0,4.738150258632189
isophon,97,10,8000.0,6.6955169677735
isophon,98,1,250.0,8.239680903532445
isophon,98,1,500.0,13.633245321932854
isophon,98,1,750.0,18.44724470534942
isophon,98,1,1000.0,-7.280087797985601
isophon,98,1,1500.0,17.475091224769315
isophon,98,1,2000.0,18.923894681706457
isophon,98,1,3000.0,-2.5605466314970045
isophon,98,1,4000.0,-7.079405143867177
isophon,98,1,6000.0,-0.6894841439327308
isophon,98,1,8000.0,-12.93734001416891
isophon,98,2,250.0,-2.3883487126574323
isophon,98,2,500.0,0.8814260767657345
isophon,98,2,750.0,0.7849904944157657
isophon,98,2,1000.0,-5.2816614475312775
isophon,98,2,1500.0,-4.1164604237765445
isophon,98,2,2000.0,1.2762981178399428
isophon,98,2,3000.0,4.406563773582619
isophon,98,2,4000.0,6.121919016728015
isophon,98,2,6000.0,-1.1957748255069731
isophon,98,2,8000.0,-10.168326742565569
isophon,98,3,250.0,1.6390799874784534
isophon,98,3,500.0,-1.178697140806591
isophon,98,3,750.0,-0.07365655138143268
isophon,98,3,1000.0,-1.456453317648453
isophon,98,3,1500.0,-0.6958331420002111
isophon,98,3,2000.0,2.2440239671345665
isophon,98,3,3000.0,4.198137206151273
isophon,98,3,4000.0,7.937541894688209
isophon,98,3,6000.0,0.11454461371457114
isophon,98,3,8000.0,-10.003899818488122
isophon,98,4,250.0,0.026243783329135795
isophon,98,4,500.0,0.6140888634869697
isophon,98,4,750.0,-4.036727910690431
isophon,98,4,1000.0,0.5214952907499821
isophon,98,4,1500.0,2.1208716371500884
isophon,98,4,2000.0,-2.8256370683533305
isophon,98,4,3000.0,4.78726936665457
isophon,98,4,4000.0,8.643133668419793
isophon,98,4,6000.0,1.994876081028039
isophon,98,4,8000.0,-6.93044001970415
isophon,98,5,250.0,-0.8305570082601719
isophon,98,5,500.0,-0.2233030877068245
isophon,98,5,750.0,-5.32555546589974
isophon,98,5,1000.0,-0.01626502419142639
isophon,98,5,1500.0,0.8018187708257756
isophon,98,5,2000.0,-3.2227979183155497
isophon,98,5,3000.0,5.247655806270643
isophon,98,5,4000.0,8.732982318908213
isophon,98,5,6000.0,-0.2573289044731695
isophon,98,5,8000.0,-9.157495822291224
isophon,98,6,250.0,-2.0597883923524876
isophon,98,6,500.0,-7.467416149355671
isophon,98,6,750.0,-6.502748503664648
isophon,98,6,1000.0,1.357240987771462
isophon,98,6,1500.0,0.5434293113798105
isophon,98,6,2000.0,-4.1346395169361045
isophon,98,6,3000.0,2.262826480611821
isophon,98,6,4000.0,9.433400241391084
isophon,98,6,6000.0,-2.0399041593921226
isophon,98,6,8000.0,-8.89017339712845
isophon,98,7,250.0,-5.718726590660793
isophon,98,7,500.0,-4.611036374823456
isophon,98,7,750.0,-4.409083710469048
isophon,98,7,1000.0,-1.0085161750189826
isophon,98,7,1500.0,-2.4776574173303345
isophon,98,7,2000.0,-5.530832010730151
isophon,98,7,3000.0,1.6473762900547229
isophon,98,7,4000.0,9.27847661596438
isophon,98,7,6000.0,-1.6647090140028808
isophon,98,7,8000.0,-10.179863141574074
isophon,98,8,250.0,-2.7703885245866218
isophon,98,8,500.0,-5.584114101134901
isophon,98,8,750.0,-6.020880546734702
isophon,98,8,1000.0,-3.2600524528390054
isophon,98,8,1500.0,-4.539964890346781
isophon,98,8,2000.0,-3.745940105347046
isophon,98,8,3000.0,1.852385978730581
isophon,98,8,4000.0,9.519592973104821
isophon,98,8,6000.0,-1.8209974508429667
isophon,98,8,8000.0,-10.006419691091054
isophon,98,9,250.0,-1.3733260057705934
isophon,98,9,500.0,-4.316835039363468
isophon,98,9,750.0,-4.340062613128936
isophon,98,9,1000.0,-4.639941253662116
isophon,98,9,1500.0,-3.6350758372613967
isophon,98,9,2000.0,-2.4939161463970976
isophon,98,9,3000.0,1.1739800995750045
isophon,98,9,4000.0,9.250485751895212
isophon,98,9,6000.0,-1.311549778062087
isophon,98,9,8000.0,-10.323833912307975
isophon,98,10,250.0,1.4795732793648426
isophon,98,10,500.0,-2.7518803382787382
isophon,98,10,750.0,-3.3519284243696603
isophon,98,10,1000.0,-1.7152496337890568
isophon,98,10,1500.0,-1.8840063088495924
isophon,98,10,2000.0,-1.3299200736677221
isophon,98,10,3000.0,2.139479184856171
isophon,98,10,4000.0,9.034331435709717
isophon,98,10,6000.0,-0.7196417896918632
isophon,98,10,8000.0,-10.134691488299183
isophon,99,1,250.0,-46.27591786580018
isophon,99,1,500.0,-24.31042216072366
isophon,99,1,750.0,-8.532766901497297
isophon,99,1,1000.0,-11.63620714519407
isophon,99,1,1500.0,-16.09593930800517
isophon,99,1,2000.0,4.065550551084215
isophon,99,1,3000.0,-10.650680257774553
isophon,99,1,4000.0,-7.094130914709268
isophon,99,1,6000.0,1.1425166194200074
isophon,99,1,8000.0,10.445231731379693
isophon,99,2,250.0,-26.527485145409585
isophon,99,2,500.0,-24.493978439743003
isophon,99,2,750.0,4.438664951250981
isophon,99,2,1000.0,-7.8282102961624105
isophon,99,2,1500.0,-11.150800713784804
isophon,99,2,2000.0,7.873154977467223
isophon,99,2,3000.0,-1.3905999673610836
isophon,99,2,4000.0,8.253345180158334
isophon,99,2,6000.0,8.474399503693462
isophon,99,2,8000.0,2.1121082915398546
isophon,99,3,250.0,-24.365146027674584
isophon,99,3,500.0,-14.83290112322591
isophon,99,3,750.0,6.471985246436006
isophon,99,3,1000.0,2.5139485690765326
isophon,99,3,1500.0,-3.535507901620676
isophon,99,3,2000.0,12.754434489445302
isophon,99,3,3000.0,-1.9370918056329032
isophon,99,3,4000.0,9.059684875363104
isophon,99,3,6000.0,-0.9097299624555859
isophon,99,3,8000.0,-3.594405370705246
isophon,99,4,250.0,-17.375839142008843
isophon,99,4,500.0,-7.146692483262953
isophon,99,4,750.0,5.542095534880644
isophon,99,4,1000.0,7.012734274287865
isophon,99,4,1500.0,-6.899166375186752
isophon,99,4,2000.0,5.377165325856083
isophon,99,4,3000.0,-9.804426802753312
isophon,99,4,4000.0,-0.940298326968815
isophon,99,4,6000.0,-3.5564468021427587
isophon,99,4,8000.0,-4.558800599374877
isophon,99,5,250.0,-13.309679832863054
isophon,99,5,500.0,0.9665232090219646
isophon,99,5,750.0,3.3897238797951417
isophon,99,5,1000.0,10.545063787511864
isophon,99,5,1500.0,-4.163635113372564
isophon,99,5,2000.0,9.249145162800161
isophon,99,5,3000.0,-8.302346972834954
isophon,99,5,4000.0,1.8676035811057687
isophon,99,5,6000.0,-1.745431286172888
isophon,99,5,8000.0,-2.177834857446072
isophon,99,6,250.0,-2.579915961499765
isophon,99,6,500.0,4.6386839189187725
isophon,99,6,750.0,2.9035006366115965
isophon,99,6,1000.0,7.508321957951807
isophon,99,6,1500.0,-3.512019131176885
isophon,99,6,2000.0,7.179333565764239
isophon,99,6,3000.0,-3.3456371299814833
isophon,99,6,4000.0,2.255910590721996
isophon,99,6,6000.0,-3.8094860404927857
isophon,99,6,8000.0,-15.026302095124763
isophon,99,7,250.0,3.6475070183233527
isophon,99,7,500.0,-1.687469994926829
isophon,99,7,750.0,-1.4952152840268411
isophon,99,7,1000.0,6.957480507252669
isophon,99,7,1500.0,-0.5932852423202775
isophon,99,7,2000.0,8.459490361797933
isophon,99,7,3000.0,-1.16384278243396
isophon,99,7,4000.0,4.045390432121906
isophon,99,7,6000.0,0.2437232750425551
isophon,99,7,8000.0,-12.384532725711253
isophon,99,8,250.0,0.4858670063023425
isophon,99,8,500.0,-2.169009305221664
isophon,99,8,750.0,-2.4887888098037365
isophon,99,8,1000.0,2.4489288740149107
isophon,99,8,1500.0,-2.0599973710875474
isophon,99,8,2000.0,11.25401686106288
isophon,99,8,3000.0,1.8016444736653625
isophon,99,8,4000.0,4.698256500861575
isophon,99,8,6000.0,2.529340777728507
isophon,99,8,8000.0,-10.634532887371279
isophon,99,9,250.0,-1.7122363522885706
isophon,99,9,500.0,-6.04473933370771
isophon,99,9,750.0,-3.9257875037938277
isophon,99,9,1000.0,-2.9948036163449103
isophon,99,9,1500.0,-5.008341916933631
isophon,99,9,2000.0,12.148609988538382
isophon,99,9,3000.0,3.5453101750341176
isophon,99,9,4000.0,5.008515471353078
isophon,99,9,6000.0,3.4092132473364103
isophon,99,9,8000.0,-7.866986175791979
isophon,99,10,250.0,7.156674403681336
isophon,99,10,500.0,-0.6191303562052042
isophon,99,10,750.0,0.5467634817493945
isophon,99,10,1000.0,-0.6512929280382025
isophon,99,10,1500.0,-4.580389728448083
isophon,99,10,2000.0,9.517959905715884
isophon,99,10,3000.0,0.39309184431363065
isophon,99,10,4000.0,1.3183337992954307
isophon,99,10,6000.0,-4.39188780469803
isophon,99,10,8000.0,-16.26309141813293
isophon,100,1,250.0,-2.504873416041221
isophon,100,1,500.0,-15.50368883526562
isophon,100,1,750.0,-21.831122682493998
isophon,100,1,1000.0,-16.43797772643299
isophon,100,1,1500.0,1.287002803078508
isophon,100,1,2000.0,-9.574607776209206
isophon,100,1,3000.0,-7.1241126288778815
isophon,100,1,4000.0,-7.849431804051413
isophon,100,1,6000.0,3.768220668333612
isophon,100,1,8000.0,13.19861634309423
isophon,100,2,250.0,6.470352066091166
isophon,100,2,500.0,-4.323892404586303
isophon,100,2,750.0,-8.233240658559993
isophon,100,2,1000.0,-5.01776853337978
isophon,100,2,1500.0,1.4239708688422184
isophon,100,2,2000.0,0.2396742078640841
isophon,100,2,3000.0,-3.3050349467008857
isophon,100,2,4000.0,0.5314527433751977
isophon,100,2,6000.0,15.679919021371063
isophon,100,2,8000.0,23.64826809733433
isophon,100,3,250.0,7.534642762594828
isophon,100,3,500.0,0.7047121105360219
isophon,100,3,750.0,-1.0547105908345316
isophon,100,3,1000.0,-8.18672443231614
isophon,100,3,1500.0,-1.219489242680453
isophon,100,3,2000.0,5.339680125471219
isophon,100,3,3000.0,1.431768741478166
isophon,100,3,4000.0,-2.2300942103287724
isophon,100,3,6000.0,13.576976523988236
isophon,100,3,8000.0,22.823302298599003
isophon,100,4,250.0,8.137538222319648
isophon,100,4,500.0,-0.8926058136098902
isophon,100,4,750.0,-0.25078027996282515
isophon,100,4,1000.0,-5.399719167950096
isophon,100,4,1500.0,1.587538336757433
isophon,100,4,2000.0,7.26402167763699
isophon,100,4,3000.0,0.13026062022143492
isophon,100,4,4000.0,-2.7334701763819
isophon,100,4,6000.0,6.002021192676864
isophon,100,4,8000.0,25.435283012698648
isophon,100,5,250.0,6.964946050586647
isophon,100,5,500.0,1.0512360898792252
isophon,100,5,750.0,-3.883825081100639
isophon,100,5,1000.0,-5.264875382161577
isophon,100,5,1500.0,2.1685003658438404
isophon,100,5,2000.0,6.473672075022307
isophon,100,5,3000.0,1.6417402735758913
isophon,100,5,4000.0,-2.754059241716348
isophon,100,5,6000.0,5.047867361533278
isophon,100,5,8000.0,23.001728305749324
isophon,100,6,250.0,5.144929328716913
isophon,100,6,500.0,-3.421998334564549
isophon,100,6,750.0,-5.914238920535766
isophon,100,6,1000.0,-9.548738765864115
isophon,100,6,1500.0,-0.6007601046273123
isophon,100,6,2000.0,6.680584776360092
isophon,100,6,3000.0,2.739132244931497
isophon,100,6,4000.0,-5.603311731865887
isophon,100,6,6000.0,3.2792168612230483
isophon,100,6,8000.0,21.553991127414463
isophon,100,7,250.0,0.9472449144311952
isophon,100,7,500.0,-1.1363059654827623
isophon,100,7,750.0,-3.669345020535701
isophon,100,7,1000.0,-8.482801420495989
isophon,100,7,1500.0,0.3063794562371527
isophon,100,7,2000.0,5.778526055517432
isophon,100,7,3000.0,1.7830996744035161
isophon,100,7,4000.0,-8.971850888229753
isophon,100,7,6000.0,3.6222517226553066
isophon,100,7,8000.0,22.861170611022345
isophon,100,8,250.0,4.451261428760503
isophon,100,8,500.0,1.5065192636240141
isophon,100,8,750.0,-0.5232533074074723
isophon,100,8,1000.0,-3.909754002163922
isophon,100,8,1500.0,1.2205794722544852
isophon,100,8,2000.0,4.406463254578185
isophon,100,8,3000.0,-2.790295760955999
isophon,100,8,4000.0,-11.787154968758898
isophon,100,8,6000.0,3.9716968962151213
isophon,100,8,8000.0,22.907193288186377
isophon,100,9,250.0,6.96940323431042
isophon,100,9,500.0,3.5534841746320467
isophon,100,9,750.0,3.4876100343050496
isophon,100,9,1000.0,-1.055319055344583
isophon,100,9,1500.0,1.4659246499469702
isophon,100,9,2000.0,2.5278683701001796
isophon,100,9,3000.0,-11.21281033683482
isophon,100,9,4000.0,-10.680829902673551
isophon,100,9,6000.0,4.147281479236085
isophon,100,9,8000.0,22.56778277514931
isophon,100,10,250.0,0.9360359617573408
isophon,100,10,500.0,-4.904581149387383
isophon,100,10,750.0,-6.817816136607092
isophon,100,10,1000.0,-5.7219707970826335
isophon,100,10,1500.0,0.31250660984295564
isophon,100,10,2000.0,2.0940990998863924
isophon,100,10,3000.0,-7.75554640031757
isophon,100,10,4000.0,-8.2157855111803
isophon,100,10,6000.0,5.812956172608665
isophon,100,10,8000.0,23.912759916683314
isophon,101,1,250.0,-0.5667564510229468
isophon,101,1,500.0,-9.968155121901248
isophon,101,1,750.0,1.7432484569800692
isophon,101,1,1000.0,4.229943751814801
isophon,101,1,1500.0,-5.145796344719557
isophon,101,1,2000.0,-22.528896232377434
isophon,101,1,3000.0,-8.575353664818806
isophon,101,1,4000.0,4.734207668330498
isophon,101,1,6000.0,-4.305642901110232
isophon,101,1,8000.0,12.687965000491829
isophon,101,2,250.0,6.9955357706201085
isophon,101,2,500.0,14.343121299334499
isophon,101,2,750.0,17.56940993215712
isophon,101,2,1000.0,22.194502253264304
isophon,101,2,1500.0,4.972223588615208
isophon,101,2,2000.0,-7.836618224799146
isophon,101,2,3000.0,-4.49270606258483
isophon,101,2,4000.0,-3.486645838212752
isophon,101,2,6000.0,23.91403097755257
isophon,101,2,8000.0,19.24385552327783
isophon,101,3,250.0,15.999865775183153
isophon,101,3,500.0,16.08366780075636
isophon,101,3,750.0,20.471610609640095
isophon,101,3,1000.0,16.762142519193645
isophon,101,3,1500.0,9.295654585941257
isophon,101,3,2000.0,1.8037249058202462
isophon,101,3,3000.0,-0.2749597245622226
isophon,101,3,4000.0,3.4264418277424795
isophon,101,3,6000.0,20.14444741739746
isophon,101,3,8000.0,31.520244888892393
isophon,101,4,250.0,20.180012973039794
isophon,101,4,500.0,14.97650619351252
isophon,101,4,750.0,21.85950313601434
isophon,101,4,1000.0,17.409741252458616
isophon,101,4,1500.0,7.4930402686339335
isophon,101,4,2000.0,10.295553215524166
isophon,101,4,3000.0,5.424440453421823
isophon,101,4,4000.0,9.394053724776114
isophon,101,4,6000.0,21.589063379721637
isophon,101,4,8000.0,33.92187731350401
isophon,101,5,250.0,10.734632473110963
isophon,101,5,500.0,19.557946875814963
isophon,101,5,750.0,23.623745060913635
isophon,101,5,1000.0,15.59276025819959
isophon,101,5,1500.0,11.144290351352396
isophon,101,5,2000.0,6.573974841069912
isophon,101,5,3000.0,3.258149357362015
isophon,101,5,4000.0,11.206587424320105
isophon,101,5,6000.0,19.728571030851725
isophon,101,5,8000.0,30.811109841942525
isophon,101,6,250.0,-3.3036345195572068
isophon,101,6,500.0,13.8037145819073
isophon,101,6,750.0,19.827505698041236
isophon,101,6,1000.0,14.02414359300127
isophon,101,6,1500.0,5.387433765769416
isophon,101,6,2000.0,4.9973899029468924
isophon,101,6,3000.0,-1.2064743748984625
isophon,101,6,4000.0,2.3293923521377167
isophon,101,6,6000.0,15.151664502273007
isophon,101,6,8000.0,28.102183091932872
isophon,101,7,250.0,-4.521740878959932
isophon,101,7,500.0,9.174483048869732
isophon,101,7,750.0,14.322109722052843
isophon,101,7,1000.0,13.31723849808725
isophon,101,7,1500.0,1.7948778727339771
isophon,101,7,2000.0,3.8001089819600082
isophon,101,7,3000.0,-2.9516623820372843
isophon,101,7,4000.0,-0.007365137008292777
isophon,101,7,6000.0,9.790617360285452
isophon,101,7,8000.0,26.338807752769824
isophon,101,8,250.0,-6.233958961269678
isophon,101,8,500.0,1.8429066988918663
isophon,101,8,750.0,10.120368979995732
isophon,101,8,1000.0,7.207033085178196
isophon,101,8,1500.0,-3.8280988299912764
isophon,101,8,2000.0,2.5213222433255567
isophon,101,8,3000.0,-5.654722828750494
isophon,101,8,4000.0,-0.6727206070349183
isophon,101,8,6000.0,6.334012874481175
isophon,101,8,8000.0,19.280838613203144
isophon,101,9,250.0,-8.134957108161927
isophon,101,9,500.0,-2.492743670947121
isophon,101,9,750.0,3.9668346833403803
isophon,101,9,1000.0,4.101858542602017
isophon,101,9,1500.0,-5.848864256114695
isophon,101,9,2000.0,0.6044558448273705
isophon,101,9,3000.0,-9.038176282468399
isophon,101,9,4000.0,-2.573111459669036
isophon,101,9,6000.0,2.2664392542791774
isophon,101,9,8000.0,10.636897846726086
isophon,101,10,250.0,-4.623323245850571
isophon,101,10,500.0,-2.213170866753501
isophon,101,10,750.0,3.7352298584769557
isophon,101,10,1000.0,-2.9199249760227843
isophon,101,10,1500.0,-10.318175467922202
isophon,101,10,2000.0,-1.1838979929678715
isophon,101,10,3000.0,-6.665236748143371
isophon,101,10,4000.0,-7.890582686416479
isophon,101,10,6000.0,-3.4679527761193754
isophon,101,10,8000.0,7.7809976800107705
isophon,102,1,250.0,19.96723324469653
isophon,102,1,500.0,-3.000451585261004
isophon,102,1,750.0,4.475558622207643
isophon,102,1,1000.0,-4.597605634903573
isophon,102,1,1500.0,1.3332224564143118
isophon,102,1,2000.0,2.710303144186298
isophon,102,1,3000.0,2.3299222728759617
isophon,102,1,4000.0,-10.323138744360449
isophon,102,1,6000.0,-8.3336407402293
isophon,102,1,8000.0,-18.71727703772683
isophon,102,2,250.0,10.61844227741706
isophon,102,2,500.0,-5.335373944456677
isophon,102,2,750.0,-3.104976354856092
isophon,102,2,1000.0,-4.798189117977103
isophon,102,2,1500.0,-1.249157230488862
isophon,102,2,2000.0,0.8988409301588831
isophon,102,2,3000.0,2.276040111457533
isophon,102,2,4000.0,2.317430532939852
isophon,102,2,6000.0,-4.955131031236675
isophon,102,2,8000.0,-11.522646097044102
isophon,102,3,250.0,10.465301998305705
isophon,102,3,500.0,-2.888812036381907
isophon,102,3,750.0,-5.260399092169607
isophon,102,3,1000.0,-1.7857607085947507
isophon,102,3,1500.0,1.2753000171788074
isophon,102,3,2000.0,3.3059182233087654
isophon,102,3,3000.0,3.4099507161347447
isophon,102,3,4000.0,3.707563228680897
isophon,102,3,6000.0,-3.334296682342483
isophon,102,3,8000.0,-15.459446666844087
isophon,102,4,250.0,5.343977618559947
isophon,102,4,500.0,-3.603283845874742
isophon,102,4,750.0,-4.786087631775729
isophon,102,4,1000.0,-0.6642114367159451
isophon,102,4,1500.0,0.20183635650701603
isophon,102,4,2000.0,2.8179953970466443
isophon,102,4,3000.0,2.3191328377633056
isophon,102,4,4000.0,6.225377674397308
isophon,102,4,6000.0,-4.363718010909622
isophon,102,4,8000.0,-18.59288681174887
isophon,102,5,250.0,5.346793577506631
isophon,102,5,500.0,-2.1884674556986425
isophon,102,5,750.0,-2.5298494353242376
isophon,102,5,1000.0,1.900427970141081
isophon,102,5,1500.0,1.0856136550034137
isophon,102,5,2000.0,-0.7835685361121278
isophon,102,5,3000.0,0.8567170564435855
isophon,102,5,4000.0,1.9275100292897633
isophon,102,5,6000.0,-3.1951013161841075
isophon,102,5,8000.0,-14.047241775065075
isophon,102,6,250.0,6.33833140611307
isophon,102,6,500.0,-6.166009315586209
isophon,102,6,750.0,-9.23983799692948
isophon,102,6,1000.0,-2.244344788267867
isophon,102,6,1500.0,-0.3707336286885976
isophon,102,6,2000.0,0.18465316083558037
isophon,102,6,3000.0,-0.9590917052729253
isophon,102,6,4000.0,-0.2491305100326997
isophon,102,6,6000.0,-0.2536180490188542
isophon,102,6,8000.0,-9.520538618106613
isophon,102,7,250.0,-0.4911801473707271
isophon,102,7,500.0,-3.480202850177591
isophon,102,7,750.0,-6.242291175514893
isophon,102,7,1000.0,-5.914685733782861
isophon,102,7,1500.0,-4.5480888375287805
isophon,102,7,2000.0,0.27364424166040635
isophon,102,7,3000.0,1.7765853887741656
isophon,102,7,4000.0,0.11786177873185011
isophon,102,7,6000.0,-4.038909784707386
isophon,102,7,8000.0,-9.213762685697162
isophon,102,8,250.0,-1.0867473196977926
isophon,102,8,500.0,-4.476090556792798
isophon,102,8,750.0,-6.555971951737362
isophon,102,8,1000.0,-6.952489540361356
isophon,102,8,1500.0,-2.0035077889645407
isophon,102,8,2000.0,-3.310434666980754
isophon,102,8,3000.0,0.7352854946159653
isophon,102,8,4000.0,1.5325915162436985
isophon,102,8,6000.0,-2.5535467057345898
isophon,102,8,8000.0,-8.444954409312118
isophon,102,9,250.0,-1.1736188906960905
isophon,102,9,500.0,-3.780075913387222
isophon,102,9,750.0,-4.330119878662757
isophon,102,9,1000.0,-5.641554565236888
isophon,102,9,1500.0,-0.02897262871178441
isophon,102,9,2000.0,-0.9670523509379478
isophon,102,9,3000.0,2.5809605049862654
isophon,102,9,4000.0,0.6872102051389533
isophon,102,9,6000.0,-1.3228419184526103
isophon,102,9,8000.0,-7.802408680552659
isophon,102,10,250.0,0.4694872832729686
isophon,102,10,500.0,-1.8583301928217821
isophon,102,10,750.0,-2.5782756180401236
isophon,102,10,1000.0,-1.2427349497954623
isophon,102,10,1500.0,3.3624524604954757
isophon,102,10,2000.0,1.5798113822224167
isophon,102,10,3000.0,2.933863827900936
isophon,102,10,4000.0,1.2856918957445629
isophon,102,10,6000.0,0.7663454387387816
isophon,102,10,8000.0,-4.311135776498929
isophon,103,1,250.0,11.896349113349824
isophon,103,1,500.0,-6.747784173274589
isophon,103,1,750.0,-9.527307206423558
isophon,103,1,1000.0,20.777613814254778
isophon,103,1,1500.0,-1.2596426376923446
isophon,103,1,2000.0,-18.161317690154235
isophon,103,1,3000.0,-13.572475925494984
isophon,103,1,4000.0,-2.7452735043504504
isophon,103,1,6000.0,-9.636367560008324
isophon,103,1,8000.0,29.540879339921958
isophon,103,2,250.0,-2.616692244990162
isophon,103,2,500.0,5.072565013255513
isophon,103,2,750.0,-11.17292688781653
isophon,103,2,1000.0,5.567341487487738
isophon,103,2,1500.0,5.861400345056083
isophon,103,2,2000.0,-1.7605655742794966
isophon,103,2,3000.0,7.4656400016127265
isophon,103,2,4000.0,3.609318993556485
isophon,103,2,6000.0,1.3688297843648627
isophon,103,2,8000.0,28.487642039816734
isophon,103,3,250.0,0.8185445318325861
isophon,103,3,500.0,12.001059022328029
isophon,103,3,750.0,-4.328937356944934
isophon,103,3,1000.0,1.1083742823563583
isophon,103,3,1500.0,1.646047276428753
isophon,103,3,2000.0,-1.7362059298054078
isophon,103,3,3000.0,2.5114285955905444
isophon,103,3,4000.0,3.379123413413467
isophon,103,3,6000.0,5.618432569148908
isophon,103,3,8000.0,33.78105611495168
isophon,103,4,250.0,-2.741142027291417
isophon,103,4,500.0,16.450251120919106
isophon,103,4,750.0,2.689682640041596
isophon,103,4,1000.0,3.0567651357640813
isophon,103,4,1500.0,1.6295829044300376
isophon,103,4,2000.0,-5.868194987456334
isophon,103,4,3000.0,-5.272632252022063
isophon,103,4,4000.0,0.525392221713588
isophon,103,4,6000.0,7.363352018459338
isophon,103,4,8000.0,36.43438842213955
isophon,103,5,250.0,1.2040839732394915
isophon,103,5,500.0,-1.8906444910563494
isophon,103,5,750.0,-7.383952535991725
isophon,103,5,1000.0,-3.288767814666514
isophon,103,5,1500.0,0.17686174686613754
isophon,103,5,2000.0,-7.000855435298732
isophon,103,5,3000.0,-5.543262331630345
isophon,103,5,4000.0,1.7127706051942653
isophon,103,5,6000.0,6.242575038885292
isophon,103,5,8000.0,30.407198306805142
isophon,103,6,250.0,-5.0407300987696715
isophon,103,6,500.0,-8.863078325144926
isophon,103,6,750.0,-6.700224983373701
isophon,103,6,1000.0,3.4390498521220536
isophon,103,6,1500.0,4.224797997253518
isophon,103,6,2000.0,-0.18016930473605441
isophon,103,6,3000.0,-1.7400794965994208
isophon,103,6,4000.0,2.9248769930890575
isophon,103,6,6000.0,3.6839938379839765
isophon,103,6,8000.0,18.049773914467494
isophon,103,7,250.0,-3.332799710827018
isophon,103,7,500.0,-5.677672203110845
isophon,103,7,750.0,-3.9026178916080454
isophon,103,7,1000.0,4.551714798464431
isophon,103,7,1500.0,5.008463850413676
isophon,103,7,2000.0,-3.8265020343578016
isophon,103,7,3000.0,-5.513015327696024
isophon,103,7,4000.0,-4.587397311821746
isophon,103,7,6000.0,3.376074228667747
isophon,103,7,8000.0,18.244938052656394
isophon,103,8,250.0,-3.6378945655912958
isophon,103,8,500.0,-7.346617301295893
isophon,103,8,750.0,-5.502838721093411
isophon,103,8,1000.0,4.2357352527184275
isophon,103,8,1500.0,4.479517351144665
isophon,103,8,2000.0,-2.815642140783794
isophon,103,8,3000.0,-5.570482927885649
isophon,103,8,4000.0,-2.291125713167716
isophon,103,8,6000.0,4.064715082086252
isophon,103,8,8000.0,13.836797871895797
isophon,103,9,250.0,-1.964905704279758
isophon,103,9,500.0,-7.55290723110862
isophon,103,9,750.0,-6.694907279566976
isophon,103,9,1000.0,5.994029290643397
isophon,103,9,1500.0,5.241978214768807
isophon,103,9,2000.0,-1.827813498568844
isophon,103,9,3000.0,-5.304040134430451
isophon,103,9,4000.0,-0.5736712352250635
isophon,103,9,6000.0,5.099478827062171
isophon,103,9,8000.0,7.6116719510621635
isophon,103,10,250.0,1.295466844840064
isophon,103,10,500.0,-6.449019652148337
isophon,103,10,750.0,-7.238947157505223
isophon,103,10,1000.0,0.48901455033659147
isophon,103,10,1500.0,-3.4841441851961577
isophon,103,10,2000.0,-2.9204887538059268
isophon,103,10,3000.0,-1.200085453231864
isophon,103,10,4000.0,1.7062696762482545
isophon,103,10,6000.0,6.431568146620208
isophon,103,10,8000.0,5.010428385992071
isophon,104,1,250.0,-9.43758384500235
isophon,104,1,500.0,-38.421676697026925
isophon,104,1,750.0,-36.489848990901635
isophon,104,1,1000.0,-38.990947915362426
isophon,104,1,1500.0,-28.58209356682346
isophon,104,1,2000.0,-14.577270789817987
isophon,104,1,3000.0,-15.703968017613448
isophon,104,1,4000.0,1.313065263289026
isophon,104,1,6000.0,-10.233285907305486
isophon,104,1,8000.0,0.251934969830387
isophon,104,2,250.0,-2.316336192908082
isophon,104,2,500.0,1.386150658922702
isophon,104,2,750.0,-0.005754233177128754
isophon,104,2,1000.0,-0.5533256992042936
isophon,104,2,1500.0,-0.6027195759687345
isophon,104,2,2000.0,-1.063573855776852
isophon,104,2,3000.0,-0.9287962323996339
isophon,104,2,4000.0,9.201783375442517
isophon,104,2,6000.0,14.238378490838926
isophon,104,2,8000.0,17.364613937462067
isophon,104,3,250.0,6.43844581189002
isophon,104,3,500.0,17.020098312027216
isophon,104,3,750.0,17.652071855925186
isophon,104,3,1000.0,12.115322741664627
isophon,104,3,1500.0,7.012149501434493
isophon,104,3,2000.0,5.733933087381075
isophon,104,3,3000.0,8.979617281804892
isophon,104,3,4000.0,19.253729481399546
isophon,104,3,6000.0,23.46026962094234
isophon,104,3,8000.0,26.003376932285477
isophon,104,4,250.0,11.624312456941226
isophon,104,4,500.0,26.683561542967723
isophon,104,4,750.0,27.21055917361649
isophon,104,4,1000.0,19.49619836376654
isophon,104,4,1500.0,16.544886595620767
isophon,104,4,2000.0,14.443119163328888
isophon,104,4,3000.0,17.109210118305114
isophon,104,4,4000.0,23.235832295120247
isophon,104,4,6000.0,30.294602918642866
isophon,104,4,8000.0,33.07418657742424
isophon,104,5,250.0,7.789101070414773
isophon,104,5,500.0,28.981882045474613
isophon,104,5,750.0,22.929401274722636
isophon,104,5,1000.0,10.27983947991423
isophon,104,5,1500.0,16.25766760623543
isophon,104,5,2000.0,13.321715522739638
isophon,104,5,3000.0,14.88761349157879
isophon,104,5,4000.0,18.77905286821786
isophon,104,5,6000.0,26.197678296968803
isophon,104,5,8000.0,28.420880614687846
isophon,104,6,250.0,7.477170486454796
isophon,104,6,500.0,18.66750403266593
isophon,104,6,750.0,17.309445114186403
isophon,104,6,1000.0,10.34275299664435
isophon,104,6,1500.0,15.571513571681834
isophon,104,6,2000.0,13.982412678153722
isophon,104,6,3000.0,13.53993665664251
isophon,104,6,4000.0,10.143732673332153
isophon,104,6,6000.0,12.88116561144254
isophon,104,6,8000.0,19.376523161572408
isophon,104,7,250.0,2.7947045137606494
isophon,104,7,500.0,13.45562809709483
isophon,104,7,750.0,14.737890888506513
isophon,104,7,1000.0,9.094771553823364
isophon,104,7,1500.0,9.932165877325872
isophon,104,7,2000.0,11.507566063340803
isophon,104,7,3000.0,9.841937518029226
isophon,104,7,4000.0,7.086198075487701
isophon,104,7,6000.0,9.693060554821116
isophon,104,7,8000.0,14.462821576745696
isophon,104,8,250.0,4.444121506503748
isophon,104,8,500.0,9.788733358732586
isophon,104,8,750.0,12.609912573119445
isophon,104,8,1000.0,11.60169437629284
isophon,104,8,1500.0,9.912113710642117
isophon,104,8,2000.0,10.032199473405782
isophon,104,8,3000.0,4.436088663901799
isophon,104,8,4000.0,-1.7313432814545564
isophon,104,8,6000.0,3.8031352228498605
isophon,104,8,8000.0,8.380315193848418
isophon,104,9,250.0,4.701964038287997
isophon,104,9,500.0,7.007148459687201
isophon,104,9,750.0,12.016202941340651
isophon,104,9,1000.0,10.33040112436251
isophon,104,9,1500.0,9.858306090958294
isophon,104,9,2000.0,7.549885417717519
isophon,104,9,3000.0,-2.7315919752795566
isophon,104,9,4000.0,-9.969956244689229
isophon,104,9,6000.0,-0.39261814888998003
isophon,104,9,8000.0,4.786489374495602
isophon,104,10,250.0,-9.477804796479035
isophon,104,10,500.0,7.326682080537211
isophon,104,10,750.0,10.950030543052236
isophon,104,10,1000.0,7.234032562643918
isophon,104,10,1500.0,5.876370550433819
isophon,104,10,2000.0,3.480998348497664
isophon,104,10,3000.0,-3.7707909337796934
isophon,104,10,4000.0,-10.699304199218744
isophon,104,10,6000.0,-5.356529918803517
isophon,104,10,8000.0,3.3247986656241864
isophon,105,1,250.0,-25.22339286583076
isophon,105,1,500.0,5.631155442043946
isophon,105,1,750.0,9.67914856475254
isophon,105,1,1000.0,-0.3116846336059229
isophon,105,1,1500.0,7.082561373934018
isophon,105,1,2000.0,0.49223688877162886
isophon,105,1,3000.0,0.391321931646587
isophon,105,1,4000.0,-16.23431611185717
isophon,105,1,6000.0,5.737376251863111
isophon,105,1,8000.0,-17.516649326507093
isophon,105,2,250.0,-0.3393909851560082
isophon,105,2,500.0,5.088182595988826
isophon,105,2,750.0,1.6085711150667876
isophon,105,2,1000.0,3.631933881602386
isophon,105,2,1500.0,6.823837288689006
isophon,105,2,2000.0,-3.7475951251698874
isophon,105,2,3000.0,-9.706387906112013
isophon,105,2,4000.0,-5.617864127222916
isophon,105,2,6000.0,1.3863951795888738
isophon,105,2,8000.0,-15.808738708139046
isophon,105,3,250.0,-4.733640289084832
isophon,105,3,500.0,1.5654333271170557
isophon,105,3,750.0,-0.904581134149808
isophon,105,3,1000.0,-3.3429013663103007
isophon,105,3,1500.0,4.598133480793109
isophon,105,3,2000.0,1.1412040354379087
isophon,105,3,3000.0,-1.5023868638062368
isophon,105,3,4000.0,-3.3136895783398046
isophon,105,3,6000.0,7.042803991894829
isophon,105,3,8000.0,-10.678112998926878
isophon,105,4,250.0,-9.198669109139885
isophon,105,4,500.0,0.4901471951866512
isophon,105,4,750.0,-2.183726655927316
isophon,105,4,1000.0,-4.136052201268271
isophon,105,4,1500.0,3.6025535659906325
isophon,105,4,2000.0,2.9351664743085166
isophon,105,4,3000.0,-2.549345255630783
isophon,105,4,4000.0,-3.964312697408502
isophon,105,4,6000.0,4.679011296709419
isophon,105,4,8000.0,-6.50807958127244
isophon,105,5,250.0,-6.2143445997272835
isophon,105,5,500.0,-2.3035263741847984
isophon,105,5,750.0,-0.6500075924953563
isophon,105,5,1000.0,-1.841927463705332
isophon,105,5,1500.0,3.0594532196506634
isophon,105,5,2000.0,2.3060812905241193
isophon,105,5,3000.0,-1.1802360399572365
isophon,105,5,4000.0,-0.6733774420973191
isophon,105,5,6000.0,-0.3598225858263788
isophon,105,5,8000.0,-4.562696963418659
isophon,105,6,250.0,-3.5631909149230125
isophon,105,6,500.0,5.2426914666480116
isophon,105,6,750.0,3.8224410830943327
isophon,105,6,1000.0,-0.2642395676448075
isophon,105,6,1500.0,-2.5548391481561055
isophon,105,6,2000.0,-2.9538677338619976
isophon,105,6,3000.0,-3.3226789648480377
isophon,105,6,4000.0,-2.05367872745893
isophon,105,6,6000.0,3.7632606813477167
isophon,105,6,8000.0,0.73685558221311
isophon,105,7,250.0,-3.96659369314375
isophon,105,7,500.0,3.418591112451338
isophon,105,7,750.0,4.965604879139519
isophon,105,7,1000.0,2.1407261009329943
isophon,105,7,1500.0,-0.3944153022690955
isophon,105,7,2000.0,-1.1901320644622473
isophon,105,7,3000.0,-0.18197046939350514
isophon,105,7,4000.0,0.1922097111509089
isophon,105,7,6000.0,5.08267161831418
isophon,105,7,8000.0,1.1409761894618242
isophon,105,8,250.0,-6.433469951569435
isophon,105,8,500.0,2.688715349149959
isophon,105,8,750.0,5.068278569952994
isophon,105,8,1000.0,2.1377425495150533
isophon,105,8,1500.0,-1.5246082567372525
isophon,105,8,2000.0,-0.5305543297798891
isophon,105,8,3000.0,3.40328104316076
isophon,105,8,4000.0,0.7706787119415708
isophon,105,8,6000.0,3.559939852448636
isophon,105,8,8000.0,2.037038665698333
isophon,105,9,250.0,-6.163154594319039
isophon,105,9,500.0,4.815474109618819
isophon,105,9,750.0,5.837983405093496
isophon,105,9,1000.0,0.29743751394300944
isophon,105,9,1500.0,-2.038144554018828
isophon,105,9,2000.0,-1.668863666267569
isophon,105,9,3000.0,4.16385871100627
isophon,105,9,4000.0,0.7748733405708776
isophon,105,9,6000.0,4.964723950314749
isophon,105,9,8000.0,2.638811041247905
isophon,105,10,250.0,-2.153019407641054
isophon,105,10,500.0,4.540410906545418
isophon,105,10,750.0,6.982366312310106
isophon,105,10,1000.0,-0.5297454358931475
isophon,105,10,1500.0,-0.5875371451400184
isophon,105,10,2000.0,-3.395543670654291
isophon,105,10,3000.0,0.9075209199502154
isophon,105,10,4000.0,1.488538366922512
isophon,105,10,6000.0,4.881210593603825
isophon,105,10,8000.0,3.296172379752875
isophon,106,1,250.0,-6.82294354594228
isophon,106,1,500.0,-9.546617937725415
isophon,106,1,750.0,-3.529418088637648
isophon,106,1,1000.0,-0.3349280377760593
isophon,106,1,1500.0,-6.824298596189976
isophon,106,1,2000.0,-15.660022886998085
isophon,106,1,3000.0,19.687162356199472
isophon,106,1,4000.0,10.444374048311325
isophon,106,1,6000.0,-9.264581212118593
isophon,106,1,8000.0,5.176606085810661
isophon,106,2,250.0,-5.038170618807115
isophon,106,2,500.0,-2.627497392000464
isophon,106,2,750.0,3.331566234539963
isophon,106,2,1000.0,2.617182761371076
isophon,106,2,1500.0,-1.3150532955745078
isophon,106,2,2000.0,0.5723068102605922
isophon,106,2,3000.0,2.9193797367405168
isophon,106,2,4000.0,5.332441503224295
isophon,106,2,6000.0,-15.901609789287306
isophon,106,2,8000.0,4.40479051064122
isophon,106,3,250.0,5.751637409927412
isophon,106,3,500.0,-1.8823327382828836
isophon,106,3,750.0,-0.9937996981177406
isophon,106,3,1000.0,1.3817658111201752
isophon,106,3,1500.0,-2.33804883521082
isophon,106,3,2000.0,-0.9423846562145215
isophon,106,3,3000.0,-6.1265628125296985
isophon,106,3,4000.0,-0.06117405512725327
isophon,106,3,6000.0,-7.1775962788851615
isophon,106,3,8000.0,3.9793264181116115
isophon,106,4,250.0,15.032158741991452
isophon,106,4,500.0,-1.6191996991779973
isophon,106,4,750.0,-3.027850581219937
isophon,106,4,1000.0,-3.1017500678952956
isophon,106,4,1500.0,-9.501145595991659
isophon,106,4,2000.0,-15.886849208840431
isophon,106,4,3000.0,-9.455790312341549
isophon,106,4,4000.0,-0.5216574449589189
isophon,106,4,6000.0,-4.288396608667014
isophon,106,4,8000.0,6.439592625280383
isophon,106,5,250.0,10.769766234436844
isophon,106,5,500.0,-1.8433605916373779
isophon,106,5,750.0,4.07694716411396
isophon,106,5,1000.0,6.8637576787122185
isophon,106,5,1500.0,-3.90872383066403
isophon,106,5,2000.0,-11.60634052247903
isophon,106,5,3000.0,-7.3212218171942425
isophon,106,5,4000.0,2.3758088380224933
isophon,106,5,6000.0,3.2615788184926515
isophon,106,5,8000.0,5.142952593652751
isophon,106,6,250.0,6.0569077289495965
isophon,106,6,500.0,5.109964219718449
isophon,106,6,750.0,10.639577521148539
isophon,106,6,1000.0,12.584661077948695
isophon,106,6,1500.0,5.793365665929201
isophon,106,6,2000.0,-2.419232083745399
isophon,106,6,3000.0,1.1709541001482222
isophon,106,6,4000.0,10.553440083811893
isophon,106,6,6000.0,2.387299025024305
isophon,106,6,8000.0,2.3879302799701634
isophon,106,7,250.0,9.822022551050395
isophon,106,7,500.0,8.854640433497778
isophon,106,7,750.0,12.624565156523161
isophon,106,7,1000.0,10.41974137686256
isophon,106,7,1500.0,6.79324269632734
isophon,106,7,2000.0,2.763421380798249
isophon,106,7,3000.0,3.2850448240424157
isophon,106,7,4000.0,11.22659525767115
isophon,106,7,6000.0,4.468705933577766
isophon,106,7,8000.0,4.27550528467836
isophon,106,8,250.0,9.679184659498802
isophon,106,8,500.0,8.603383895069896
isophon,106,8,750.0,13.866464727894055
isophon,106,8,1000.0,10.080680464299235
isophon,106,8,1500.0,7.928174873498634
isophon,106,8,2000.0,2.903337268829162
isophon,106,8,3000.0,3.166771313144366
isophon,106,8,4000.0,8.938113148895383
isophon,106,8,6000.0,6.483464244702148
isophon,106,8,8000.0,6.63475377648156
isophon,106,9,250.0,9.567584093317848
isophon,106,9,500.0,8.757657013891645
isophon,106,9,750.0,13.302589147616004
isophon,106,9,1000.0,11.997816931691801
isophon,106,9,1500.0,7.079666555348808
isophon,106,9,2000.0,5.146510973980554
isophon,106,9,3000.0,4.102538303554695
isophon,106,9,4000.0,8.17516977512311
isophon,106,9,6000.0,7.085658624906372
isophon,106,9,8000.0,8.43616391495138
isophon,106,10,250.0,9.65046555297107
isophon,106,10,500.0,9.970837849407872
isophon,106,10,750.0,9.99440078324325
isophon,106,10,1000.0,14.271836994616791
isophon,106,10,1500.0,8.48137618949356
isophon,106,10,2000.0,6.074077296724354
isophon,106,10,3000.0,6.021076466848783
isophon,106,10,4000.0,8.54552891546821
isophon,106,10,6000.0,8.220771242173726
isophon,106,10,8000.0,8.892233711154375
isophon,107,1,250.0,-4.073395028619416
isophon,107,1,500.0,-8.053517155974092
isophon,107,1,750.0,-11.047047880056908
isophon,107,1,1000.0,-13.013707226317052
isophon,107,1,1500.0,-16.17563868871504
isophon,107,1,2000.0,-13.753895192361327
isophon,107,1,3000.0,-4.348739318354092
isophon,107,1,4000.0,-7.199018543081252
isophon,107,1,6000.0,-2.0918193440521407
isophon,107,1,8000.0,-1.1549244011025053
isophon,107,2,250.0,4.728890198205754
isophon,107,2,500.0,4.457104097310719
isophon,107,2,750.0,-1.2300471490781035
isophon,107,2,1000.0,-4.963276900060293
isophon,107,2,1500.0,-1.4909602951967145
isophon,107,2,2000.0,0.08648860366602662
isophon,107,2,3000.0,2.6126300970100544
isophon,107,2,4000.0,2.516118010779252
isophon,107,2,6000.0,-0.33110484977322585
isophon,107,2,8000.0,-2.7544274402172704
isophon,107,3,250.0,2.875891790842388
isophon,107,3,500.0,5.0813193956172995
isophon,107,3,750.0,0.8044453005078367
isophon,107,3,1000.0,-0.49862284111706856
isophon,107,3,1500.0,-0.03142525662211426
isophon,107,3,2000.0,0.2761514163291565
isophon,107,3,3000.0,-0.9069592732054588
isophon,107,3,4000.0,0.16438154623132561
isophon,107,3,6000.0,-2.5971371706362447
isophon,107,3,8000.0,-5.741881928129018
isophon,107,4,250.0,1.7890919613932397
isophon,107,4,500.0,2.923117123044676
isophon,107,4,750.0,1.169644242994508
isophon,107,4,1000.0,-1.0539866111208482
isophon,107,4,1500.0,1.99968529636962
isophon,107,4,2000.0,0.12546400396968238
isophon,107,4,3000.0,-4.073345451828416
isophon,107,4,4000.0,-5.717973734480154
isophon,107,4,6000.0,-5.85660394934817
isophon,107,4,8000.0,-6.6410315181970105
isophon,107,5,250.0,-1.3995524765587106
isophon,107,5,500.0,-0.3944514350470598
isophon,107,5,750.0,-0.5926791378129224
isophon,107,5,1000.0,-1.1650705219953466
isophon,107,5,1500.0,0.10058319024199136
isophon,107,5,2000.0,-1.3617997414503407
isophon,107,5,3000.0,-3.7849809408744903
isophon,107,5,4000.0,-4.4677140408063
isophon,107,5,6000.0,-7.081120109808694
isophon,107,5,8000.0,-7.716549828061929
isophon,107,6,250.0,2.4014343265537548
isophon,107,6,500.0,1.5208992231203808
isophon,107,6,750.0,-0.17650437664485708
isophon,107,6,1000.0,0.26991097243700324
isophon,107,6,1500.0,4.3251292215745565
isophon,107,6,2000.0,1.8501735626700935
isophon,107,6,3000.0,-1.7051003284500723
isophon,107,6,4000.0,-1.2502314212749752
isophon,107,6,6000.0,-5.308609497494373
isophon,107,6,8000.0,-5.098499812889443
isophon,107,7,250.0,1.8222288154528172
isophon,107,7,500.0,2.940476330224598
isophon,107,7,750.0,1.945616416259199
isophon,107,7,1000.0,2.6604890283189633
isophon,107,7,1500.0,5.887614562920092
isophon,107,7,2000.0,4.487296704891648
isophon,107,7,3000.0,-0.7438581245488081
isophon,107,7,4000.0,-0.3770949227196354
isophon,107,7,6000.0,-4.126595754946777
isophon,107,7,8000.0,-4.65699388049245
isophon,107,8,250.0,0.9610319997639465
isophon,107,8,500.0,6.604782773488608
isophon,107,8,750.0,4.215572567273114
isophon,107,8,1000.0,4.438387602723367
isophon,107,8,1500.0,6.206308971498117
isophon,107,8,2000.0,5.435270637792314
isophon,107,8,3000.0,1.6808799769077893
isophon,107,8,4000.0,-0.23393418788593578
isophon,107,8,6000.0,-3.4687444236606524
isophon,107,8,8000.0,-4.04227768601001
isophon,107,9,250.0,0.4167211203925092
isophon,107,9,500.0,6.532410079849086
isophon,107,9,750.0,5.323871669857084
isophon,107,9,1000.0,3.8413594382401612
isophon,107,9,1500.0,6.0619053009829855
isophon,107,9,2000.0,6.282734655093421
isophon,107,9,3000.0,3.781758389349122
isophon,107,9,4000.0,-0.22921873144883875
isophon,107,9,6000.0,-2.358875411007304
isophon,107,9,8000.0,-3.159480585553027
isophon,107,10,250.0,-2.214261341509868
isophon,107,10,500.0,0.2025671905401225
isophon,107,10,750.0,-0.7362588770390346
isophon,107,10,1000.0,-1.4179033466828344
isophon,107,10,1500.0,0.24094675781813635
isophon,107,10,2000.0,-0.2692654082166541
isophon,107,10,3000.0,0.13047923701834918
isophon,107,10,4000.0,-2.503797067619601
isophon,107,10,6000.0,-3.477120249210955
isophon,107,10,8000.0,-6.749955134492851
isophon,108,1,250.0,26.899384337277162
isophon,108,1,500.0,-5.471025738115543
isophon,108,1,750.0,5.823740994849061
isophon,108,1,1000.0,5.529530888961919
isophon,108,1,1500.0,-1.8051012063456398
isophon,108,1,2000.0,0.5370884348971003
isophon,108,1,3000.0,-7.874626773534331
isophon,108,1,4000.0,5.983279164565289
isophon,108,1,6000.0,-6.895226942179292
isophon,108,1,8000.0,-24.07105391074495
isophon,108,2,250.0,3.685131312357022
isophon,108,2,500.0,-6.588900654491589
isophon,108,2,750.0,-0.07397876204687748
isophon,108,2,1000.0,-7.464039164126248
isophon,108,2,1500.0,15.958871371840708
isophon,108,2,2000.0,6.497520836423249
isophon,108,2,3000.0,-4.033158685896495
isophon,108,2,4000.0,-2.3653408279170662
isophon,108,2,6000.0,-4.340369882432292
isophon,108,2,8000.0,-14.62042646445012
isophon,108,3,250.0,1.9311969480146587
isophon,108,3,500.0,0.09302201686153921
isophon,108,3,750.0,-0.09311133180949582
isophon,108,3,1000.0,2.3406935661387465
isophon,108,3,1500.0,9.193793663158615
isophon,108,3,2000.0,-0.17029733949610204
isophon,108,3,3000.0,-1.9565660645848766
isophon,108,3,4000.0,5.008247534820114
isophon,108,3,6000.0,-1.506920138243288
isophon,108,3,8000.0,-13.335165272405206
isophon,108,4,250.0,-5.982634172111744
isophon,108,4,500.0,-1.7963300457585376
isophon,108,4,750.0,-1.0358255810946275
isophon,108,4,1000.0,2.7251947748107455
isophon,108,4,1500.0,0.7607820136131238
isophon,108,4,2000.0,-5.9307571978873455
isophon,108,4,3000.0,-3.209303462556676
isophon,108,4,4000.0,-1.0227191485088412
isophon,108,4,6000.0,-1.0853633073086542
isophon,108,4,8000.0,-12.150143240804653
isophon,108,5,250.0,2.2205938900343085
isophon,108,5,500.0,2.5684650175318353
isophon,108,5,750.0,-0.5137936129564622
isophon,108,5,1000.0,-1.892664946789182
isophon,108,5,1500.0,-3.172887502749063
isophon,108,5,2000.0,-6.022344408877203
isophon,108,5,3000.0,-0.7063323191580793
isophon,108,5,4000.0,1.6254468413001888
isophon,108,5,6000.0,4.694892035481061
isophon,108,5,8000.0,-5.34585372980149
isophon,108,6,250.0,-1.0391519620125393
isophon,108,6,500.0,3.647250645931308
isophon,108,6,750.0,4.0202170520798575
isophon,108,6,1000.0,5.814740572019701
isophon,108,6,1500.0,2.6664862127470172
isophon,108,6,2000.0,1.5096295986359252
isophon,108,6,3000.0,1.733160897716857
isophon,108,6,4000.0,3.1829382289838577
isophon,108,6,6000.0,4.511367054430224
isophon,108,6,8000.0,1.0369125815659288
isophon,108,7,250.0,-5.504107043765941
isophon,108,7,500.0,-0.005650926216759444
isophon,108,7,750.0,0.07234865416835135
isophon,108,7,1000.0,-1.507717789405035
isophon,108,7,1500.0,-0.5212700570276496
isophon,108,7,2000.0,-3.481841399961098
isophon,108,7,3000.0,-0.48922902504156696
isophon,108,7,4000.0,2.780346277754518
isophon,108,7,6000.0,2.8140116869234646
isophon,108,7,8000.0,-2.4763088631903685
isophon,108,8,250.0,-2.189888411135499
isophon,108,8,500.0,1.2247677583842318
isophon,108,8,750.0,1.4429747849550267
isophon,108,8,1000.0,-2.7011834251828617
isophon,108,8,1500.0,-2.6786072568500288
isophon,108,8,2000.0,-6.8285101587675
isophon,108,8,3000.0,-2.082361017313488
isophon,108,8,4000.0,1.8160393361525138
isophon,108,8,6000.0,-0.15068988194292388
isophon,108,8,8000.0,-4.925849681273519
isophon,108,9,250.0,-0.08618856387508345
isophon,108,9,500.0,3.0500130129708367
isophon,108,9,750.0,2.93549225344573
isophon,108,9,1000.0,-1.0536439651840226
isophon,108,9,1500.0,-1.891354368997284
isophon,108,9,2000.0,-4.9530647682546345
isophon,108,9,3000.0,-1.0292534560655184
isophon,108,9,4000.0,-1.1938513277521423
isophon,108,9,6000.0,-2.2462715267676714
isophon,108,9,8000.0,-7.651594245901194
isophon,108,10,250.0,2.7064763714775353
isophon,108,10,500.0,6.043508566897671
isophon,108,10,750.0,4.816843265439246
isophon,108,10,1000.0,3.302597707740887
isophon,108,10,1500.0,0.9283180726162215
isophon,108,10,2000.0,-1.6989067758760257
isophon,108,10,3000.0,0.7622998700475279
isophon,108,10,4000.0,-2.588915755531559
isophon,108,10,6000.0,-1.7873946173953925
isophon,108,10,8000.0,-12.299266780545466
isophon,109,1,250.0,9.260386247626187
isophon,109,1,500.0,7.170813931027979
isophon,109,1,750.0,-7.72772372979486
isophon,109,1,1000.0,3.6776350114070127
isophon,109,1,1500.0,6.2599669295169775
isophon,109,1,2000.0,-4.7697263509751195
isophon,109,1,3000.0,-10.17812326932875
isophon,109,1,4000.0,-9.27112209519047
isophon,109,1,6000.0,-23.526977928672466
isophon,109,1,8000.0,-15.494175417455239
isophon,109,2,250.0,-2.61802842716196
isophon,109,2,500.0,-8.240642424058862
isophon,109,2,750.0,-10.468619096598772
isophon,109,2,1000.0,1.2156334556014272
isophon,109,2,1500.0,-4.63725781358248
isophon,109,2,2000.0,1.1936432829759624
isophon,109,2,3000.0,-7.463921930952679
isophon,109,2,4000.0,-9.136186970567195
isophon,109,2,6000.0,-18.08023951795394
isophon,109,2,8000.0,-18.550918777955076
isophon,109,3,250.0,4.941742985070135
isophon,109,3,500.0,-3.3872745416417445
isophon,109,3,750.0,-6.9324616323481365
isophon,109,3,1000.0,-1.841737217585944
isophon,109,3,1500.0,-4.315934268465966
isophon,109,3,2000.0,3.055781339584513
isophon,109,3,3000.0,-2.2241141349200433
isophon,109,3,4000.0,-3.2597050918117674
isophon,109,3,6000.0,-7.16097687828028
isophon,109,3,8000.0,-13.654126813627016
isophon,109,4,250.0,7.314389786407631
isophon,109,4,500.0,-4.082383874528787
isophon,109,4,750.0,-2.0320135912107986
isophon,109,4,1000.0,-1.569492852062865
isophon,109,4,1500.0,0.3891320053247398
isophon,109,4,2000.0,-4.56095551162737
isophon,109,4,3000.0,2.0128834079076086
isophon,109,4,4000.0,5.424543208177511
isophon,109,4,6000.0,1.3416544681405753
isophon,109,4,8000.0,-8.213875291243227
isophon,109,5,250.0,4.664522713685756
isophon,109,5,500.0,-6.7016410700014575
isophon,109,5,750.0,0.9184672921876427
isophon,109,5,1000.0,1.1888765477956724
isophon,109,5,1500.0,4.375475964610928
isophon,109,5,2000.0,-1.3003718593744935
isophon,109,5,3000.0,1.5029701643483975
isophon,109,5,4000.0,4.2609459320587035
isophon,109,5,6000.0,-3.658592303413897
isophon,109,5,8000.0,-8.785567980147292
isophon,109,6,250.0,8.985941667955444
isophon,109,6,500.0,-3.223940330264213
isophon,109,6,750.0,-1.1229717947284996
isophon,109,6,1000.0,-5.261904266153124
isophon,109,6,1500.0,-0.702356804282843
isophon,109,6,2000.0,-4.479634029459689
isophon,109,6,3000.0,-5.3495959269514515
isophon,109,6,4000.0,-6.445975422011486
isophon,109,6,6000.0,-6.892838322617536
isophon,109,6,8000.0,-4.047837375766733
isophon,109,7,250.0,5.9431743652865805
isophon,109,7,500.0,-1.621234029274916
isophon,109,7,750.0,-1.9826859743994873
isophon,109,7,1000.0,-4.828772485570084
isophon,109,7,1500.0,-1.3047771865811058
isophon,109,7,2000.0,-4.106464221024069
isophon,109,7,3000.0,-8.50056824406468
isophon,109,7,4000.0,-8.230651095647502
isophon,109,7,6000.0,-5.9029411047580425
isophon,109,7,8000.0,-6.668023388249523
isophon,109,8,250.0,2.9890864378096182
isophon,109,8,500.0,-0.8153570206598317
isophon,109,8,750.0,-2.8859554503117693
isophon,109,8,1000.0,-5.609276818510708
isophon,109,8,1500.0,-4.14304599068295
isophon,109,8,2000.0,-6.117609771564773
isophon,109,8,3000.0,-6.88252580952954
isophon,109,8,4000.0,-7.311616873249434
isophon,109,8,6000.0,-5.455999935659676
isophon,109,8,8000.0,-6.463542607991812
isophon,109,9,250.0,1.815645179909282
isophon,109,9,500.0,-3.0717571682673395
isophon,109,9,750.0,-3.193178046329706
isophon,109,9,1000.0,-5.183841844181103
isophon,109,9,1500.0,-4.159334398683384
isophon,109,9,2000.0,-6.529701587022274
isophon,109,9,3000.0,-6.05753458577685
isophon,109,9,4000.0,-6.202199552277534
isophon,109,9,6000.0,-4.725384960640554
isophon,109,9,8000.0,-6.71139346225462
isophon,109,10,250.0,-5.276525781704322
isophon,109,10,500.0,-9.191410815773182
isophon,109,10,750.0,-1.6962496057106193
isophon,109,10,1000.0,-2.696005292397544
isophon,109,10,1500.0,-3.0758426788166275
isophon,109,10,2000.0,-4.639370844534753
isophon,109,10,3000.0,-4.447667547863915
isophon,109,10,4000.0,-5.104103753318071
isophon,109,10,6000.0,-3.897035174569311
isophon,109,10,8000.0,-5.133060788146963
isophon,110,1,250.0,-1.7285432770951132
isophon,110,1,500.0,12.164561504298673
isophon,110,1,750.0,24.79057342529297
isophon,110,1,1000.0,10.525280149952636
isophon,110,1,1500.0,6.477123446968868
isophon,110,1,2000.0,-7.237120950912953
isophon,110,1,3000.0,11.669227408315805
isophon,110,1,4000.0,18.167694187592673
isophon,110,1,6000.0,2.8233355583939215
isophon,110,1,8000.0,31.165133777946934
isophon,110,2,250.0,-1.8456672122660578
isophon,110,2,500.0,4.056422972877641
isophon,110,2,750.0,13.677544326782225
isophon,110,2,1000.0,2.3659204184227605
isophon,110,2,1500.0,-2.6152833830145426
isophon,110,2,2000.0,5.352625155097456
isophon,110,2,3000.0,-1.1724057866973254
isophon,110,2,4000.0,3.7549114804245107
isophon,110,2,6000.0,0.04598023084234626
isophon,110,2,8000.0,16.445511620970606
isophon,110,3,250.0,-4.121675097775011
isophon,110,3,500.0,-6.5829069189839515
isophon,110,3,750.0,3.0562264567407453
isophon,110,3,1000.0,-6.950163806567801
isophon,110,3,1500.0,-5.968924555484364
isophon,110,3,2000.0,5.229737750173484
isophon,110,3,3000.0,-0.797308295720839
isophon,110,3,4000.0,3.771602966304883
isophon,110,3,6000.0,3.7919352792012972
isophon,110,3,8000.0,16.07907805587108
isophon,110,4,250.0,0.34877879844063386
isophon,110,4,500.0,-3.2298766700012322
isophon,110,4,750.0,4.554308671550615
isophon,110,4,1000.0,-3.764037987026498
isophon,110,4,1500.0,-3.115115507608934
isophon,110,4,2000.0,3.2073068699599645
isophon,110,4,3000.0,1.2965730147996055
isophon,110,4,4000.0,8.877257372344104
isophon,110,4,6000.0,10.400152533521648
isophon,110,4,8000.0,17.333464345214495
isophon,110,5,250.0,1.6290836495975185
isophon,110,5,500.0,-0.3549938967286437
isophon,110,5,750.0,8.219299500028725
isophon,110,5,1000.0,3.011192792076187
isophon,110,5,1500.0,3.071432070966381
isophon,110,5,2000.0,7.603427355654276
isophon,110,5,3000.0,8.822277030180345
isophon,110,5,4000.0,12.195011913962944
isophon,110,5,6000.0,9.585537898059329
isophon,110,5,8000.0,16.812903594970706
isophon,110,6,250.0,-5.9168624732847945
isophon,110,6,500.0,5.713327154335005
isophon,110,6,750.0,11.933343536893958
isophon,110,6,1000.0,2.6818470203574947
isophon,110,6,1500.0,-1.0487173485083332
isophon,110,6,2000.0,8.393690389881442
isophon,110,6,3000.0,11.392277165030379
isophon,110,6,4000.0,15.68088789555307
isophon,110,6,6000.0,11.332163032642299
isophon,110,6,8000.0,18.36214126586914
isophon,110,7,250.0,0.15079299689915615
isophon,110,7,500.0,4.437224580763271
isophon,110,7,750.0,13.142158407597663
isophon,110,7,1000.0,8.477322942877208
isophon,110,7,1500.0,0.8382357250161334
isophon,110,7,2000.0,7.169967361725767
isophon,110,7,3000.0,12.632223356350067
isophon,110,7,4000.0,15.376198654808434
isophon,110,7,6000.0,10.62980140364212
isophon,110,7,8000.0,15.556684570312498
isophon,110,8,250.0,1.1123837175517934
isophon,110,8,500.0,1.1874611378850943
isophon,110,8,750.0,8.588838100770559
isophon,110,8,1000.0,1.3251733730706405
isophon,110,8,1500.0,2.1729887015327876
isophon,110,8,2000.0,5.218894676836925
isophon,110,8,3000.0,10.061563282777541
isophon,110,8,4000.0,13.26674260378526
isophon,110,8,6000.0,11.027858792522125
isophon,110,8,8000.0,14.980029602050777
isophon,110,9,250.0,0.7923113550298524
isophon,110,9,500.0,1.662867273393303
isophon,110,9,750.0,2.670223831885906
isophon,110,9,1000.0,-0.10134691299541032
isophon,110,9,1500.0,2.376099544113629
isophon,110,9,2000.0,5.931185344546478
isophon,110,9,3000.0,8.466116665525163
isophon,110,9,4000.0,10.596659329579694
isophon,110,9,6000.0,11.510481488034216
isophon,110,9,8000.0,13.850415191650384
isophon,110,10,250.0,4.5976256040569865
isophon,110,10,500.0,2.260275838579915
isophon,110,10,750.0,0.9905838012695369
isophon,110,10,1000.0,3.0308629434618695
isophon,110,10,1500.0,2.5193613904749554
isophon,110,10,2000.0,6.457047357839613
isophon,110,10,3000.0,9.840888649339178
isophon,110,10,4000.0,9.22965485524253
isophon,110,10,6000.0,11.599819054267485
isophon,110,10,8000.0,12.853727722167974
isophon,111,1,250.0,-5.938323274615314
isophon,111,1,500.0,-1.8740606943790112
isophon,111,1,750.0,-1.4399884071360987
isophon,111,1,1000.0,13.969421672102289
isophon,111,1,1500.0,2.0228041989737022
isophon,111,1,2000.0,9.314634215731402
isophon,111,1,3000.0,10.144203617890241
isophon,111,1,4000.0,11.700896677479228
isophon,111,1,6000.0,1.3291317708769839
isophon,111,1,8000.0,-22.841172447767967
isophon,111,2,250.0,11.291480674358596
isophon,111,2,500.0,-10.656622190443812
isophon,111,2,750.0,-4.903605429389572
isophon,111,2,1000.0,3.8156297461853086
isophon,111,2,1500.0,-11.627063096879056
isophon,111,2,2000.0,-2.736442043982393
isophon,111,2,3000.0,-3.9953157418660936
isophon,111,2,4000.0,-4.966585893079987
isophon,111,2,6000.0,8.470506195277352
isophon,111,2,8000.0,-5.252285207104627
isophon,111,3,250.0,12.305382099158848
isophon,111,3,500.0,-4.560437065230374
isophon,111,3,750.0,-4.657323590690851
isophon,111,3,1000.0,6.304884767826508
isophon,111,3,1500.0,-5.140516995751568
isophon,111,3,2000.0,-2.7449156325207014
isophon,111,3,3000.0,-0.5194991400229299
isophon,111,3,4000.0,-2.491193556643765
isophon,111,3,6000.0,9.54573486020584
isophon,111,3,8000.0,4.037130062188247
isophon,111,4,250.0,2.236917620142208
isophon,111,4,500.0,0.037082756486086055
isophon,111,4,750.0,-1.6041012504895065
isophon,111,4,1000.0,-0.3753364960559793
isophon,111,4,1500.0,-2.5924370073108207
isophon,111,4,2000.0,6.697947865157076
isophon,111,4,3000.0,3.10273297305298
isophon,111,4,4000.0,-1.0014870340910988
isophon,111,4,6000.0,-2.766855890793181
isophon,111,4,8000.0,8.639312587997495
isophon,111,5,250.0,-0.18134852196462248
isophon,111,5,500.0,-1.0122576822969762
isophon,111,5,750.0,-2.172218495018001
isophon,111,5,1000.0,-2.3412086115437774
isophon,111,5,1500.0,-6.889933125646053
isophon,111,5,2000.0,-0.8200769111855095
isophon,111,5,3000.0,0.09549575122275655
isophon,111,5,4000.0,-0.49475359192476276
isophon,111,5,6000.0,-3.387839244404077
isophon,111,5,8000.0,2.181690656127415
isophon,111,6,250.0,-2.3095200386067205
isophon,111,6,500.0,0.8082603380084379
isophon,111,6,750.0,3.6788720739396013
isophon,111,6,1000.0,2.541567114774594
isophon,111,6,1500.0,-1.0737190366447322
isophon,111,6,2000.0,1.358154520196166
isophon,111,6,3000.0,5.447412185894848
isophon,111,6,4000.0,3.8673359273670798
isophon,111,6,6000.0,-0.709905335467198
isophon,111,6,8000.0,-1.3903036770066421
isophon,111,7,250.0,1.2038880053644334
isophon,111,7,500.0,2.87078286181206
isophon,111,7,750.0,4.609094220093269
isophon,111,7,1000.0,-1.2591672234032387
isophon,111,7,1500.0,-0.11868076907727243
isophon,111,7,2000.0,2.2563264940138623
isophon,111,7,3000.0,0.11899674277347572
isophon,111,7,4000.0,5.787157567294514
isophon,111,7,6000.0,2.8130970047535726
isophon,111,7,8000.0,-2.6427686045445142
isophon,111,8,250.0,-0.32596258663430433
isophon,111,8,500.0,1.4864267510600087
isophon,111,8,750.0,-0.9949083801860183
isophon,111,8,1000.0,-3.4951532118548982
isophon,111,8,1500.0,-0.8855929480429268
isophon,111,8,2000.0,4.11290322216685
isophon,111,8,3000.0,2.3226574599564316
isophon,111,8,4000.0,0.28136686572281633
isophon,111,8,6000.0,3.236638030177957
isophon,111,8,8000.0,-0.6291976196365425
isophon,111,9,250.0,-1.8771831391296558
isophon,111,9,500.0,-1.4806150774529385
isophon,111,9,750.0,-3.9674223007912275
isophon,111,9,1000.0,-5.1164520381286
isophon,111,9,1500.0,-2.3600392008737714
isophon,111,9,2000.0,1.9010260038652405
isophon,111,9,3000.0,4.836425102912003
isophon,111,9,4000.0,-2.282983852206627
isophon,111,9,6000.0,3.838565263231075
isophon,111,9,8000.0,1.6156121599747308
isophon,111,10,250.0,-7.2525500615473675
isophon,111,10,500.0,1.1453754157970621
isophon,111,10,750.0,-2.0422139089135953
isophon,111,10,1000.0,-7.280244445800776
isophon,111,10,1500.0,-5.202882454527554
isophon,111,10,2000.0,-6.898581311648414
isophon,111,10,3000.0,2.1042262849776847
isophon,111,10,4000.0,-7.54320032911086
isophon,111,10,6000.0,-0.43251392094649077
isophon,111,10,8000.0,-2.948779253327956
isophon,112,1,250.0,1.1339205793165377
isophon,112,1,500.0,5.312801576599483
isophon,112,1,750.0,2.6292595552201306
isophon,112,1,1000.0,16.002238407015682
isophon,112,1,1500.0,7.888578062656791
isophon,112,1,2000.0,15.66325826466749
isophon,112,1,3000.0,-9.87816912700984
isophon,112,1,4000.0,-3.3028423294224467
isophon,112,1,6000.0,-3.519207772832033
isophon,112,1,8000.0,-5.156887992860021
isophon,112,2,250.0,5.657409043672004
isophon,112,2,500.0,7.937614994277396
isophon,112,2,750.0,4.932518489682195
isophon,112,2,1000.0,-3.7879775117172585
isophon,112,2,1500.0,-3.6344618478876782
isophon,112,2,2000.0,7.895552974290922
isophon,112,2,3000.0,-0.36761743249340384
isophon,112,2,4000.0,9.29209485769195
isophon,112,2,6000.0,-0.36624305646186883
isophon,112,2,8000.0,-10.74694327163671
isophon,112,3,250.0,6.088832563507111
isophon,112,3,500.0,-0.7335433617968476
isophon,112,3,750.0,-3.275812100613095
isophon,112,3,1000.0,-2.3262565054728555
isophon,112,3,1500.0,-0.8535606353723466
isophon,112,3,2000.0,-0.13128829324351443
isophon,112,3,3000.0,-2.962024383438731
isophon,112,3,4000.0,0.6784200866665202
isophon,112,3,6000.0,1.8669311237547674
isophon,112,3,8000.0,-11.588815067291009
isophon,112,4,250.0,-3.790201746383673
isophon,112,4,500.0,-1.6010296915816298
isophon,112,4,750.0,0.30692038605612026
isophon,112,4,1000.0,2.1607748645512146
isophon,112,4,1500.0,2.0334777978560226
isophon,112,4,2000.0,-3.204077689166681
isophon,112,4,3000.0,-10.92953649339735
isophon,112,4,4000.0,-2.2818005037448614
isophon,112,4,6000.0,-1.3842647753220945
isophon,112,4,8000.0,-10.308998020171884
isophon,112,5,250.0,1.2629535466600288
isophon,112,5,500.0,5.8851395894242415
isophon,112,5,750.0,2.04505084935532
isophon,112,5,1000.0,-1.7324358272894642
isophon,112,5,1500.0,2.7423717447347116
isophon,112,5,2000.0,-0.8365029178849284
isophon,112,5,3000.0,-6.690562865361514
isophon,112,5,4000.0,-0.6245424288174348
isophon,112,5,6000.0,0.05844812334660787
isophon,112,5,8000.0,-3.673338382720715
isophon,112,6,250.0,11.419861047880744
isophon,112,6,500.0,9.885362393066131
isophon,112,6,750.0,3.433937987679812
isophon,112,6,1000.0,2.6984818809124107
isophon,112,6,1500.0,9.34003291927273
isophon,112,6,2000.0,6.595336702956672
isophon,112,6,3000.0,0.9512222773691406
isophon,112,6,4000.0,9.207400219750923
isophon,112,6,6000.0,5.009354531712361
isophon,112,6,8000.0,-0.6234991283846227
isophon,112,7,250.0,11.533300476074217
isophon,112,7,500.0,13.02492121553189
isophon,112,7,750.0,7.192233045025134
isophon,112,7,1000.0,8.54658111568304
isophon,112,7,1500.0,14.802124988460633
isophon,112,7,2000.0,7.151019857563398
isophon,112,7,3000.0,7.411151826236718
isophon,112,7,4000.0,10.116781311035155
isophon,112,7,6000.0,3.2262465637243167
isophon,112,7,8000.0,-0.3791740246248594
isophon,112,8,250.0,11.85727645874023
isophon,112,8,500.0,16.558675030229153
isophon,112,8,750.0,10.632221085430317
isophon,112,8,1000.0,10.846888202512218
isophon,112,8,1500.0,13.250002985109091
isophon,112,8,2000.0,9.421788185790078
isophon,112,8,3000.0,13.172092215495539
isophon,112,8,4000.0,12.212359924316402
isophon,112,8,6000.0,5.396866637899194
isophon,112,8,8000.0,3.735134752230607
isophon,112,9,250.0,11.381874999999994
isophon,112,9,500.0,18.019316357133448
isophon,112,9,750.0,11.537031859489502
isophon,112,9,1000.0,11.351463729622594
isophon,112,9,1500.0,11.738820449954147
isophon,112,9,2000.0,11.942390812401953
isophon,112,9,3000.0,19.165297324621193
isophon,112,9,4000.0,12.306027374267572
isophon,112,9,6000.0,6.93947431299523
isophon,112,9,8000.0,7.902650926546997
isophon,112,10,250.0,9.572737121582037
isophon,112,10,500.0,11.397047424316412
isophon,112,10,750.0,11.236037692268184
isophon,112,10,1000.0,8.624584028292844
isophon,112,10,1500.0,9.4134960103124
isophon,112,10,2000.0,13.322593364690448
isophon,112,10,3000.0,17.614359756051925
isophon,112,10,4000.0,10.506655120849615
isophon,112,10,6000.0,8.526667413647559
isophon,112,10,8000.0,7.195234680175787
isophon,113,1,250.0,-1.3827920865659564
isophon,113,1,500.0,14.415061589235371
isophon,113,1,750.0,-4.896025114012716
isophon,113,1,1000.0,-0.8699672011627797
isophon,113,1,1500.0,11.68131967944025
isophon,113,1,2000.0,9.205686553546343
isophon,113,1,3000.0,13.236215477511166
isophon,113,1,4000.0,-2.270640261298425
isophon,113,1,6000.0,-8.060108880274342
isophon,113,1,8000.0,1.2595910716042482
isophon,113,2,250.0,-12.29476754687255
isophon,113,2,500.0,-0.7300750639819924
isophon,113,2,750.0,-6.65442172661956
isophon,113,2,1000.0,-11.287329778479247
isophon,113,2,1500.0,-5.929963522455438
isophon,113,2,2000.0,3.2822206570490664
isophon,113,2,3000.0,-2.2652620845125426
isophon,113,2,4000.0,4.354399838063557
isophon,113,2,6000.0,1.262578124008229
isophon,113,2,8000.0,7.383590189721701
isophon,113,3,250.0,-8.497947821950277
isophon,113,3,500.0,1.289331078595481
isophon,113,3,750.0,1.7614929602638085
isophon,113,3,1000.0,-3.931443215575115
isophon,113,3,1500.0,-2.63443302370527
isophon,113,3,2000.0,3.891736200498343
isophon,113,3,3000.0,-0.7553868520273852
isophon,113,3,4000.0,-0.9092260407448123
isophon,113,3,6000.0,0.791927622344403
isophon,113,3,8000.0,5.9282044431303405
isophon,113,4,250.0,-4.0087218023064395
isophon,113,4,500.0,4.690567516444219
isophon,113,4,750.0,2.9850914522161247
isophon,113,4,1000.0,0.9291528195020788
isophon,113,4,1500.0,2.897103532765854
isophon,113,4,2000.0,1.2855289981721825
isophon,113,4,3000.0,1.5951716452063351
isophon,113,4,4000.0,-2.4248334025960077
isophon,113,4,6000.0,2.258220935734343
isophon,113,4,8000.0,8.334699636262386
isophon,113,5,250.0,0.03380629010209191
isophon,113,5,500.0,-4.541705396278488
isophon,113,5,750.0,-2.190890616140436
isophon,113,5,1000.0,-4.407028700193507
isophon,113,5,1500.0,-0.5510071056871482
isophon,113,5,2000.0,-2.3822153502093784
isophon,113,5,3000.0,-1.6888793620795184
isophon,113,5,4000.0,-6.80233739696375
isophon,113,5,6000.0,0.23871706513008917
isophon,113,5,8000.0,6.330756883543003
isophon,113,6,250.0,2.7306205387139784
isophon,113,6,500.0,1.0972193383283155
isophon,113,6,750.0,1.4891016670894004
isophon,113,6,1000.0,-1.1292020780806808
isophon,113,6,1500.0,-2.654697645969918
isophon,113,6,2000.0,2.193186171819079
isophon,113,6,3000.0,0.46768915097304387
isophon,113,6,4000.0,-4.302587793692254
isophon,113,6,6000.0,1.5074562313898525
isophon,113,6,8000.0,7.099636278498664
isophon,113,7,250.0,-3.1326227866889127
isophon,113,7,500.0,2.663240796553751
isophon,113,7,750.0,3.541830425871211
isophon,113,7,1000.0,1.4190463217308746
isophon,113,7,1500.0,-2.2786238373469843
isophon,113,7,2000.0,2.614527624168403
isophon,113,7,3000.0,0.2594103889278614
isophon,113,7,4000.0,-5.619920654296877
isophon,113,7,6000.0,1.1846502926691471
isophon,113,7,8000.0,6.43676961784459
isophon,113,8,250.0,-2.311312024896054
isophon,113,8,500.0,-0.17718209747340552
isophon,113,8,750.0,2.143650989281028
isophon,113,8,1000.0,3.1070277112362135
isophon,113,8,1500.0,0.07907847012101854
isophon,113,8,2000.0,4.089731978136143
isophon,113,8,3000.0,1.976108518463846
isophon,113,8,4000.0,-4.67574356079102
isophon,113,8,6000.0,1.502965264592973
isophon,113,8,8000.0,6.157896100857897
isophon,113,9,250.0,-2.1824139704256
isophon,113,9,500.0,-3.660563729640529
isophon,113,9,750.0,0.9158016210447499
isophon,113,9,1000.0,3.037783629925812
isophon,113,9,1500.0,2.4116880751903125
isophon,113,9,2000.0,2.9559152602678154
isophon,113,9,3000.0,2.254098630409601
isophon,113,9,4000.0,-4.166087188720709
isophon,113,9,6000.0,2.25280642059883
isophon,113,9,8000.0,5.12475931606815
isophon,113,10,250.0,1.9108970317141143
isophon,113,10,500.0,-0.3232731896595453
isophon,113,10,750.0,1.9067096558859191
isophon,113,10,1000.0,-6.225493496242095
isophon,113,10,1500.0,-3.3721758763263665
isophon,113,10,2000.0,-1.2775568431185036
isophon,113,10,3000.0,-4.218447758474042
isophon,113,10,4000.0,-2.868688201904291
isophon,113,10,6000.0,-1.158067321777338
isophon,113,10,8000.0,4.072534902610144
isophon,114,1,250.0,0.21145126569050632
isophon,114,1,500.0,4.688713457923598
isophon,114,1,750.0,4.292265674272997
isophon,114,1,1000.0,-4.601190504973971
isophon,114,1,1500.0,-13.429707122759154
isophon,114,1,2000.0,-2.3861789565489175
isophon,114,1,3000.0,4.341478317788258
isophon,114,1,4000.0,-9.84673032966694
isophon,114,1,6000.0,-8.301113222147734
isophon,114,1,8000.0,-2.3724460420375237
isophon,114,2,250.0,11.767795864045304
isophon,114,2,500.0,3.7879154077093915
isophon,114,2,750.0,-3.930034855721118
isophon,114,2,1000.0,-1.9135801062142548
isophon,114,2,1500.0,-4.4763452313744665
isophon,114,2,2000.0,-1.7660716475274683
isophon,114,2,3000.0,-2.56898099109344
isophon,114,2,4000.0,-3.252730238989159
isophon,114,2,6000.0,-3.3916039296620255
isophon,114,2,8000.0,-2.4703126972880085
isophon,114,3,250.0,13.636920427854363
isophon,114,3,500.0,5.383438967339131
isophon,114,3,750.0,-1.231822114972985
isophon,114,3,1000.0,0.32882036767320244
isophon,114,3,1500.0,-0.7540955505940872
isophon,114,3,2000.0,2.6303565634767665
isophon,114,3,3000.0,0.23733805607611203
isophon,114,3,4000.0,-1.2115133818873147
isophon,114,3,6000.0,1.5947727981828734
isophon,114,3,8000.0,-1.462838057281303
isophon,114,4,250.0,20.826161850974813
isophon,114,4,500.0,7.234475012308934
isophon,114,4,750.0,1.603930175500679
isophon,114,4,1000.0,-0.8452764700798951
isophon,114,4,1500.0,1.2130276436748915
isophon,114,4,2000.0,5.89287057931989
isophon,114,4,3000.0,0.7399731652774193
isophon,114,4,4000.0,3.073101620984545
isophon,114,4,6000.0,3.713119130446856
isophon,114,4,8000.0,1.1908292995923944
isophon,114,5,250.0,2.5654251993553316
isophon,114,5,500.0,-4.091936581388296
isophon,114,5,750.0,-7.750981213247016
isophon,114,5,1000.0,-4.624423786374962
isophon,114,5,1500.0,-3.369415910745701
isophon,114,5,2000.0,2.7242155724795225
isophon,114,5,3000.0,4.079005444704251
isophon,114,5,4000.0,7.644560543072828
isophon,114,5,6000.0,1.1394219753159973
isophon,114,5,8000.0,-6.067092838073123
isophon,114,6,250.0,4.509871802448089
isophon,114,6,500.0,-0.40577074649119993
isophon,114,6,750.0,-3.057827746914498
isophon,114,6,1000.0,-4.3779335657068685
isophon,114,6,1500.0,-2.415071865819442
isophon,114,6,2000.0,-0.33856248986086257
isophon,114,6,3000.0,-1.1887629756349725
isophon,114,6,4000.0,1.1297058780900784
isophon,114,6,6000.0,-1.4510594680208868
isophon,114,6,8000.0,-1.7388527995012453
isophon,114,7,250.0,5.999144963540331
isophon,114,7,500.0,-1.8452544815558838
isophon,114,7,750.0,-2.7073777860105395
isophon,114,7,1000.0,-2.4915028871598537
isophon,114,7,1500.0,1.5671668943576549
isophon,114,7,2000.0,2.2031371262417565
isophon,114,7,3000.0,-2.6513781124661904
isophon,114,7,4000.0,-4.211744558365197
isophon,114,7,6000.0,-2.408797838161874
isophon,114,7,8000.0,-1.2973569261047686
isophon,114,8,250.0,5.011206950731733
isophon,114,8,500.0,-0.805697449762377
isophon,114,8,750.0,-0.24912253766392212
isophon,114,8,1000.0,0.4020347309089942
isophon,114,8,1500.0,4.183600884122697
isophon,114,8,2000.0,5.880523024677515
isophon,114,8,3000.0,0.43456592027884255
isophon,114,8,4000.0,-4.843667159109415
isophon,114,8,6000.0,-0.858474932052161
isophon,114,8,8000.0,1.2951594338063046
isophon,114,9,250.0,5.997709295618591
isophon,114,9,500.0,0.265169810150951
isophon,114,9,750.0,0.3499416742394459
isophon,114,9,1000.0,2.2752953201164985
isophon,114,9,1500.0,5.635969955063629
isophon,114,9,2000.0,8.143469246398027
isophon,114,9,3000.0,2.826882547683624
isophon,114,9,4000.0,-2.771816172909709
isophon,114,9,6000.0,-0.3726093252681011
isophon,114,9,8000.0,3.5842472146359654
isophon,114,10,250.0,6.8552907289768825
isophon,114,10,500.0,2.540799027932124
isophon,114,10,750.0,0.15363972758687794
isophon,114,10,1000.0,3.635866958067865
isophon,114,10,1500.0,2.7602753956895185
isophon,114,10,2000.0,5.962952930087525
isophon,114,10,3000.0,4.051336424147252
isophon,114,10,4000.0,-1.8053433658576807
isophon,114,10,6000.0,-2.3420291636847423
isophon,114,10,8000.0,4.423179806895945
isophon,115,1,250.0,0.1016961248540511
isophon,115,1,500.0,11.220943100251318
isophon,115,1,750.0,-21.22359176908183
isophon,115,1,1000.0,-9.627031873249408
isophon,115,1,1500.0,-19.38879822429505
isophon,115,1,2000.0,-24.12912904769945
isophon,115,1,3000.0,-12.041668035285568
isophon,115,1,4000.0,11.997325142056333
isophon,115,1,6000.0,12.177871837971452
isophon,115,1,8000.0,-3.481043719130824
isophon,115,2,250.0,6.038433975224507
isophon,115,2,500.0,-2.4838598123911737
isophon,115,2,750.0,-4.22498772948115
isophon,115,2,1000.0,4.935004377706541
isophon,115,2,1500.0,-1.027691806225178
isophon,115,2,2000.0,-5.0083005233698685
isophon,115,2,3000.0,0.6771807677990722
isophon,115,2,4000.0,-2.3948330630230856
isophon,115,2,6000.0,0.057430073787145375
isophon,115,2,8000.0,1.9397203439178128
isophon,115,3,250.0,1.9263794386083362
isophon,115,3,500.0,5.49637678221076
isophon,115,3,750.0,-2.1541086261133984
isophon,115,3,1000.0,4.151485081093838
isophon,115,3,1500.0,0.7466722316846983
isophon,115,3,2000.0,-4.3985717381686555
isophon,115,3,3000.0,-0.8069455408246
isophon,115,3,4000.0,-0.15355590237855665
isophon,115,3,6000.0,-3.496760770101403
isophon,115,3,8000.0,1.9841520218570565
isophon,115,4,250.0,-0.8183626442553589
isophon,115,4,500.0,3.7955438245099913
isophon,115,4,750.0,-3.003560051517141
isophon,115,4,1000.0,0.5174066007122207
isophon,115,4,1500.0,2.4011234047649026
isophon,115,4,2000.0,4.151461526821279
isophon,115,4,3000.0,-1.3833068024367066
isophon,115,4,4000.0,-3.898896515279347
isophon,115,4,6000.0,-5.237196513826319
isophon,115,4,8000.0,2.5646925190447973
isophon,115,5,250.0,1.215146433087412
isophon,115,5,500.0,-8.619108380985736
isophon,115,5,750.0,-2.0211116591425906
isophon,115,5,1000.0,-0.6161902931716696
isophon,115,5,1500.0,2.555007676288227
isophon,115,5,2000.0,3.234946650829272
isophon,115,5,3000.0,1.2365379785578625
isophon,115,5,4000.0,-3.1603897094726534
isophon,115,5,6000.0,-3.3409394657990674
isophon,115,5,8000.0,4.446145515960708
isophon,115,6,250.0,-10.431323852966557
isophon,115,6,500.0,-3.9444787153995264
isophon,115,6,750.0,-0.7433772248398895
isophon,115,6,1000.0,0.3558304208973624
isophon,115,6,1500.0,5.453282950487349
isophon,115,6,2000.0,2.0211138990052007
isophon,115,6,3000.0,4.58278289274638
isophon,115,6,4000.0,3.4739843750000006
isophon,115,6,6000.0,1.1552901694987412
isophon,115,6,8000.0,7.800315236343351
isophon,115,7,250.0,-6.650232681558009
isophon,115,7,500.0,-0.3304543528195296
isophon,115,7,750.0,4.743206691195368
isophon,115,7,1000.0,5.712992219562665
isophon,115,7,1500.0,3.52432891726653
isophon,115,7,2000.0,-1.133419365199785
isophon,115,7,3000.0,0.5890387779201234
isophon,115,7,4000.0,6.0359402465820295
isophon,115,7,6000.0,2.3648819932361675
isophon,115,7,8000.0,7.2274332569822946
isophon,115,8,250.0,-3.160132252598302
isophon,115,8,500.0,-1.6893807279701036
isophon,115,8,750.0,1.382710900430908
isophon,115,8,1000.0,1.665380308082547
isophon,115,8,1500.0,2.093356295503895
isophon,115,8,2000.0,-1.2791924633177842
isophon,115,8,3000.0,3.6171946257005345
isophon,115,8,4000.0,6.277892608642574
isophon,115,8,6000.0,3.7866828789395868
isophon,115,8,8000.0,8.267189892726321
isophon,115,9,250.0,-1.7295768959147182
isophon,115,9,500.0,-3.8173527322218064
isophon,115,9,750.0,-0.11652044775777881
isophon,115,9,1000.0,0.4644321538421252
isophon,115,9,1500.0,3.995829573299531
isophon,115,9,2000.0,-1.3295658193995052
isophon,115,9,3000.0,6.651797105098851
isophon,115,9,4000.0,5.661717376708978
isophon,115,9,6000.0,5.427279069215146
isophon,115,9,8000.0,9.062645975402347
isophon,115,10,250.0,-3.0898899182890887
isophon,115,10,500.0,-2.4723934425682046
isophon,115,10,750.0,-2.1769538879394474
isophon,115,10,1000.0,-2.5284744262694545
isophon,115,10,1500.0,5.814913843040813
isophon,115,10,2000.0,1.0613173384480206
isophon,115,10,3000.0,8.420470691000276
isophon,115,10,4000.0,5.923571014404303
isophon,115,10,6000.0,6.9880133520658205
isophon,115,10,8000.0,9.007382402192434
isophon,116,1,250.0,-0.5956348735854249
isophon,116,1,500.0,-0.17894324459783206
isophon,116,1,750.0,-11.79511506964969
isophon,116,1,1000.0,-10.853344104375473
isophon,116,1,1500.0,7.860213900163295
isophon,116,1,2000.0,10.186968983241641
isophon,116,1,3000.0,-0.7933274771140475
isophon,116,1,4000.0,17.249735993292717
isophon,116,1,6000.0,8.399898613129189
isophon,116,1,8000.0,-15.549199896188384
isophon,116,2,250.0,5.253164167777385
isophon,116,2,500.0,4.501395769064587
isophon,116,2,750.0,-2.626278463754147
isophon,116,2,1000.0,-3.644025940553007
isophon,116,2,1500.0,6.443556942959063
isophon,116,2,2000.0,-0.647931479276096
isophon,116,2,3000.0,4.454323473121335
isophon,116,2,4000.0,-4.372326318972512
isophon,116,2,6000.0,5.153989684068037
isophon,116,2,8000.0,-9.96686736711328
isophon,116,3,250.0,-2.183588062717533
isophon,116,3,500.0,-5.173974613307564
isophon,116,3,750.0,-3.502280634101254
isophon,116,3,1000.0,-3.6700512898113686
isophon,116,3,1500.0,4.077221012238752
isophon,116,3,2000.0,-3.0041720481572156
isophon,116,3,3000.0,-3.374919950746772
isophon,116,3,4000.0,0.8603445741280922
isophon,116,3,6000.0,1.453573606174558
isophon,116,3,8000.0,-5.6298190693042045
isophon,116,4,250.0,-4.185135475132228
isophon,116,4,500.0,-9.669240849838616
isophon,116,4,750.0,-8.869804751599446
isophon,116,4,1000.0,-7.43825138704031
isophon,116,4,1500.0,-6.560301933511994
isophon,116,4,2000.0,-3.4576756488607856
isophon,116,4,3000.0,-1.8984319826841585
isophon,116,4,4000.0,5.925316178822754
isophon,116,4,6000.0,-1.1968810844201414
isophon,116,4,8000.0,-3.7504156053581568
isophon,116,5,250.0,-6.706182291788423
isophon,116,5,500.0,-7.035082461876655
isophon,116,5,750.0,-7.560124010495954
isophon,116,5,1000.0,-10.977503061583192
isophon,116,5,1500.0,-6.800437010264659
isophon,116,5,2000.0,-2.1235339276403664
isophon,116,5,3000.0,-4.475347100306777
isophon,116,5,4000.0,-3.017939724623332
isophon,116,5,6000.0,-1.2959395747628832
isophon,116,5,8000.0,-4.222629297627918
isophon,116,6,250.0,-7.883978815954933
isophon,116,6,500.0,-6.0906514997498675
isophon,116,6,750.0,-8.050135486170518
isophon,116,6,1000.0,-8.129430893006358
isophon,116,6,1500.0,-5.471392450073097
isophon,116,6,2000.0,0.9970850919916217
isophon,116,6,3000.0,-2.8100034344163163
isophon,116,6,4000.0,-1.4019189697015833
isophon,116,6,6000.0,-0.49793983601909986
isophon,116,6,8000.0,-1.4460063961723222
isophon,116,7,250.0,-6.63718173483872
isophon,116,7,500.0,-13.227683310021845
isophon,116,7,750.0,-9.953315943112415
isophon,116,7,1000.0,-8.710535920322812
isophon,116,7,1500.0,-6.011218243266811
isophon,116,7,2000.0,-3.198372714583911
isophon,116,7,3000.0,-3.5438438711907025
isophon,116,7,4000.0,-0.532239915184249
isophon,116,7,6000.0,-0.039342965364284055
isophon,116,7,8000.0,-0.40234565309722825
isophon,116,8,250.0,-5.164849577940501
isophon,116,8,500.0,-12.819662681110387
isophon,116,8,750.0,-7.538261616615642
isophon,116,8,1000.0,-5.623473607140582
isophon,116,8,1500.0,-3.6579237664024333
isophon,116,8,2000.0,-1.2457941558585475
isophon,116,8,3000.0,-2.4881506964087947
isophon,116,8,4000.0,-7.621754623368531
isophon,116,8,6000.0,-1.9819834240890515
isophon,116,8,8000.0,-0.25670910469557384
isophon,116,9,250.0,-3.521140899049982
isophon,116,9,500.0,-12.390800021698709
isophon,116,9,750.0,-5.430124516021991
isophon,116,9,1000.0,-3.464039282696035
isophon,116,9,1500.0,-1.1889542991886088
isophon,116,9,2000.0,-3.091977204327492
isophon,116,9,3000.0,-2.4659335192277467
isophon,116,9,4000.0,-10.117142807434576
isophon,116,9,6000.0,-6.054675773314415
isophon,116,9,8000.0,-0.87679416873317
isophon,116,10,250.0,-0.9459241481296345
isophon,116,10,500.0,-9.388417042453
isophon,116,10,750.0,-3.3592324334908596
isophon,116,10,1000.0,-4.980756311878068
isophon,116,10,1500.0,0.7892655863261098
isophon,116,10,2000.0,-5.845279318764469
isophon,116,10,3000.0,-4.066374710143606
isophon,116,10,4000.0,-8.186303224513779
isophon,116,10,6000.0,-9.501202928678438
isophon,116,10,8000.0,-3.921399240585771
isophon,117,1,250.0,16.33086227596914
isophon,117,1,500.0,1.4112140067624068
isophon,117,1,750.0,-2.115836670970225
isophon,117,1,1000.0,-4.696689402862376
isophon,117,1,1500.0,3.2893945383179926
isophon,117,1,2000.0,4.457063905474001
isophon,117,1,3000.0,-0.7034554254510965
isophon,117,1,4000.0,-3.049473868583874
isophon,117,1,6000.0,-7.268646267824096
isophon,117,1,8000.0,-12.867847227882834
isophon,117,2,250.0,8.920679971386775
isophon,117,2,500.0,6.747245802019222
isophon,117,2,750.0,-2.7123672956296616
isophon,117,2,1000.0,-5.6880910554523325
isophon,117,2,1500.0,-3.5740307026812417
isophon,117,2,2000.0,-0.5862812552261971
isophon,117,2,3000.0,0.808072166098242
isophon,117,2,4000.0,3.765206106193702
isophon,117,2,6000.0,-1.694003322277993
isophon,117,2,8000.0,-6.426748154598499
isophon,117,3,250.0,7.073185668794167
isophon,117,3,500.0,10.445167623281876
isophon,117,3,750.0,-2.127544324681125
isophon,117,3,1000.0,-2.1664742244391277
isophon,117,3,1500.0,-0.09780502721601181
isophon,117,3,2000.0,1.8078236346195098
isophon,117,3,3000.0,2.050352742845618
isophon,117,3,4000.0,5.786372205271263
isophon,117,3,6000.0,-0.33861923971772967
isophon,117,3,8000.0,-10.775018601262246
isophon,117,4,250.0,1.6660250512399557
isophon,117,4,500.0,10.397051637901043
isophon,117,4,750.0,-1.1459785617775253
isophon,117,4,1000.0,-1.4558492207937945
isophon,117,4,1500.0,-0.02123177659231601
isophon,117,4,2000.0,2.7165622098865754
isophon,117,4,3000.0,0.8489563283058885
isophon,117,4,4000.0,6.720709812300001
isophon,117,4,6000.0,-5.775116232616725
isophon,117,4,8000.0,-14.495720870349999
isophon,117,5,250.0,-0.23009796430937968
isophon,117,5,500.0,11.53255088950894
isophon,117,5,750.0,-0.007542384605486063
isophon,117,5,1000.0,0.06661641634470072
isophon,117,5,1500.0,0.32770170615094685
isophon,117,5,2000.0,-2.7105072227491576
isophon,117,5,3000.0,-0.7225054222014933
isophon,117,5,4000.0,1.965520653362688
isophon,117,5,6000.0,-5.746335899754698
isophon,117,5,8000.0,-12.5158695864192
isophon,117,6,250.0,2.4345192520703876
isophon,117,6,500.0,-4.931197026470116
isophon,117,6,750.0,-7.783019025768979
isophon,117,6,1000.0,-4.099652597934181
isophon,117,6,1500.0,-2.364715638007226
isophon,117,6,2000.0,-2.959246579008635
isophon,117,6,3000.0,-4.319744674262452
isophon,117,6,4000.0,-3.411986448596309
isophon,117,6,6000.0,-4.267806964873827
isophon,117,6,8000.0,-9.236889257391312
isophon,117,7,250.0,-2.604470231168605
isophon,117,7,500.0,-3.7202867762176624
isophon,117,7,750.0,-5.581250134436203
isophon,117,7,1000.0,-7.190558342282969
isophon,117,7,1500.0,-9.02391594189254
isophon,117,7,2000.0,-3.414366973311303
isophon,117,7,3000.0,-2.807932628707448
isophon,117,7,4000.0,-3.8754606483773983
isophon,117,7,6000.0,-6.81982601706693
isophon,117,7,8000.0,-9.681563310324563
isophon,117,8,250.0,-2.603933690603384
isophon,117,8,500.0,-6.816611677083117
isophon,117,8,750.0,-6.200781256703181
isophon,117,8,1000.0,-7.254840311108254
isophon,117,8,1500.0,-7.062694672012199
isophon,117,8,2000.0,-7.822400270190613
isophon,117,8,3000.0,-4.010647006028762
isophon,117,8,4000.0,-2.8098792453166936
isophon,117,8,6000.0,-5.8076238273071255
isophon,117,8,8000.0,-9.643493439285194
isophon,117,9,250.0,-2.775602288575172
isophon,117,9,500.0,-6.349558532718262
isophon,117,9,750.0,-3.8950500756975828
isophon,117,9,1000.0,-5.717421367628603
isophon,117,9,1500.0,-5.105302616819898
isophon,117,9,2000.0,-5.701352106677476
isophon,117,9,3000.0,-2.832915607104553
isophon,117,9,4000.0,-4.390505112227217
isophon,117,9,6000.0,-5.813404059674255
isophon,117,9,8000.0,-10.416435950217604
isophon,117,10,250.0,-0.3207976147199645
isophon,117,10,500.0,-4.371784445916774
isophon,117,10,750.0,-2.162317617746723
isophon,117,10,1000.0,-1.7724477264867176
isophon,117,10,1500.0,-2.184207448086738
isophon,117,10,2000.0,-3.428330754782081
isophon,117,10,3000.0,-1.843178626687532
isophon,117,10,4000.0,-3.7221782353528994
isophon,117,10,6000.0,-4.073500172035466
isophon,117,10,8000.0,-8.189186295032641
isophon,118,1,250.0,28.956472354693634
isophon,118,1,500.0,-6.830653752461615
isophon,118,1,750.0,10.939766154274572
isophon,118,1,1000.0,3.632827848886336
isophon,118,1,1500.0,-2.4083110244328516
isophon,118,1,2000.0,11.866430581546897
isophon,118,1,3000.0,-12.927570190259758
isophon,118,1,4000.0,-11.61204138711605
isophon,118,1,6000.0,-1.926890801937276
isophon,118,1,8000.0,24.44508150338089
isophon,118,2,250.0,4.931397853999847
isophon,118,2,500.0,-0.36335686820246593
isophon,118,2,750.0,9.074451433720274
isophon,118,2,1000.0,0.7607315381739923
isophon,118,2,1500.0,6.301440358803333
isophon,118,2,2000.0,6.18838989563794
isophon,118,2,3000.0,-3.194125826301068
isophon,118,2,4000.0,-0.14341771246188273
isophon,118,2,6000.0,-2.1220712285869467
isophon,118,2,8000.0,20.248707700327117
isophon,118,3,250.0,0.3226420029704187
isophon,118,3,500.0,-3.63024813974112
isophon,118,3,750.0,0.8878577755774728
isophon,118,3,1000.0,5.7283041797607765
isophon,118,3,1500.0,9.253573430508276
isophon,118,3,2000.0,15.541350456553161
isophon,118,3,3000.0,-1.0197783653105787
isophon,118,3,4000.0,2.3988785316307712
isophon,118,3,6000.0,0.3102548057679826
isophon,118,3,8000.0,18.353877214003646
isophon,118,4,250.0,-5.635245668494264
isophon,118,4,500.0,-8.274518030421376
isophon,118,4,750.0,-2.0355022741785547
isophon,118,4,1000.0,-0.1853130907787559
isophon,118,4,1500.0,4.69412602655111
isophon,118,4,2000.0,4.062011206097587
isophon,118,4,3000.0,-8.104814118400569
isophon,118,4,4000.0,-1.990751249009719
isophon,118,4,6000.0,-1.0727185255741603
isophon,118,4,8000.0,18.58088551457476
isophon,118,5,250.0,16.739396859147405
isophon,118,5,500.0,0.2822237132062497
isophon,118,5,750.0,1.3230256137679959
isophon,118,5,1000.0,5.654883518595383
isophon,118,5,1500.0,1.6734599214973116
isophon,118,5,2000.0,-1.2727720274994994
isophon,118,5,3000.0,-2.662000512573073
isophon,118,5,4000.0,-0.02463702863893502
isophon,118,5,6000.0,3.180285460187264
isophon,118,5,8000.0,14.413534591326709
isophon,118,6,250.0,16.656585139849824
isophon,118,6,500.0,7.9750998983138
isophon,118,6,750.0,3.2963450730030956
isophon,118,6,1000.0,-3.525660776619162
isophon,118,6,1500.0,3.1179161951833265
isophon,118,6,2000.0,6.471894650636756
isophon,118,6,3000.0,9.45484301264544
isophon,118,6,4000.0,11.98734208432191
isophon,118,6,6000.0,11.616334531098445
isophon,118,6,8000.0,12.028106335855327
isophon,118,7,250.0,16.85679747147175
isophon,118,7,500.0,5.63148031454125
isophon,118,7,750.0,7.0662034779062
isophon,118,7,1000.0,4.349352260321069
isophon,118,7,1500.0,4.467785829089507
isophon,118,7,2000.0,14.08877416338862
isophon,118,7,3000.0,13.595614637181527
isophon,118,7,4000.0,21.95176173708373
isophon,118,7,6000.0,12.170416360011842
isophon,118,7,8000.0,14.092566712077414
isophon,118,8,250.0,17.333583417920636
isophon,118,8,500.0,10.244900996708353
isophon,118,8,750.0,9.214861183704343
isophon,118,8,1000.0,6.819968693071004
isophon,118,8,1500.0,10.121548192957022
isophon,118,8,2000.0,12.208105226023875
isophon,118,8,3000.0,12.90957717940583
isophon,118,8,4000.0,25.213773705240243
isophon,118,8,6000.0,16.303110922956563
isophon,118,8,8000.0,18.229195812057796
isophon,118,9,250.0,16.662000667743285
isophon,118,9,500.0,14.123463926529197
isophon,118,9,750.0,12.75201136197839
isophon,118,9,1000.0,6.853350610459813
isophon,118,9,1500.0,12.35711036547633
isophon,118,9,2000.0,14.640247167313419
isophon,118,9,3000.0,17.725317671168696
isophon,118,9,4000.0,26.18118274528537
isophon,118,9,6000.0,19.692899335889493
isophon,118,9,8000.0,22.080115830853728
isophon,118,10,250.0,13.231388054174104
isophon,118,10,500.0,14.796140196559591
isophon,118,10,750.0,13.821994351026873
isophon,118,10,1000.0,12.302562952654242
isophon,118,10,1500.0,15.62036900829709
isophon,118,10,2000.0,18.101655016613336
isophon,118,10,3000.0,18.151761935417852
isophon,118,10,4000.0,25.881553065559473
isophon,118,10,6000.0,22.3050371983646
isophon,118,10,8000.0,15.888451771360778
isophon,119,1,250.0,2.3283442840155715
isophon,119,1,500.0,-3.1333783490447047
isophon,119,1,750.0,-1.1768480577465894
isophon,119,1,1000.0,-9.49262167047462
isophon,119,1,1500.0,7.245099034062086
isophon,119,1,2000.0,2.7338485337627674
isophon,119,1,3000.0,20.36106457502636
isophon,119,1,4000.0,10.141770419732495
isophon,119,1,6000.0,28.925125565045818
isophon,119,1,8000.0,24.344028545524694
isophon,119,2,250.0,5.55206965562936
isophon,119,2,500.0,1.3552866171236673
isophon,119,2,750.0,-7.817191957417364
isophon,119,2,1000.0,-6.081779381508596
isophon,119,2,1500.0,1.852004424828067
isophon,119,2,2000.0,3.837445408880825
isophon,119,2,3000.0,11.418017513455155
isophon,119,2,4000.0,0.8169371834960373
isophon,119,2,6000.0,16.72545314227871
isophon,119,2,8000.0,7.8218950053455245
isophon,119,3,250.0,-0.4046829682579869
isophon,119,3,500.0,-6.422811465976849
isophon,119,3,750.0,-5.558618462156247
isophon,119,3,1000.0,3.4445625306908454
isophon,119,3,1500.0,1.1106736837621725
isophon,119,3,2000.0,-1.8125997183297358
isophon,119,3,3000.0,5.130227405059458
isophon,119,3,4000.0,-8.199528228024548
isophon,119,3,6000.0,13.469182906187513
isophon,119,3,8000.0,3.5318953269965903
isophon,119,4,250.0,-4.304018318044001
isophon,119,4,500.0,-6.943791987775853
isophon,119,4,750.0,-5.172028471545161
isophon,119,4,1000.0,1.7199978819828772
isophon,119,4,1500.0,-0.5604100957416449
isophon,119,4,2000.0,-5.819234151111701
isophon,119,4,3000.0,9.303670515685823
isophon,119,4,4000.0,-2.354980792209659
isophon,119,4,6000.0,4.698647271778356
isophon,119,4,8000.0,-4.3299241587992015
isophon,119,5,250.0,-1.2386350968349547
isophon,119,5,500.0,-2.9976630335800536
isophon,119,5,750.0,0.5117904655917727
isophon,119,5,1000.0,3.1447879054672825
isophon,119,5,1500.0,-5.669623936503555
isophon,119,5,2000.0,-6.8982875227809615
isophon,119,5,3000.0,4.901402968920024
isophon,119,5,4000.0,-4.9341133316910515
isophon,119,5,6000.0,3.86648514014027
isophon,119,5,8000.0,-4.733228714844927
isophon,119,6,250.0,-2.9820618121813993
isophon,119,6,500.0,3.780227541566788
isophon,119,6,750.0,4.918534491906925
isophon,119,6,1000.0,5.239565117215335
isophon,119,6,1500.0,-0.4010602463180106
isophon,119,6,2000.0,-0.4798834270964818
isophon,119,6,3000.0,7.278730452543812
isophon,119,6,4000.0,-0.7989779350738644
isophon,119,6,6000.0,3.671841793106509
isophon,119,6,8000.0,-1.5284585996822244
isophon,119,7,250.0,-2.838498645654326
isophon,119,7,500.0,4.310448013635622
isophon,119,7,750.0,-0.7506440949850628
isophon,119,7,1000.0,3.6906739319185817
isophon,119,7,1500.0,1.1139333858814098
isophon,119,7,2000.0,0.5509885390143126
isophon,119,7,3000.0,5.506527458373142
isophon,119,7,4000.0,0.31383791181089293
isophon,119,7,6000.0,6.498279816858428
isophon,119,7,8000.0,-0.4408386669930735
isophon,119,8,250.0,-1.81882032050693
isophon,119,8,500.0,-4.357761165905572
isophon,119,8,750.0,-1.4656756987713777
isophon,119,8,1000.0,2.9792762514528874
isophon,119,8,1500.0,-1.7407545200175747
isophon,119,8,2000.0,2.234010944787741
isophon,119,8,3000.0,3.727045173961187
isophon,119,8,4000.0,0.527983354724725
isophon,119,8,6000.0,2.3696018190360064
isophon,119,8,8000.0,0.651418204896828
isophon,119,9,250.0,-2.944408430552656
isophon,119,9,500.0,-5.827988507051288
isophon,119,9,750.0,-3.3804986142095146
isophon,119,9,1000.0,2.8080227174460504
isophon,119,9,1500.0,-2.8277845764159792
isophon,119,9,2000.0,3.5397554112804954
isophon,119,9,3000.0,0.38092906029959295
isophon,119,9,4000.0,0.40853125778242827
isophon,119,9,6000.0,-0.13274932191909272
isophon,119,9,8000.0,0.6463269848879207
isophon,119,10,250.0,-7.336534643409635
isophon,119,10,500.0,-3.7096045223258045
isophon,119,10,750.0,-1.376410260671932
isophon,119,10,1000.0,-3.1369368774072086
isophon,119,10,1500.0,-0.8418479919433253
isophon,119,10,2000.0,5.5678761991175065
isophon,119,10,3000.0,1.30494949800935
isophon,119,10,4000.0,0.6234692279766705
isophon,119,10,6000.0,-0.17688785860863732
isophon,119,10,8000.0,-6.550495832803776
isophon,120,1,250.0,3.049612023806489
isophon,120,1,500.0,24.667110822240332
isophon,120,1,750.0,-11.217600310188786
isophon,120,1,1000.0,-1.0147720084424066
isophon,120,1,1500.0,-9.110143995180891
isophon,120,1,2000.0,-10.688734052801891
isophon,120,1,3000.0,-11.190265684542297
isophon,120,1,4000.0,1.466380317837583
isophon,120,1,6000.0,-1.8766077036037814
isophon,120,1,8000.0,-32.75517978940651
isophon,120,2,250.0,6.002638525530266
isophon,120,2,500.0,-1.2202559113357694
isophon,120,2,750.0,-5.446003659656718
isophon,120,2,1000.0,3.2392970565394137
isophon,120,2,1500.0,4.120412636034885
isophon,120,2,2000.0,-5.163577545514741
isophon,120,2,3000.0,-1.071642035719151
isophon,120,2,4000.0,-13.687420343296523
isophon,120,2,6000.0,-19.05857942288577
isophon,120,2,8000.0,-26.712871328901528
isophon,120,3,250.0,0.5262228402668114
isophon,120,3,500.0,4.476509482529245
isophon,120,3,750.0,-6.278959852919826
isophon,120,3,1000.0,1.8283535198144065
isophon,120,3,1500.0,2.8931708193713632
isophon,120,3,2000.0,-6.131854100283093
isophon,120,3,3000.0,-3.583342199366669
isophon,120,3,4000.0,-10.791434320347307
isophon,120,3,6000.0,-21.788152032964845
isophon,120,3,8000.0,-26.881996723608353
isophon,120,4,250.0,-2.47106641955088
isophon,120,4,500.0,2.1365215143113687
isophon,120,4,750.0,-8.056694969729818
isophon,120,4,1000.0,-1.1084631502643987
isophon,120,4,1500.0,0.6894816909427703
isophon,120,4,2000.0,-1.3759945270233658
isophon,120,4,3000.0,-3.494886777367938
isophon,120,4,4000.0,-11.971432983785206
isophon,120,4,6000.0,-21.1755311744201
isophon,120,4,8000.0,-24.9589167013048
isophon,120,5,250.0,1.5502471957975672
isophon,120,5,500.0,-9.715379669606179
isophon,120,5,750.0,-5.891469172570112
isophon,120,5,1000.0,-1.3275664833572876
isophon,120,5,1500.0,0.8522008879431695
isophon,120,5,2000.0,0.7272542453067672
isophon,120,5,3000.0,-2.1654128717991625
isophon,120,5,4000.0,-10.423069763183591
isophon,120,5,6000.0,-16.055699579927165
isophon,120,5,8000.0,-18.407348107104426
isophon,120,6,250.0,-8.233454516311468
isophon,120,6,500.0,-2.461616757967093
isophon,120,6,750.0,-1.808333889878753
isophon,120,6,1000.0,1.2737991708972913
isophon,120,6,1500.0,6.443229657450232
isophon,120,6,2000.0,7.714287804286073
isophon,120,6,3000.0,4.372815496006183
isophon,120,6,4000.0,-0.8732217407226557
isophon,120,6,6000.0,-9.432754328462323
isophon,120,6,8000.0,-13.148832462416095
isophon,120,7,250.0,-3.9710999737906434
isophon,120,7,500.0,2.482731155473843
isophon,120,7,750.0,4.999722194125269
isophon,120,7,1000.0,5.66823056184775
isophon,120,7,1500.0,5.084384117760521
isophon,120,7,2000.0,5.644913259748151
isophon,120,7,3000.0,-0.026689810045169793
isophon,120,7,4000.0,3.522935943603514
isophon,120,7,6000.0,-5.0449165066806785
isophon,120,7,8000.0,-11.650395893246326
isophon,120,8,250.0,-0.5796176913401041
isophon,120,8,500.0,1.685031232238913
isophon,120,8,750.0,2.140607323770979
isophon,120,8,1000.0,1.5350473613051037
isophon,120,8,1500.0,4.189780503431578
isophon,120,8,2000.0,5.360985694372189
isophon,120,8,3000.0,2.3627581787109335
isophon,120,8,4000.0,4.714499969482418
isophon,120,8,6000.0,-2.426194125088884
isophon,120,8,8000.0,-8.421373921842331
isophon,120,9,250.0,1.1500533430231172
isophon,120,9,500.0,-0.021101492664499233
isophon,120,9,750.0,0.636565642330325
isophon,120,9,1000.0,0.00043908133228853785
isophon,120,9,1500.0,6.222463861021112
isophon,120,9,2000.0,5.63426078111398
isophon,120,9,3000.0,6.029625854492181
isophon,120,9,4000.0,4.793095550537103
isophon,120,9,6000.0,0.6271519747646295
isophon,120,9,8000.0,-4.640382595535812
isophon,120,10,250.0,-0.3021190920704129
isophon,120,10,500.0,0.9440552507181508
isophon,120,10,750.0,-1.3229461669919687
isophon,120,10,1000.0,-1.8951316833496037
isophon,120,10,1500.0,9.077454905912958
isophon,120,10,2000.0,8.315764836782947
isophon,120,10,3000.0,6.426744842529303
isophon,120,10,4000.0,4.821207427978521
isophon,120,10,6000.0,3.203691433993157
isophon,120,10,8000.0,-1.5924496536230208
isophon,121,1,250.0,-12.698204031477275
isophon,121,1,500.0,11.53572821093912
isophon,121,1,750.0,10.058467580598148
isophon,121,1,1000.0,15.76998634117654
isophon,121,1,1500.0,2.2757035097942477
isophon,121,1,2000.0,10.940886625991233
isophon,121,1,3000.0,13.747684554084252
isophon,121,1,4000.0,9.863387942758536
isophon,121,1,6000.0,-17.25082744075455
isophon,121,1,8000.0,3.7692659556425383
isophon,121,2,250.0,-7.441393269320727
isophon,121,2,500.0,0.8736787485771984
isophon,121,2,750.0,4.934146496785168
isophon,121,2,1000.0,6.6653193211070985
isophon,121,2,1500.0,-3.2150539392195228
isophon,121,2,2000.0,-1.7728544208679082
isophon,121,2,3000.0,-4.714365829811548
isophon,121,2,4000.0,-0.9741307138026514
isophon,121,2,6000.0,-0.41289325063448246
isophon,121,2,8000.0,6.286707966737225
isophon,121,3,250.0,-1.0706362546672068
isophon,121,3,500.0,-0.9848295362309614
isophon,121,3,750.0,0.6350899615386538
isophon,121,3,1000.0,4.574063808837153
isophon,121,3,1500.0,-1.3184135591444033
isophon,121,3,2000.0,8.537892311559588
isophon,121,3,3000.0,4.214504502889234
isophon,121,3,4000.0,2.4822696507297337
isophon,121,3,6000.0,-5.00430751410731
isophon,121,3,8000.0,12.886896494100043
isophon,121,4,250.0,6.690772799496159
isophon,121,4,500.0,1.4109600809805585
isophon,121,4,750.0,-1.360198824328421
isophon,121,4,1000.0,5.381701840656724
isophon,121,4,1500.0,-4.932001448026654
isophon,121,4,2000.0,1.4785736715247424
isophon,121,4,3000.0,4.595587572680145
isophon,121,4,4000.0,8.651595629465461
isophon,121,4,6000.0,-1.6936066779256862
isophon,121,4,8000.0,15.649321542216029
isophon,121,5,250.0,0.2410375528654356
isophon,121,5,500.0,-1.1873485115904998
isophon,121,5,750.0,-4.15020279225385
isophon,121,5,1000.0,-5.8739277537982275
isophon,121,5,1500.0,-7.373103483541215
isophon,121,5,2000.0,6.356814608573131
isophon,121,5,3000.0,5.741991620883965
isophon,121,5,4000.0,8.044200788590217
isophon,121,5,6000.0,1.1167319035926653
isophon,121,5,8000.0,16.603092926702345
isophon,121,6,250.0,5.965109113966875
isophon,121,6,500.0,8.534158273840546
isophon,121,6,750.0,1.5663974816063444
isophon,121,6,1000.0,-2.250550227450077
isophon,121,6,1500.0,-7.478255464381903
isophon,121,6,2000.0,-11.662633391372566
isophon,121,6,3000.0,-3.4144429244496592
isophon,121,6,4000.0,10.716484370387633
isophon,121,6,6000.0,-0.7520826593438414
isophon,121,6,8000.0,15.51101089023301
isophon,121,7,250.0,9.914583451446319
isophon,121,7,500.0,6.453326832671777
isophon,121,7,750.0,6.110042316184703
isophon,121,7,1000.0,1.2868649480566603
isophon,121,7,1500.0,-5.221275623065964
isophon,121,7,2000.0,-8.946671043020189
isophon,121,7,3000.0,-0.2884010989641581
isophon,121,7,4000.0,10.20074070967415
isophon,121,7,6000.0,-1.6826642555147515
isophon,121,7,8000.0,14.380408713138479
isophon,121,8,250.0,8.846761752028584
isophon,121,8,500.0,7.3213359589449425
isophon,121,8,750.0,7.441078576388733
isophon,121,8,1000.0,3.807218492003159
isophon,121,8,1500.0,-4.613674394291891
isophon,121,8,2000.0,-5.593787101325347
isophon,121,8,3000.0,3.2783031992392324
isophon,121,8,4000.0,9.83518730536261
isophon,121,8,6000.0,-0.6547360229492227
isophon,121,8,8000.0,13.971400104816283
isophon,121,9,250.0,7.9431492897822835
isophon,121,9,500.0,8.914837992518429
isophon,121,9,750.0,6.797507730436152
isophon,121,9,1000.0,6.12522989598547
isophon,121,9,1500.0,-2.468646072129445
isophon,121,9,2000.0,-3.180438135268787
isophon,121,9,3000.0,6.448592481929481
isophon,121,9,4000.0,7.550404817521425
isophon,121,9,6000.0,1.0510873413085875
isophon,121,9,8000.0,14.067802509274287
isophon,121,10,250.0,0.9670463286288822
isophon,121,10,500.0,0.5336664971187304
isophon,121,10,750.0,1.2386244817219705
isophon,121,10,1000.0,2.9454919600520384
isophon,121,10,1500.0,-2.9485230429238953
isophon,121,10,2000.0,-5.41446108180925
isophon,121,10,3000.0,6.068696646373979
isophon,121,10,4000.0,5.188114264459813
isophon,121,10,6000.0,2.4784835815429744
isophon,121,10,8000.0,12.396150096383323
isophon,122,1,250.0,0.8961809844198569
isophon,122,1,500.0,12.53546410597383
isophon,122,1,750.0,-1.0637850625140999
isophon,122,1,1000.0,-2.924526620639085
isophon,122,1,1500.0,-17.899794911994206
isophon,122,1,2000.0,-16.506393899681314
isophon,122,1,3000.0,-15.581238227358597
isophon,122,1,4000.0,-21.791774938918344
isophon,122,1,6000.0,-19.47125608085861
isophon,122,1,8000.0,-19.70403697763797
isophon,122,2,250.0,-3.2389184758899887
isophon,122,2,500.0,7.806173378324388
isophon,122,2,750.0,6.698961307118211
isophon,122,2,1000.0,3.8322578943564736
isophon,122,2,1500.0,-0.5677244106168047
isophon,122,2,2000.0,2.824012931573975
isophon,122,2,3000.0,-12.500929487023669
isophon,122,2,4000.0,-14.251888105396546
isophon,122,2,6000.0,-18.740316415251897
isophon,122,2,8000.0,-31.211441340804313
isophon,122,3,250.0,2.067295330131273
isophon,122,3,500.0,9.685244025897234
isophon,122,3,750.0,8.375893590643216
isophon,122,3,1000.0,5.07401067389543
isophon,122,3,1500.0,0.0650634773627985
isophon,122,3,2000.0,3.155486576178461
isophon,122,3,3000.0,-5.453134255155035
isophon,122,3,4000.0,-8.454362811266577
isophon,122,3,6000.0,-6.814130983841764
isophon,122,3,8000.0,-19.02696675309207
isophon,122,4,250.0,10.849416766125671
isophon,122,4,500.0,11.355258415863744
isophon,122,4,750.0,10.997078174582967
isophon,122,4,1000.0,9.481202645421774
isophon,122,4,1500.0,3.396296972950225
isophon,122,4,2000.0,2.7221009539185417
isophon,122,4,3000.0,-2.1821573631235083
isophon,122,4,4000.0,-3.4505917029693194
isophon,122,4,6000.0,-1.605843710421965
isophon,122,4,8000.0,-7.885272143289114
isophon,122,5,250.0,13.41243286132817
isophon,122,5,500.0,7.348827258886317
isophon,122,5,750.0,9.392767727202312
isophon,122,5,1000.0,11.585821767232204
isophon,122,5,1500.0,4.797807615763588
isophon,122,5,2000.0,4.865883352438274
isophon,122,5,3000.0,-0.37535693058048025
isophon,122,5,4000.0,-0.879809397248053
isophon,122,5,6000.0,0.6955761938084919
isophon,122,5,8000.0,-6.555945251200129
isophon,122,6,250.0,17.312981262207074
isophon,122,6,500.0,13.450597125829674
isophon,122,6,750.0,14.922827085513902
isophon,122,6,1000.0,13.058845830972444
isophon,122,6,1500.0,3.8370540993369815
isophon,122,6,2000.0,3.3455181727167087
isophon,122,6,3000.0,3.3700588215572083
isophon,122,6,4000.0,3.554424741482393
isophon,122,6,6000.0,-0.19897456385150747
isophon,122,6,8000.0,-6.6046043108132295
isophon,122,7,250.0,16.001218872070353
isophon,122,7,500.0,16.04342915707967
isophon,122,7,750.0,15.006179594058821
isophon,122,7,1000.0,15.52852736010972
isophon,122,7,1500.0,7.431543158737128
isophon,122,7,2000.0,8.001280075318675
isophon,122,7,3000.0,3.517137915621788
isophon,122,7,4000.0,7.495960621936774
isophon,122,7,6000.0,0.5690457468755881
isophon,122,7,8000.0,-8.997856409761255
isophon,122,8,250.0,14.799563903808618
isophon,122,8,500.0,13.045815054883931
isophon,122,8,750.0,13.963948889616475
isophon,122,8,1000.0,14.394181809428332
isophon,122,8,1500.0,7.077782432142158
isophon,122,8,2000.0,7.535878701160982
isophon,122,8,3000.0,5.240399168200028
isophon,122,8,4000.0,7.26053948010815
isophon,122,8,6000.0,0.5550692626113971
isophon,122,8,8000.0,-5.824911001738599
isophon,122,9,250.0,13.57833190917971
isophon,122,9,500.0,9.201069793701166
isophon,122,9,750.0,9.2869875972482
isophon,122,9,1000.0,13.467526923888244
isophon,122,9,1500.0,5.208209986734886
isophon,122,9,2000.0,5.321527948538758
isophon,122,9,3000.0,7.450084372384865
isophon,122,9,4000.0,5.991978382495958
isophon,122,9,6000.0,1.671758586855077
isophon,122,9,8000.0,-3.3192653561895042
isophon,122,10,250.0,10.209200286865254
isophon,122,10,500.0,8.100195312500006
isophon,122,10,750.0,4.93973388671877
isophon,122,10,1000.0,9.075339547195597
isophon,122,10,1500.0,3.6616070905469797
isophon,122,10,2000.0,4.6541947302962825
isophon,122,10,3000.0,6.601503089833614
isophon,122,10,4000.0,4.204590430365201
isophon,122,10,6000.0,1.2823354724625347
isophon,122,10,8000.0,-1.8843450454738644
isophon,123,1,250.0,-2.2733308601656574
isophon,123,1,500.0,-14.7916092195088
isophon,123,1,750.0,12.698695192216803
isophon,123,1,1000.0,-4.419101361042564
isophon,123,1,1500.0,-4.521198713110007
isophon,123,1,2000.0,-18.914105229924346
isophon,123,1,3000.0,-13.102681438694532
isophon,123,1,4000.0,1.8533082740923845
isophon,123,1,6000.0,-17.102134692354937
isophon,123,1,8000.0,-6.571052164635695
isophon,123,2,250.0,0.9820212302416067
isophon,123,2,500.0,3.3663328346142976
isophon,123,2,750.0,7.552156135334428
isophon,123,2,1000.0,0.530286472365745
isophon,123,2,1500.0,1.1006412779780277
isophon,123,2,2000.0,7.0406331038187915
isophon,123,2,3000.0,-0.20798233706101144
isophon,123,2,4000.0,5.89376043103303
isophon,123,2,6000.0,-12.939644808714831
isophon,123,2,8000.0,-5.8605940121697415
isophon,123,3,250.0,0.9609246904459781
isophon,123,3,500.0,6.056091903144747
isophon,123,3,750.0,4.188157906103385
isophon,123,3,1000.0,0.7720986671683079
isophon,123,3,1500.0,1.265504570291597
isophon,123,3,2000.0,3.6568977483009917
isophon,123,3,3000.0,-3.3970186555424675
isophon,123,3,4000.0,3.308983054891229
isophon,123,3,6000.0,-11.454068234671581
isophon,123,3,8000.0,-2.720889420919889
isophon,123,4,250.0,-5.533722005082026
isophon,123,4,500.0,15.252598097163471
isophon,123,4,750.0,2.992493199990136
isophon,123,4,1000.0,0.5752418975175715
isophon,123,4,1500.0,-1.093290865055991
isophon,123,4,2000.0,-0.4949736681333263
isophon,123,4,3000.0,-7.414745903224727
isophon,123,4,4000.0,0.0853441931043335
isophon,123,4,6000.0,-8.675468172245758
isophon,123,4,8000.0,-0.4908077762181051
isophon,123,5,250.0,-1.1634241535195429
isophon,123,5,500.0,9.217066390091077
isophon,123,5,750.0,3.4618367119849722
isophon,123,5,1000.0,-2.2800754792220346
isophon,123,5,1500.0,-5.354818764882623
isophon,123,5,2000.0,1.368862980774324
isophon,123,5,3000.0,-1.3235024078989994
isophon,123,5,4000.0,5.772133447566574
isophon,123,5,6000.0,-5.875411705636125
isophon,123,5,8000.0,3.6796908178236976
isophon,123,6,250.0,-5.65709697202513
isophon,123,6,500.0,-2.836720643609752
isophon,123,6,750.0,-0.7834741849801645
isophon,123,6,1000.0,-5.11703115737896
isophon,123,6,1500.0,-8.36995619449975
isophon,123,6,2000.0,-0.5242543466116985
isophon,123,6,3000.0,-4.649840970849468
isophon,123,6,4000.0,4.7446722918142115
isophon,123,6,6000.0,-6.6614798895065945
isophon,123,6,8000.0,-5.324365991248854
isophon,123,7,250.0,-3.207747149027071
isophon,123,7,500.0,-4.196224362019819
isophon,123,7,750.0,-4.441388636123591
isophon,123,7,1000.0,-2.762852116286851
isophon,123,7,1500.0,-7.10956740055444
isophon,123,7,2000.0,1.2782019217044933
isophon,123,7,3000.0,-3.868244474654489
isophon,123,7,4000.0,-0.9703521083841906
isophon,123,7,6000.0,-8.154956168558854
isophon,123,7,8000.0,-4.636844674144697
isophon,123,8,250.0,-6.024716134598293
isophon,123,8,500.0,-5.223794884029971
isophon,123,8,750.0,-4.482254483287036
isophon,123,8,1000.0,-2.9676571533435236
isophon,123,8,1500.0,-9.006025500458279
isophon,123,8,2000.0,1.9051195116327477
isophon,123,8,3000.0,-1.0277510760366084
isophon,123,8,4000.0,-0.6892850128635502
isophon,123,8,6000.0,-7.463398271727414
isophon,123,8,8000.0,-3.631745789241549
isophon,123,9,250.0,-7.6916430259399675
isophon,123,9,500.0,-4.855848289684232
isophon,123,9,750.0,-2.748815594800817
isophon,123,9,1000.0,-3.6557490289025907
isophon,123,9,1500.0,-7.9208784484862065
isophon,123,9,2000.0,0.341237856802735
isophon,123,9,3000.0,1.7474494859119716
isophon,123,9,4000.0,1.1176597634555065
isophon,123,9,6000.0,-7.126605702921893
isophon,123,9,8000.0,-3.071248947017864
isophon,123,10,250.0,-5.423467254638652
isophon,123,10,500.0,-2.4698052461218225
isophon,123,10,750.0,-1.5101681325678555
isophon,123,10,1000.0,-4.521097338909385
isophon,123,10,1500.0,-6.6765800476073025
isophon,123,10,2000.0,0.9975397409355793
isophon,123,10,3000.0,1.9771555792911926
isophon,123,10,4000.0,2.2012913926872955
isophon,123,10,6000.0,-6.776337419378422
isophon,123,10,8000.0,-2.1305828474956456
isophon,124,1,250.0,-5.730351345111998
isophon,124,1,500.0,-5.939806891158412
isophon,124,1,750.0,8.95911373993772
isophon,124,1,1000.0,1.9150416787340845
isophon,124,1,1500.0,-17.09474931830141
isophon,124,1,2000.0,-11.553231745566087
isophon,124,1,3000.0,2.2758055284172727
isophon,124,1,4000.0,0.6738408607759254
isophon,124,1,6000.0,7.80024898267763
isophon,124,1,8000.0,29.731107702983678
isophon,124,2,250.0,2.6815909553156985
isophon,124,2,500.0,-3.370802780872566
isophon,124,2,750.0,0.2443745835243476
isophon,124,2,1000.0,-2.589675636367872
isophon,124,2,1500.0,-6.426960635811142
isophon,124,2,2000.0,-7.88145716624139
isophon,124,2,3000.0,-0.32479692770743895
isophon,124,2,4000.0,3.333321010739013
isophon,124,2,6000.0,15.237627939490721
isophon,124,2,8000.0,18.36752133416107
isophon,124,3,250.0,3.2287517363744627
isophon,124,3,500.0,-1.1955418594483547
isophon,124,3,750.0,4.162404040612614
isophon,124,3,1000.0,-0.3686962669788869
isophon,124,3,1500.0,-6.860547504963449
isophon,124,3,2000.0,-9.599824702040436
isophon,124,3,3000.0,3.2241748806955286
isophon,124,3,4000.0,1.134524283483131
isophon,124,3,6000.0,11.793834550868127
isophon,124,3,8000.0,21.753851825566016
isophon,124,4,250.0,3.9230100738842566
isophon,124,4,500.0,-2.2248965028378365
isophon,124,4,750.0,8.508419099953045
isophon,124,4,1000.0,3.2388327050109353
isophon,124,4,1500.0,-0.4620589457400399
isophon,124,4,2000.0,-4.020541127921405
isophon,124,4,3000.0,0.9569363067951286
isophon,124,4,4000.0,2.147369960580889
isophon,124,4,6000.0,13.309292467205509
isophon,124,4,8000.0,25.119461114849884
isophon,124,5,250.0,8.118741471882089
isophon,124,5,500.0,0.4139565936559677
isophon,124,5,750.0,3.0630516619082186
isophon,124,5,1000.0,1.9063589341943015
isophon,124,5,1500.0,-4.67570220320988
isophon,124,5,2000.0,-4.810161092704476
isophon,124,5,3000.0,3.2887215572224875
isophon,124,5,4000.0,-2.785482963996486
isophon,124,5,6000.0,14.555145981511629
isophon,124,5,8000.0,18.644673208622805
isophon,124,6,250.0,9.454453181806272
isophon,124,6,500.0,5.994707593496145
isophon,124,6,750.0,7.739585821718251
isophon,124,6,1000.0,4.293185181705255
isophon,124,6,1500.0,-5.622425562879343
isophon,124,6,2000.0,-4.945282324589854
isophon,124,6,3000.0,-0.1420380906419325
isophon,124,6,4000.0,-5.2137148333895595
isophon,124,6,6000.0,8.57452917215609
isophon,124,6,8000.0,9.557815200946692
isophon,124,7,250.0,6.897611939920125
isophon,124,7,500.0,-0.24211789159552666
isophon,124,7,750.0,-1.6253265033593607
isophon,124,7,1000.0,-1.4894964261009846
isophon,124,7,1500.0,-5.065824909940233
isophon,124,7,2000.0,-8.034755959760304
isophon,124,7,3000.0,-5.511968010505242
isophon,124,7,4000.0,-10.576636230491516
isophon,124,7,6000.0,5.061509804196746
isophon,124,7,8000.0,10.547557356112023
isophon,124,8,250.0,3.391421446320777
isophon,124,8,500.0,-6.032821013785465
isophon,124,8,750.0,-5.4212089496844555
isophon,124,8,1000.0,-1.641732158489404
isophon,124,8,1500.0,-5.860839701699874
isophon,124,8,2000.0,-5.0791578492412555
isophon,124,8,3000.0,-3.1812496329980604
isophon,124,8,4000.0,-12.05770919799805
isophon,124,8,6000.0,0.33481402984430986
isophon,124,8,8000.0,5.263657435224005
isophon,124,9,250.0,1.1156568056402705
isophon,124,9,500.0,-10.281575649428092
isophon,124,9,750.0,-9.162851017606187
isophon,124,9,1000.0,-1.3524741122999586
isophon,124,9,1500.0,-5.004321415472631
isophon,124,9,2000.0,-4.2362800890654455
isophon,124,9,3000.0,0.8900406752169516
isophon,124,9,4000.0,-9.970267333984381
isophon,124,9,6000.0,-3.894830977556609
isophon,124,9,8000.0,1.1326231114168621
isophon,124,10,250.0,-4.369306100185042
isophon,124,10,500.0,-8.554694320209421
isophon,124,10,750.0,-6.426067606883393
isophon,124,10,1000.0,0.6246935481372162
isophon,124,10,1500.0,-9.15492015101725
isophon,124,10,2000.0,-3.000991889052017
isophon,124,10,3000.0,3.8864733385208723
isophon,124,10,4000.0,-7.822595214843744
isophon,124,10,6000.0,-2.1896070238336307
isophon,124,10,8000.0,1.3311286966690972
isophon,125,1,250.0,-13.610512938261252
isophon,125,1,500.0,-13.359116697433315
isophon,125,1,750.0,-19.396143799533675
isophon,125,1,1000.0,-22.964822673566857
isophon,125,1,1500.0,13.972613973206691
isophon,125,1,2000.0,9.655087246344168
isophon,125,1,3000.0,10.333826811613818
isophon,125,1,4000.0,9.616364677968278
isophon,125,1,6000.0,7.196645553187466
isophon,125,1,8000.0,-10.070116896819286
isophon,125,2,250.0,8.575598313588799
isophon,125,2,500.0,-2.768814209267262
isophon,125,2,750.0,-10.174347797172487
isophon,125,2,1000.0,-1.1961006350588974
isophon,125,2,1500.0,-0.05606023460944698
isophon,125,2,2000.0,-4.0806995475704255
isophon,125,2,3000.0,8.171308564277076
isophon,125,2,4000.0,1.670552156771123
isophon,125,2,6000.0,-4.3066708845648805
isophon,125,2,8000.0,-5.516169755616318
isophon,125,3,250.0,2.8657415859900084
isophon,125,3,500.0,2.840251757435027
isophon,125,3,750.0,-5.2573285165840815
isophon,125,3,1000.0,-2.270012936730339
isophon,125,3,1500.0,1.1251065522678374
isophon,125,3,2000.0,1.7219378847245537
isophon,125,3,3000.0,13.402212339627468
isophon,125,3,4000.0,1.0987346893302856
isophon,125,3,6000.0,-4.263364032195398
isophon,125,3,8000.0,-1.8986590897021216
isophon,125,4,250.0,-4.34127248568592
isophon,125,4,500.0,7.431771271490888
isophon,125,4,750.0,0.5008073913951705
isophon,125,4,1000.0,1.7775611445079846
isophon,125,4,1500.0,-1.4335113677750826
isophon,125,4,2000.0,3.2685268119239907
isophon,125,4,3000.0,6.64150517454334
isophon,125,4,4000.0,4.505836610585135
isophon,125,4,6000.0,-1.5165843247312125
isophon,125,4,8000.0,2.9579375609963847
isophon,125,5,250.0,-2.533179213999105
isophon,125,5,500.0,4.552808525338293
isophon,125,5,750.0,-1.3522976956825943
isophon,125,5,1000.0,-1.9339055699081769
isophon,125,5,1500.0,-4.87555621568977
isophon,125,5,2000.0,-1.0814487189024362
isophon,125,5,3000.0,-4.714152225330153
isophon,125,5,4000.0,-0.2617148219437979
isophon,125,5,6000.0,3.75459556131473
isophon,125,5,8000.0,8.490521380489568
isophon,125,6,250.0,-2.527711816141405
isophon,125,6,500.0,-0.20546661733692417
isophon,125,6,750.0,2.4052018187207693
isophon,125,6,1000.0,1.8526299260767587
isophon,125,6,1500.0,-3.999937025193944
isophon,125,6,2000.0,3.529230065082743
isophon,125,6,3000.0,-1.6888058098203231
isophon,125,6,4000.0,-0.40439072702687895
isophon,125,6,6000.0,1.6729517948459005
isophon,125,6,8000.0,7.061692925321481
isophon,125,7,250.0,0.9355491343324474
isophon,125,7,500.0,0.4391204370052293
isophon,125,7,750.0,3.9365987977222545
isophon,125,7,1000.0,1.4637754071394795
isophon,125,7,1500.0,-5.675960747381637
isophon,125,7,2000.0,-0.7567689809785918
isophon,125,7,3000.0,-5.310580429759568
isophon,125,7,4000.0,-1.5176787693697236
isophon,125,7,6000.0,3.155387950787812
isophon,125,7,8000.0,8.001248055185755
isophon,125,8,250.0,2.12882207825308
isophon,125,8,500.0,1.1820722497493676
isophon,125,8,750.0,2.3231360677294077
isophon,125,8,1000.0,0.8974614321168275
isophon,125,8,1500.0,-2.684013388234149
isophon,125,8,2000.0,-0.3378710369168232
isophon,125,8,3000.0,-3.7573494979809965
isophon,125,8,4000.0,0.21960821665284413
isophon,125,8,6000.0,2.5254870723979224
isophon,125,8,8000.0,9.53618016729186
isophon,125,9,250.0,2.100899410462901
isophon,125,9,500.0,2.089624434807945
isophon,125,9,750.0,4.423126568621711
isophon,125,9,1000.0,1.0732194691327095
isophon,125,9,1500.0,-1.133711759815597
isophon,125,9,2000.0,-1.122436942833815
isophon,125,9,3000.0,-2.3342275485388484
isophon,125,9,4000.0,1.5196205896318276
isophon,125,9,6000.0,1.654176322461808
isophon,125,9,8000.0,10.281240549304073
isophon,125,10,250.0,2.2245456046265417
isophon,125,10,500.0,-0.5725074768066349
isophon,125,10,750.0,4.9133956113766
isophon,125,10,1000.0,3.1302946626127266
isophon,125,10,1500.0,0.19489184666250026
isophon,125,10,2000.0,-0.9617212688103223
isophon,125,10,3000.0,-0.007776676900675739
isophon,125,10,4000.0,1.91617024111207
isophon,125,10,6000.0,2.4526209753728097
isophon,125,10,8000.0,9.808290646526117
isophon,126,1,250.0,17.084115377891322
isophon,126,1,500.0,-8.481990445052531
isophon,126,1,750.0,0.14023351907562187
isophon,126,1,1000.0,-8.731807731172111
isophon,126,1,1500.0,0.20474996144764646
isophon,126,1,2000.0,0.03102556603699469
isophon,126,1,3000.0,14.962180804265017
isophon,126,1,4000.0,-9.345010289771722
isophon,126,1,6000.0,-14.159450079026655
isophon,126,1,8000.0,-8.634308888618023
isophon,126,2,250.0,12.893949095286985
isophon,126,2,500.0,9.108981443783478
isophon,126,2,750.0,6.180595890397342
isophon,126,2,1000.0,7.600593194001135
isophon,126,2,1500.0,-7.0497816885603015
isophon,126,2,2000.0,-2.608310805293172
isophon,126,2,3000.0,6.339767169776366
isophon,126,2,4000.0,-3.4593755340905545
isophon,126,2,6000.0,-4.575894612394677
isophon,126,2,8000.0,2.5620819913473127
isophon,126,3,250.0,3.3597433415732496
isophon,126,3,500.0,5.357114552038581
isophon,126,3,750.0,6.713522684920051
isophon,126,3,1000.0,9.350956615773029
isophon,126,3,1500.0,-7.197541489105632
isophon,126,3,2000.0,-5.744251215170735
isophon,126,3,3000.0,7.118687470808496
isophon,126,3,4000.0,0.048544585114683514
isophon,126,3,6000.0,-5.224860512011446
isophon,126,3,8000.0,-0.9656828041066632
isophon,126,4,250.0,-0.7851785094983939
isophon,126,4,500.0,-2.094639845628805
isophon,126,4,750.0,3.14500787620608
isophon,126,4,1000.0,1.2209869277318006
isophon,126,4,1500.0,-7.377321595885633
isophon,126,4,2000.0,-1.8362396602281734
isophon,126,4,3000.0,7.335869010244835
isophon,126,4,4000.0,0.7720256625176489
isophon,126,4,6000.0,-1.5119538788176357
isophon,126,4,8000.0,0.19509783786867274
isophon,126,5,250.0,-2.3687993731440287
isophon,126,5,500.0,0.14444505882931935
isophon,126,5,750.0,3.858353227501084
isophon,126,5,1000.0,2.5634169886088216
isophon,126,5,1500.0,-5.8394201310707246
isophon,126,5,2000.0,-0.9692110042223163
isophon,126,5,3000.0,7.631810237372008
isophon,126,5,4000.0,-5.91266375443638
isophon,126,5,6000.0,-1.3677722076750456
isophon,126,5,8000.0,-0.6173789978027315
isophon,126,6,250.0,-7.549203051634436
isophon,126,6,500.0,-5.86891081653863
isophon,126,6,750.0,-6.142182723803629
isophon,126,6,1000.0,-3.70700201965154
isophon,126,6,1500.0,-11.314916820357595
isophon,126,6,2000.0,-10.061216101261522
isophon,126,6,3000.0,3.7454308986865925
isophon,126,6,4000.0,-7.817994993657109
isophon,126,6,6000.0,-1.1886707977629385
isophon,126,6,8000.0,2.1426779174804693
isophon,126,7,250.0,-6.750529955931313
isophon,126,7,500.0,-7.672298933969358
isophon,126,7,750.0,-7.575065079885277
isophon,126,7,1000.0,-4.408459155787682
isophon,126,7,1500.0,-9.263245939729032
isophon,126,7,2000.0,-12.605054779052736
isophon,126,7,3000.0,3.3473106453571404
isophon,126,7,4000.0,-6.977379917809756
isophon,126,7,6000.0,-1.3110845808844545
isophon,126,7,8000.0,1.8966503906249983
isophon,126,8,250.0,-6.023445587158207
isophon,126,8,500.0,-8.031710016801796
isophon,126,8,750.0,-5.787443340424346
isophon,126,8,1000.0,-2.136141885553755
isophon,126,8,1500.0,-7.585665685958958
isophon,126,8,2000.0,-10.76244781494141
isophon,126,8,3000.0,-5.411915152427127
isophon,126,8,4000.0,-5.194375404553881
isophon,126,8,6000.0,-2.2803921448017803
isophon,126,8,8000.0,1.9691157531738241
isophon,126,9,250.0,-5.102042236328131
isophon,126,9,500.0,-8.14741589114881
isophon,126,9,750.0,-4.992327417482684
isophon,126,9,1000.0,-0.6080961337522837
isophon,126,9,1500.0,-6.187525685572183
isophon,126,9,2000.0,-8.896979370117194
isophon,126,9,3000.0,-9.055029907226569
isophon,126,9,4000.0,-3.903834963703275
isophon,126,9,6000.0,-4.173051243820751
isophon,126,9,8000.0,1.0701036071777281
isophon,126,10,250.0,-3.006566619873041
isophon,126,10,500.0,-5.927259170424506
isophon,126,10,750.0,-4.099635565564796
isophon,126,10,1000.0,1.0295885929933348
isophon,126,10,1500.0,-4.71099341760204
isophon,126,10,2000.0,-7.23953018188476
isophon,126,10,3000.0,-6.67825088500976
isophon,126,10,4000.0,-3.20116981269814
isophon,126,10,6000.0,-4.397462463378901
isophon,126,10,8000.0,0.39294281005859943
isophon,127,1,250.0,-2.8463792314106513
isophon,127,1,500.0,23.015661629990092
isophon,127,1,750.0,17.737037706794254
isophon,127,1,1000.0,15.836621825257083
isophon,127,1,1500.0,3.0099005335652578
isophon,127,1,2000.0,18.12235826658872
isophon,127,1,3000.0,17.244316402670933
isophon,127,1,4000.0,-4.265621700957979
isophon,127,1,6000.0,2.471355161213978
isophon,127,1,8000.0,8.750941136080655
isophon,127,2,250.0,-9.105503765349795
isophon,127,2,500.0,4.058228652712927
isophon,127,2,750.0,8.05627204312222
isophon,127,2,1000.0,1.8395342329584423
isophon,127,2,1500.0,-7.478102923171605
isophon,127,2,2000.0,3.581867292522105
isophon,127,2,3000.0,-4.568785243478999
isophon,127,2,4000.0,-9.614719624045733
isophon,127,2,6000.0,-8.707836728055653
isophon,127,2,8000.0,1.5874122854059607
isophon,127,3,250.0,-4.934123260902368
isophon,127,3,500.0,4.441574011402992
isophon,127,3,750.0,9.967811233455109
isophon,127,3,1000.0,3.405350578173284
isophon,127,3,1500.0,-3.8817261049890135
isophon,127,3,2000.0,6.587000101742845
isophon,127,3,3000.0,-3.940163974389421
isophon,127,3,4000.0,-9.474314239681604
isophon,127,3,6000.0,-4.226742904296529
isophon,127,3,8000.0,2.8465998080286568
isophon,127,4,250.0,2.0436029933499498
isophon,127,4,500.0,7.379721210657237
isophon,127,4,750.0,14.099797319767532
isophon,127,4,1000.0,8.164762809618594
isophon,127,4,1500.0,0.8372293560923225
isophon,127,4,2000.0,3.866807907023073
isophon,127,4,3000.0,-2.108181727997959
isophon,127,4,4000.0,-3.546573554259737
isophon,127,4,6000.0,-1.7194002201010932
isophon,127,4,8000.0,5.066220669950198
isophon,127,5,250.0,12.955178651260468
isophon,127,5,500.0,12.604023031164303
isophon,127,5,750.0,17.065622864474676
isophon,127,5,1000.0,13.880424278124451
isophon,127,5,1500.0,3.6593488943275503
isophon,127,5,2000.0,6.880370497000271
isophon,127,5,3000.0,1.871259915188375
isophon,127,5,4000.0,0.7615757981841398
isophon,127,5,6000.0,2.3765077362933624
isophon,127,5,8000.0,8.753055153158087
isophon,127,6,250.0,14.700417067291127
isophon,127,6,500.0,13.960705936808608
isophon,127,6,750.0,10.866193320810225
isophon,127,6,1000.0,7.706314998720941
isophon,127,6,1500.0,3.3404662782394183
isophon,127,6,2000.0,5.09129938859823
isophon,127,6,3000.0,6.320318510638899
isophon,127,6,4000.0,8.2175735862658
isophon,127,6,6000.0,5.146675397863362
isophon,127,6,8000.0,10.584844500576509
isophon,127,7,250.0,17.348997833314343
isophon,127,7,500.0,18.93389319298477
isophon,127,7,750.0,6.599433632777902
isophon,127,7,1000.0,6.244794921874998
isophon,127,7,1500.0,7.123612884898904
isophon,127,7,2000.0,11.748475982426697
isophon,127,7,3000.0,9.531704068862865
isophon,127,7,4000.0,12.317746595515843
isophon,127,7,6000.0,7.364866931952633
isophon,127,7,8000.0,9.270636047031388
isophon,127,8,250.0,16.88830055045706
isophon,127,8,500.0,20.036890858666823
isophon,127,8,750.0,9.18011527755371
isophon,127,8,1000.0,7.64804794311523
isophon,127,8,1500.0,8.791229265087509
isophon,127,8,2000.0,14.825248433971083
isophon,127,8,3000.0,13.9828232584522
isophon,127,8,4000.0,13.707018566306786
isophon,127,8,6000.0,8.422676988706357
isophon,127,8,8000.0,11.803267874630066
isophon,127,9,250.0,15.685474719199874
isophon,127,9,500.0,20.164740494544134
isophon,127,9,750.0,8.892678463893915
isophon,127,9,1000.0,8.507843933105462
isophon,127,9,1500.0,8.379997031025098
isophon,127,9,2000.0,16.589147340950234
isophon,127,9,3000.0,19.094589275365067
isophon,127,9,4000.0,13.302489443759967
isophon,127,9,6000.0,9.775602382994634
isophon,127,9,8000.0,13.77842365375166
isophon,127,10,250.0,13.386494436277061
isophon,127,10,500.0,18.721177085089437
isophon,127,10,750.0,7.728495557955966
isophon,127,10,1000.0,10.599752807617193
isophon,127,10,1500.0,10.31398756273039
isophon,127,10,2000.0,16.95352924972832
isophon,127,10,3000.0,17.942815306358398
isophon,127,10,4000.0,11.054335885940347
isophon,127,10,6000.0,10.168029178503119
isophon,127,10,8000.0,13.166750402227251
isophon,128,1,250.0,24.21153867344671
isophon,128,1,500.0,-1.3152877752626821
isophon,128,1,750.0,-4.478925555977241
isophon,128,1,1000.0,-4.773486614539323
isophon,128,1,1500.0,8.69675955274909
isophon,128,1,2000.0,15.81072251211744
isophon,128,1,3000.0,-15.94889632117227
isophon,128,1,4000.0,1.3222129214634037
isophon,128,1,6000.0,18.335159362340946
isophon,128,1,8000.0,33.462182289570066
isophon,128,2,250.0,1.0507923729968809
isophon,128,2,500.0,-8.494878760786172
isophon,128,2,750.0,-7.644026481441287
isophon,128,2,1000.0,-6.478305175858608
isophon,128,2,1500.0,5.994063186406933
isophon,128,2,2000.0,13.728007732648777
isophon,128,2,3000.0,-4.173665585139858
isophon,128,2,4000.0,1.0267456694120227
isophon,128,2,6000.0,7.700345318924292
isophon,128,2,8000.0,24.869559031090745
isophon,128,3,250.0,5.261141019100762
isophon,128,3,500.0,-0.8718674585399668
isophon,128,3,750.0,-3.184869056321915
isophon,128,3,1000.0,0.5073264103070443
isophon,128,3,1500.0,10.092154088514967
isophon,128,3,2000.0,1.9162911832695002
isophon,128,3,3000.0,-1.2790524564506711
isophon,128,3,4000.0,-7.099588302513453
isophon,128,3,6000.0,5.6060446313800725
isophon,128,3,8000.0,18.8517727916699
isophon,128,4,250.0,0.054968603735545685
isophon,128,4,500.0,3.0496035387139813
isophon,128,4,750.0,-4.601187480605532
isophon,128,4,1000.0,-2.496532090152755
isophon,128,4,1500.0,13.183620867033113
isophon,128,4,2000.0,7.071626256515003
isophon,128,4,3000.0,5.140222981523792
isophon,128,4,4000.0,-3.873666496432179
isophon,128,4,6000.0,7.438286221761601
isophon,128,4,8000.0,15.785085552355255
isophon,128,5,250.0,2.4835574133631724
isophon,128,5,500.0,5.020886790833984
isophon,128,5,750.0,-4.908743366067313
isophon,128,5,1000.0,2.6053800637887434
isophon,128,5,1500.0,13.417892921948429
isophon,128,5,2000.0,3.7406325516391803
isophon,128,5,3000.0,4.128705430042956
isophon,128,5,4000.0,-2.342137073424766
isophon,128,5,6000.0,9.52293413062695
isophon,128,5,8000.0,15.4067834083219
isophon,128,6,250.0,1.667750532237008
isophon,128,6,500.0,-2.074566950304998
isophon,128,6,750.0,-7.517772150508861
isophon,128,6,1000.0,2.011698331765217
isophon,128,6,1500.0,13.198206561093485
isophon,128,6,2000.0,0.15244074542357566
isophon,128,6,3000.0,1.854270810013361
isophon,128,6,4000.0,-6.423024472311951
isophon,128,6,6000.0,0.8441456144879425
isophon,128,6,8000.0,7.876292912720203
isophon,128,7,250.0,1.2557522255904559
isophon,128,7,500.0,-5.208238290073808
isophon,128,7,750.0,-5.857687412006456
isophon,128,7,1000.0,-0.7869145855911768
isophon,128,7,1500.0,9.875806977381231
isophon,128,7,2000.0,4.3205895500259714
isophon,128,7,3000.0,1.8492297522010261
isophon,128,7,4000.0,-7.25151287007499
isophon,128,7,6000.0,1.1461533045820858
isophon,128,7,8000.0,7.010434474959453
isophon,128,8,250.0,-0.5759183931336196
isophon,128,8,500.0,-5.600420165139425
isophon,128,8,750.0,-6.097737005763648
isophon,128,8,1000.0,-2.1903426035983387
isophon,128,8,1500.0,9.315104742098029
isophon,128,8,2000.0,2.611034767083396
isophon,128,8,3000.0,1.7477189073283768
isophon,128,8,4000.0,-5.152502874859678
isophon,128,8,6000.0,1.452625291819686
isophon,128,8,8000.0,5.414495769499823
isophon,128,9,250.0,-3.0698011376062055
isophon,128,9,500.0,-5.3726451843618435
isophon,128,9,750.0,-6.878853842317312
isophon,128,9,1000.0,-3.038811233186294
isophon,128,9,1500.0,6.628264802960615
isophon,128,9,2000.0,1.3255996825847234
isophon,128,9,3000.0,-0.26793122461553764
isophon,128,9,4000.0,-3.2841365574844588
isophon,128,9,6000.0,2.253629706893605
isophon,128,9,8000.0,4.833033606987684
isophon,128,10,250.0,-5.818914804773783
isophon,128,10,500.0,-0.5083503847590976
isophon,128,10,750.0,-3.622067277271654
isophon,128,10,1000.0,0.7333743896588629
isophon,128,10,1500.0,9.390838505304998
isophon,128,10,2000.0,1.2178103578547876
isophon,128,10,3000.0,-4.336722844970694
isophon,128,10,4000.0,-8.311704083472335
isophon,128,10,6000.0,0.1094537971969487
isophon,128,10,8000.0,3.7703060489537563
isophon,129,1,250.0,24.45271432089381
isophon,129,1,500.0,0.08562539496536203
isophon,129,1,750.0,-1.7046864345673498
isophon,129,1,1000.0,8.815657633810517
isophon,129,1,1500.0,11.149342314798853
isophon,129,1,2000.0,22.78424275019504
isophon,129,1,3000.0,-16.933612770633232
isophon,129,1,4000.0,-0.9037234055243033
isophon,129,1,6000.0,15.00254633977471
isophon,129,1,8000.0,19.302209624355932
isophon,129,2,250.0,0.5592056621965042
isophon,129,2,500.0,-3.746632959233409
isophon,129,2,750.0,2.380961813991327
isophon,129,2,1000.0,-2.3312558848663087
isophon,129,2,1500.0,-4.305678001456684
isophon,129,2,2000.0,13.297384220167949
isophon,129,2,3000.0,-2.449560919962444
isophon,129,2,4000.0,4.545250108300969
isophon,129,2,6000.0,5.619941112704936
isophon,129,2,8000.0,14.23938282011946
isophon,129,3,250.0,7.262150437986605
isophon,129,3,500.0,0.5019419153151858
isophon,129,3,750.0,9.35179531064935
isophon,129,3,1000.0,7.510979915293433
isophon,129,3,1500.0,2.615400960283317
isophon,129,3,2000.0,3.2294419734829845
isophon,129,3,3000.0,1.6098813860334502
isophon,129,3,4000.0,3.5185018143687046
isophon,129,3,6000.0,5.541694314346358
isophon,129,3,8000.0,10.385928744202872
isophon,129,4,250.0,3.6601524261384952
isophon,129,4,500.0,7.7563573396902825
isophon,129,4,750.0,12.095996740476636
isophon,129,4,1000.0,10.149254787456726
isophon,129,4,1500.0,7.220037588721695
isophon,129,4,2000.0,10.676455147421336
isophon,129,4,3000.0,10.16499711021578
isophon,129,4,4000.0,9.493766231986513
isophon,129,4,6000.0,10.607439376359139
isophon,129,4,8000.0,9.781054329004903
isophon,129,5,250.0,2.1901877039029642
isophon,129,5,500.0,6.950672257623168
isophon,129,5,750.0,12.032293879651974
isophon,129,5,1000.0,14.399233750065918
isophon,129,5,1500.0,7.502962833953859
isophon,129,5,2000.0,10.445920564828441
isophon,129,5,3000.0,8.313047422076025
isophon,129,5,4000.0,9.668533622687207
isophon,129,5,6000.0,12.065992813975384
isophon,129,5,8000.0,9.995479835596697
isophon,129,6,250.0,-0.9564009491500371
isophon,129,6,500.0,0.5867602102592997
isophon,129,6,750.0,10.366363032601086
isophon,129,6,1000.0,16.008459015243375
isophon,129,6,1500.0,5.236161618966264
isophon,129,6,2000.0,14.466240272293774
isophon,129,6,3000.0,5.542670058343788
isophon,129,6,4000.0,7.0520774788165
isophon,129,6,6000.0,4.968733948914775
isophon,129,6,8000.0,2.4116241320195684
isophon,129,7,250.0,-1.0805140833959683
isophon,129,7,500.0,-2.170364520036216
isophon,129,7,750.0,6.345370317817881
isophon,129,7,1000.0,7.434643164248044
isophon,129,7,1500.0,-0.8064619078496662
isophon,129,7,2000.0,14.26726935618629
isophon,129,7,3000.0,4.275652675269328
isophon,129,7,4000.0,4.659133404382828
isophon,129,7,6000.0,5.136650639905213
isophon,129,7,8000.0,1.2054954725682734
isophon,129,8,250.0,-2.639055330428718
isophon,129,8,500.0,-2.3876887803252487
isophon,129,8,750.0,5.0783622178451395
isophon,129,8,1000.0,5.17238362935349
isophon,129,8,1500.0,-2.171428260964987
isophon,129,8,2000.0,13.494086889835955
isophon,129,8,3000.0,4.211929773672082
isophon,129,8,4000.0,5.7944986400757585
isophon,129,8,6000.0,5.197750318089703
isophon,129,8,8000.0,-0.7267727661132852
isophon,129,9,250.0,-4.233602344872125
isophon,129,9,500.0,-3.2629980726955807
isophon,129,9,750.0,2.972469892256356
isophon,129,9,1000.0,3.5433488398384014
isophon,129,9,1500.0,-5.831684520428638
isophon,129,9,2000.0,13.319116790764625
isophon,129,9,3000.0,1.8989221195110275
isophon,129,9,4000.0,6.799252568248008
isophon,129,9,6000.0,3.730926203791114
isophon,129,9,8000.0,-1.6005773925781313
isophon,129,10,250.0,-7.2600924946765275
isophon,129,10,500.0,0.7434252527880005
isophon,129,10,750.0,5.2500630796473615
isophon,129,10,1000.0,6.263355572785358
isophon,129,10,1500.0,-3.9615608237475044
isophon,129,10,2000.0,11.214677850097829
isophon,129,10,3000.0,-1.7144750921926288
isophon,129,10,4000.0,0.581054777628168
isophon,129,10,6000.0,1.2315230848613083
isophon,129,10,8000.0,-2.0493598937988224
isophon,130,1,250.0,10.074252142122766
isophon,130,1,500.0,-16.792549022166554
isophon,130,1,750.0,-7.554355177843334
isophon,130,1,1000.0,-8.246325205859705
isophon,130,1,1500.0,-5.068668960452143
isophon,130,1,2000.0,2.980622078216996
isophon,130,1,3000.0,14.48989267255115
isophon,130,1,4000.0,-6.166623744713405
isophon,130,1,6000.0,-10.044695618383713
isophon,130,1,8000.0,-1.7176913528733166
isophon,130,2,250.0,7.867406809905759
isophon,130,2,500.0,1.8719078393129251
isophon,130,2,750.0,-3.09121071595618
isophon,130,2,1000.0,7.2207593371597625
isophon,130,2,1500.0,-3.052153259926172
isophon,130,2,2000.0,1.5331628983770713
isophon,130,2,3000.0,6.027072620215819
isophon,130,2,4000.0,-1.9780788594677574
isophon,130,2,6000.0,-2.683249058308604
isophon,130,2,8000.0,8.275859977683197
isophon,130,3,250.0,1.4463222490358874
isophon,130,3,500.0,-2.204201110848473
isophon,130,3,750.0,1.551196291931248
isophon,130,3,1000.0,9.575433092989499
isophon,130,3,1500.0,-2.9072828808932343
isophon,130,3,2000.0,-1.1607818705699913
isophon,130,3,3000.0,6.3727997144608395
isophon,130,3,4000.0,0.6532396785351011
isophon,130,3,6000.0,-2.301117254395578
isophon,130,3,8000.0,4.017376959214744
isophon,130,4,250.0,-0.7589275923879626
isophon,130,4,500.0,-4.919691698825801
isophon,130,4,750.0,-0.06950196144379106
isophon,130,4,1000.0,1.894046371346036
isophon,130,4,1500.0,-5.391339630756136
isophon,130,4,2000.0,2.4271957533949546
isophon,130,4,3000.0,6.3023149330963975
isophon,130,4,4000.0,1.2928667354139947
isophon,130,4,6000.0,0.5523301648959063
isophon,130,4,8000.0,3.9923616758108267
isophon,130,5,250.0,-0.2586953342252656
isophon,130,5,500.0,-0.5623383219213878
isophon,130,5,750.0,2.5870492125434623
isophon,130,5,1000.0,4.912202958976664
isophon,130,5,1500.0,-2.655559315719117
isophon,130,5,2000.0,4.373474499664681
isophon,130,5,3000.0,7.5407915606141955
isophon,130,5,4000.0,-4.539947149427363
isophon,130,5,6000.0,1.5306478078459094
isophon,130,5,8000.0,4.101579616936377
isophon,130,6,250.0,-3.761500332800935
isophon,130,6,500.0,-4.6277710006504265
isophon,130,6,750.0,-4.559431625360858
isophon,130,6,1000.0,-3.1326100151302256
isophon,130,6,1500.0,-7.701910227948545
isophon,130,6,2000.0,-2.887222624555534
isophon,130,6,3000.0,4.895161581059639
isophon,130,6,4000.0,-4.951253792018321
isophon,130,6,6000.0,2.900536895191749
isophon,130,6,8000.0,7.135869547304267
isophon,130,7,250.0,-1.828452805777431
isophon,130,7,500.0,-5.705057896076781
isophon,130,7,750.0,-5.229323922071302
isophon,130,7,1000.0,-3.185738607126382
isophon,130,7,1500.0,-4.596957604352639
isophon,130,7,2000.0,-4.742983159164112
isophon,130,7,3000.0,5.56627045370675
isophon,130,7,4000.0,-3.5136751022907617
isophon,130,7,6000.0,3.0881936106184043
isophon,130,7,8000.0,6.9691077048729255
isophon,130,8,250.0,-0.9868578849408038
isophon,130,8,500.0,-5.040252143318355
isophon,130,8,750.0,-2.731364195566286
isophon,130,8,1000.0,-0.4623978861983602
isophon,130,8,1500.0,-2.5485590430081118
isophon,130,8,2000.0,-2.8184226564647616
isophon,130,8,3000.0,-2.9088939121927524
isophon,130,8,4000.0,-1.9110413932694712
isophon,130,8,6000.0,2.4518554180042003
isophon,130,8,8000.0,7.380425590359778
isophon,130,9,250.0,-0.15489161619166225
isophon,130,9,500.0,-4.4092926372233165
isophon,130,9,750.0,-1.0945374478538525
isophon,130,9,1000.0,1.3753279331606763
isophon,130,9,1500.0,-1.0463720397429483
isophon,130,9,2000.0,-0.759424207303482
isophon,130,9,3000.0,-6.431437530517584
isophon,130,9,4000.0,-0.9253949092253322
isophon,130,9,6000.0,1.251392538025371
isophon,130,9,8000.0,6.993975506553809
isophon,130,10,250.0,1.9590010406283938
isophon,130,10,500.0,-2.2912628900844254
isophon,130,10,750.0,-0.08722296779338023
isophon,130,10,1000.0,3.646095788821029
isophon,130,10,1500.0,0.588907749745232
isophon,130,10,2000.0,1.0446491277147771
isophon,130,10,3000.0,-4.228520965576166
isophon,130,10,4000.0,-0.3104782877795884
isophon,130,10,6000.0,1.2463518335482746
isophon,130,10,8000.0,6.500104074185742
isophon,131,1,250.0,-11.007671799805223
isophon,131,1,500.0,-1.0890797260516365
isophon,131,1,750.0,-9.252737770805652
isophon,131,1,1000.0,-9.688201792522761
isophon,131,1,1500.0,-19.0259667650989
isophon,131,1,2000.0,-19.7880504809019
isophon,131,1,3000.0,-7.2263215816818445
isophon,131,1,4000.0,15.14385541032263
isophon,131,1,6000.0,88.97949630737304
isophon,131,1,8000.0,100.7271978738107
isophon,131,2,250.0,-6.7335844279790535
isophon,131,2,500.0,2.2055758756407897
isophon,131,2,750.0,0.9489921485396735
isophon,131,2,1000.0,-6.061995385486085
isophon,131,2,1500.0,-5.493349730186793
isophon,131,2,2000.0,-1.808823402346249
isophon,131,2,3000.0,0.6332258422032595
isophon,131,2,4000.0,23.76235233811815
isophon,131,2,6000.0,48.645544738769786
isophon,131,2,8000.0,68.79330673838001
isophon,131,3,250.0,-4.851612474843833
isophon,131,3,500.0,0.13790991988661006
isophon,131,3,750.0,-0.6443325216784501
isophon,131,3,1000.0,-4.931813801295149
isophon,131,3,1500.0,-2.3308069751407885
isophon,131,3,2000.0,0.4550681047696088
isophon,131,3,3000.0,-1.1072067406629458
isophon,131,3,4000.0,5.763801981252243
isophon,131,3,6000.0,19.437455555919627
isophon,131,3,8000.0,30.830094700901427
isophon,131,4,250.0,-0.3811111122597026
isophon,131,4,500.0,0.004194571678851844
isophon,131,4,750.0,0.49609211103810935
isophon,131,4,1000.0,-0.9018747752530487
isophon,131,4,1500.0,1.925270207206097
isophon,131,4,2000.0,0.3026700690269877
isophon,131,4,3000.0,-4.517946543718665
isophon,131,4,4000.0,-1.3600992829570515
isophon,131,4,6000.0,-7.056241893242159
isophon,131,4,8000.0,-5.731231694602457
isophon,131,5,250.0,7.06712635823412
isophon,131,5,500.0,1.753661256820493
isophon,131,5,750.0,4.126283916155245
isophon,131,5,1000.0,5.305873450646331
isophon,131,5,1500.0,5.249044010917032
isophon,131,5,2000.0,4.3880889109847345
isophon,131,5,3000.0,-0.5211462900802815
isophon,131,5,4000.0,3.725756547497298
isophon,131,5,6000.0,-1.3060726732714585
isophon,131,5,8000.0,0.10792864435424576
isophon,131,6,250.0,15.800365951739977
isophon,131,6,500.0,11.864421011120555
isophon,131,6,750.0,9.6627237424307
isophon,131,6,1000.0,5.460532224294624
isophon,131,6,1500.0,4.2276491861041166
isophon,131,6,2000.0,3.819766639225648
isophon,131,6,3000.0,1.8708196116142517
isophon,131,6,4000.0,9.865438140738604
isophon,131,6,6000.0,1.5614255879530532
isophon,131,6,8000.0,3.0863099092020008
isophon,131,7,250.0,18.954908340656004
isophon,131,7,500.0,17.278968111924712
isophon,131,7,750.0,13.908499761820536
isophon,131,7,1000.0,10.273807258967892
isophon,131,7,1500.0,10.047118059235345
isophon,131,7,2000.0,10.148375631242004
isophon,131,7,3000.0,7.075197319968126
isophon,131,7,4000.0,14.862134059526156
isophon,131,7,6000.0,4.142894502016475
isophon,131,7,8000.0,-1.3862025268545182
isophon,131,8,250.0,17.46982138688236
isophon,131,8,500.0,17.332706758399638
isophon,131,8,750.0,14.795043583343869
isophon,131,8,1000.0,9.700725367594956
isophon,131,8,1500.0,9.78721902875236
isophon,131,8,2000.0,11.979899419306179
isophon,131,8,3000.0,10.510060160434293
isophon,131,8,4000.0,15.910290797102746
isophon,131,8,6000.0,5.663864161302513
isophon,131,8,8000.0,2.0719780232933687
isophon,131,9,250.0,15.323596614800408
isophon,131,9,500.0,15.687628772911964
isophon,131,9,750.0,12.560006127200666
isophon,131,9,1000.0,8.656444015303634
isophon,131,9,1500.0,7.481499511660701
isophon,131,9,2000.0,12.318351183048165
isophon,131,9,3000.0,14.091469144856845
isophon,131,9,4000.0,15.170164394908085
isophon,131,9,6000.0,7.630810400565636
isophon,131,9,8000.0,5.356893477832344
isophon,131,10,250.0,9.482553863525396
isophon,131,10,500.0,11.001720185083784
isophon,131,10,750.0,7.067174293099043
isophon,131,10,1000.0,9.08597347815963
isophon,131,10,1500.0,7.655256652832037
isophon,131,10,2000.0,11.537780094243388
isophon,131,10,3000.0,11.050859070169281
isophon,131,10,4000.0,13.12851799126068
isophon,131,10,6000.0,8.66623007829999
isophon,131,10,8000.0,6.327135352132643
isophon,132,1,250.0,11.460340894394449
isophon,132,1,500.0,-3.154841818588757
isophon,132,1,750.0,-3.118993025404553
isophon,132,1,1000.0,-7.312657875263913
isophon,132,1,1500.0,-7.170117179827336
isophon,132,1,2000.0,-6.1674485513253074
isophon,132,1,3000.0,-5.238115465713278
isophon,132,1,4000.0,6.093191749653585
isophon,132,1,6000.0,-5.198442415488238
isophon,132,1,8000.0,-12.831946927884474
isophon,132,2,250.0,-2.5386553497532987
isophon,132,2,500.0,-6.86025520169445
isophon,132,2,750.0,-4.250256369730508
isophon,132,2,1000.0,2.8805602026672545
isophon,132,2,1500.0,-0.6029652176944325
isophon,132,2,2000.0,4.942347910672908
isophon,132,2,3000.0,3.690939239810767
isophon,132,2,4000.0,2.817325212531941
isophon,132,2,6000.0,-0.8243549616221486
isophon,132,2,8000.0,-15.73953596616451
isophon,132,3,250.0,6.969562584507635
isophon,132,3,500.0,-7.274507599149047
isophon,132,3,750.0,-7.356078430268212
isophon,132,3,1000.0,2.6636061251476164
isophon,132,3,1500.0,-3.8680018147443462
isophon,132,3,2000.0,3.2212400638476595
isophon,132,3,3000.0,-1.0330554635101237
isophon,132,3,4000.0,2.6987944204822725
isophon,132,3,6000.0,1.1918086895509816
isophon,132,3,8000.0,-12.338201967681883
isophon,132,4,250.0,2.209096673323387
isophon,132,4,500.0,-6.933528085582935
isophon,132,4,750.0,-3.204283333170409
isophon,132,4,1000.0,2.9342181509100413
isophon,132,4,1500.0,-10.450455386410596
isophon,132,4,2000.0,-3.214145506771615
isophon,132,4,3000.0,3.9166832820729525
isophon,132,4,4000.0,0.8850755675368305
isophon,132,4,6000.0,-3.957183437194203
isophon,132,4,8000.0,-14.447571504358365
isophon,132,5,250.0,5.770704637696568
isophon,132,5,500.0,-3.734802085668008
isophon,132,5,750.0,4.290619785282175
isophon,132,5,1000.0,7.166180549291994
isophon,132,5,1500.0,-4.25014715881106
isophon,132,5,2000.0,4.590924996942334
isophon,132,5,3000.0,4.339735465969994
isophon,132,5,4000.0,2.6497205332390905
isophon,132,5,6000.0,0.24365731634540566
isophon,132,5,8000.0,-6.421036853730811
isophon,132,6,250.0,0.7897816052945359
isophon,132,6,500.0,-5.1265338355297985
isophon,132,6,750.0,3.4322055913266354
isophon,132,6,1000.0,3.4443769075609794
isophon,132,6,1500.0,2.221938468093981
isophon,132,6,2000.0,2.942587366142675
isophon,132,6,3000.0,2.816843303278162
isophon,132,6,4000.0,-1.110383801905698
isophon,132,6,6000.0,-2.1137210812013336
isophon,132,6,8000.0,-2.429602496983847
isophon,132,7,250.0,0.2664791498600181
isophon,132,7,500.0,-3.756301609142696
isophon,132,7,750.0,3.358255126718518
isophon,132,7,1000.0,6.198279187803706
isophon,132,7,1500.0,-0.0117272664980419
isophon,132,7,2000.0,4.788563540831959
isophon,132,7,3000.0,5.082493175187238
isophon,132,7,4000.0,1.4531504565852629
isophon,132,7,6000.0,1.4315172788590615
isophon,132,7,8000.0,-2.4996352216559217
isophon,132,8,250.0,-0.628178585968513
isophon,132,8,500.0,-1.2065998913459595
isophon,132,8,750.0,0.8426870626277605
isophon,132,8,1000.0,4.9829680418223035
isophon,132,8,1500.0,-1.073037775649425
isophon,132,8,2000.0,4.108924847857082
isophon,132,8,3000.0,1.732549349115942
isophon,132,8,4000.0,3.1060427141204343
isophon,132,8,6000.0,1.3613975286858135
isophon,132,8,8000.0,-0.722342863201348
isophon,132,9,250.0,-2.2704865947916346
isophon,132,9,500.0,-2.121514375310241
isophon,132,9,750.0,-0.559467470268558
isophon,132,9,1000.0,4.332961010168802
isophon,132,9,1500.0,-2.416900553244517
isophon,132,9,2000.0,1.1552385050360812
isophon,132,9,3000.0,0.21889273359548156
isophon,132,9,4000.0,4.355183145228963
isophon,132,9,6000.0,-0.7118635970868326
isophon,132,9,8000.0,1.0711339835314817
isophon,132,10,250.0,-4.477289396439431
isophon,132,10,500.0,-0.4411576660451857
isophon,132,10,750.0,0.5761071256228263
isophon,132,10,1000.0,5.638374034851807
isophon,132,10,1500.0,-1.466210876763114
isophon,132,10,2000.0,-1.253703716041258
isophon,132,10,3000.0,0.9163822364156005
isophon,132,10,4000.0,4.829816263751852
isophon,132,10,6000.0,0.7777035648678208
isophon,132,10,8000.0,1.6477640323529812
isophon,133,1,250.0,-8.969174397488189
isophon,133,1,500.0,-0.4081515783186198
isophon,133,1,750.0,3.8895049295161783
isophon,133,1,1000.0,-1.460659435603187
isophon,133,1,1500.0,4.949229071925625
isophon,133,1,2000.0,-9.415315509405769
isophon,133,1,3000.0,2.8693002470282956
isophon,133,1,4000.0,-2.43351862030665
isophon,133,1,6000.0,-2.5583006992964172
isophon,133,1,8000.0,-3.210523175329019
isophon,133,2,250.0,3.666507308449752
isophon,133,2,500.0,-2.1869603703148357
isophon,133,2,750.0,-5.46239096964527
isophon,133,2,1000.0,0.3240964704977358
isophon,133,2,1500.0,17.695296263117964
isophon,133,2,2000.0,3.7801185754969
isophon,133,2,3000.0,3.046578348704024
isophon,133,2,4000.0,10.174406105865344
isophon,133,2,6000.0,-5.500052605866365
isophon,133,2,8000.0,-16.821400589169926
isophon,133,3,250.0,5.01671204399085
isophon,133,3,500.0,3.313199791739308
isophon,133,3,750.0,-5.099035836503745
isophon,133,3,1000.0,2.6542393974419127
isophon,133,3,1500.0,12.888462426549594
isophon,133,3,2000.0,-9.000126416089799
isophon,133,3,3000.0,-12.737125122436396
isophon,133,3,4000.0,6.711645342088303
isophon,133,3,6000.0,-10.66720970002602
isophon,133,3,8000.0,-8.68227604913153
isophon,133,4,250.0,3.407644785461443
isophon,133,4,500.0,3.3048215237972727
isophon,133,4,750.0,-0.8383934491819645
isophon,133,4,1000.0,2.9777104267238883
isophon,133,4,1500.0,14.47724516916638
isophon,133,4,2000.0,-12.328593917892363
isophon,133,4,3000.0,-10.739739914559237
isophon,133,4,4000.0,5.488225827424436
isophon,133,4,6000.0,-6.232630161407485
isophon,133,4,8000.0,-7.093266948227637
isophon,133,5,250.0,5.349693524791974
isophon,133,5,500.0,0.20749945373155754
isophon,133,5,750.0,-0.19479934465358895
isophon,133,5,1000.0,3.6973636194957322
isophon,133,5,1500.0,16.556865934617782
isophon,133,5,2000.0,-5.4384138641814275
isophon,133,5,3000.0,-5.761343474664855
isophon,133,5,4000.0,4.248186728859366
isophon,133,5,6000.0,0.12472202939206056
isophon,133,5,8000.0,-3.044722950036629
isophon,133,6,250.0,7.6537000154061445
isophon,133,6,500.0,-2.0918038593900405
isophon,133,6,750.0,-1.180784679349415
isophon,133,6,1000.0,1.9264303628669666
isophon,133,6,1500.0,12.354635815405302
isophon,133,6,2000.0,-4.954335470438366
isophon,133,6,3000.0,-5.853764807092432
isophon,133,6,4000.0,2.327183681848652
isophon,133,6,6000.0,-7.853962778752219
isophon,133,6,8000.0,-10.668145435985707
isophon,133,7,250.0,0.9925068995302695
isophon,133,7,500.0,-6.154731149464567
isophon,133,7,750.0,-3.9461778870258684
isophon,133,7,1000.0,-1.7258702209602745
isophon,133,7,1500.0,9.703842206059775
isophon,133,7,2000.0,-3.836653664759112
isophon,133,7,3000.0,-7.553994949638039
isophon,133,7,4000.0,-0.6235108663648816
isophon,133,7,6000.0,-8.142923922823542
isophon,133,7,8000.0,-6.750266077660882
isophon,133,8,250.0,1.4124429909398373
isophon,133,8,500.0,-5.601342723361384
isophon,133,8,750.0,-6.318455930766447
isophon,133,8,1000.0,0.3791990651656931
isophon,133,8,1500.0,8.11734367035507
isophon,133,8,2000.0,-4.035982202887368
isophon,133,8,3000.0,-6.385905971758831
isophon,133,8,4000.0,-0.25867729586300925
isophon,133,8,6000.0,-7.511869455630176
isophon,133,8,8000.0,-9.369314318202242
isophon,133,9,250.0,2.249008305797247
isophon,133,9,500.0,-7.4246616899321936
isophon,133,9,750.0,-6.69266538263642
isophon,133,9,1000.0,-1.2240764560954176
isophon,133,9,1500.0,6.4627127879499255
isophon,133,9,2000.0,-6.86745986237753
isophon,133,9,3000.0,-6.391504003895591
isophon,133,9,4000.0,3.024064606346286
isophon,133,9,6000.0,-7.6316545361472095
isophon,133,9,8000.0,-12.544310436847766
isophon,133,10,250.0,-2.5978794937180396
isophon,133,10,500.0,-4.638658660381125
isophon,133,10,750.0,-6.292414401042649
isophon,133,10,1000.0,-0.7885669422905863
isophon,133,10,1500.0,6.0324823535661665
isophon,133,10,2000.0,-11.250032043457026
isophon,133,10,3000.0,-9.57325054645166
isophon,133,10,4000.0,5.423820805318954
isophon,133,10,6000.0,-5.2897273566497915
isophon,133,10,8000.0,-10.79830703735351
isophon,134,1,250.0,37.997005351825166
isophon,134,1,500.0,-4.365557159662245
isophon,134,1,750.0,5.562113438507808
isophon,134,1,1000.0,3.0873523404374055
isophon,134,1,1500.0,3.0547746871741577
isophon,134,1,2000.0,3.7210336399084465
isophon,134,1,3000.0,3.3275562737018305
isophon,134,1,4000.0,-8.02211435624038
isophon,134,1,6000.0,4.3226344793907
isophon,134,1,8000.0,10.126725382646882
isophon,134,2,250.0,13.935919975834821
isophon,134,2,500.0,4.319834599325631
isophon,134,2,750.0,-11.146225606287388
isophon,134,2,1000.0,-3.3803035175860074
isophon,134,2,1500.0,1.6258420613616806
isophon,134,2,2000.0,-2.6243955891319004
isophon,134,2,3000.0,7.4210826837989
isophon,134,2,4000.0,-4.783107478060423
isophon,134,2,6000.0,-2.1839651152541535
isophon,134,2,8000.0,16.902987236731683
isophon,134,3,250.0,14.49443479885533
isophon,134,3,500.0,7.130491940792631
isophon,134,3,750.0,-6.044421587227021
isophon,134,3,1000.0,-1.2419857976066808
isophon,134,3,1500.0,1.7618676848306336
isophon,134,3,2000.0,-1.7753004166149324
isophon,134,3,3000.0,6.984064723284334
isophon,134,3,4000.0,-3.6398565044011377
isophon,134,3,6000.0,-2.916933787993898
isophon,134,3,8000.0,16.823896361685698
isophon,134,4,250.0,4.943851205955326
isophon,134,4,500.0,-0.3123724926365341
isophon,134,4,750.0,-1.5273858239836926
isophon,134,4,1000.0,7.9734195165383355
isophon,134,4,1500.0,3.391602388148513
isophon,134,4,2000.0,-5.505558249023856
isophon,134,4,3000.0,4.389521642664896
isophon,134,4,4000.0,-5.909992747508355
isophon,134,4,6000.0,-2.315525207873165
isophon,134,4,8000.0,9.550374098958343
isophon,134,5,250.0,9.546460523205951
isophon,134,5,500.0,10.454479560922636
isophon,134,5,750.0,2.0187191606439967
isophon,134,5,1000.0,3.330775769164461
isophon,134,5,1500.0,5.012321669150282
isophon,134,5,2000.0,-10.064755481431575
isophon,134,5,3000.0,1.9276800571216626
isophon,134,5,4000.0,-3.3271206463246585
isophon,134,5,6000.0,3.294618883050447
isophon,134,5,8000.0,1.5289289526751304
isophon,134,6,250.0,-1.5782832703099672
isophon,134,6,500.0,4.249024582207596
isophon,134,6,750.0,-4.897537464580125
isophon,134,6,1000.0,-6.3673004117939485
isophon,134,6,1500.0,-1.5570961521468405
isophon,134,6,2000.0,-4.846589545270234
isophon,134,6,3000.0,4.020445998187029
isophon,134,6,4000.0,-2.8795649682095927
isophon,134,6,6000.0,-1.1833566568590612
isophon,134,6,8000.0,7.556021986308465
isophon,134,7,250.0,-4.572060919670534
isophon,134,7,500.0,0.04763292390792628
isophon,134,7,750.0,-4.070003172838483
isophon,134,7,1000.0,-1.0877096412967973
isophon,134,7,1500.0,-2.7494704031330883
isophon,134,7,2000.0,-1.3732694511259211
isophon,134,7,3000.0,2.7895803936995094
isophon,134,7,4000.0,-2.265722613564648
isophon,134,7,6000.0,2.3943688673707726
isophon,134,7,8000.0,11.127735700059475
isophon,134,8,250.0,-5.779532982953711
isophon,134,8,500.0,-1.6338524581994562
isophon,134,8,750.0,-1.0517850805586448
isophon,134,8,1000.0,-1.0089605425251875
isophon,134,8,1500.0,-2.50199720554437
isophon,134,8,2000.0,-0.21536269277009978
isophon,134,8,3000.0,4.3693909132128255
isophon,134,8,4000.0,2.3554871628072505
isophon,134,8,6000.0,1.333263600882617
isophon,134,8,8000.0,8.015058456499617
isophon,134,9,250.0,-4.6935671514115995
isophon,134,9,500.0,1.1508800642915986
isophon,134,9,750.0,0.8010312338620764
isophon,134,9,1000.0,0.8569029635148127
isophon,134,9,1500.0,-2.0183602449795046
isophon,134,9,2000.0,1.127679839413446
isophon,134,9,3000.0,5.953041193783164
isophon,134,9,4000.0,2.4431909776987766
isophon,134,9,6000.0,-0.5653538813870682
isophon,134,9,8000.0,4.34055501363072
isophon,134,10,250.0,-2.3235514573423046
isophon,134,10,500.0,2.4417595406648473
isophon,134,10,750.0,-6.28868321279414
isophon,134,10,1000.0,1.6303628375940065
isophon,134,10,1500.0,0.4272557454393251
isophon,134,10,2000.0,5.7191053606722875
isophon,134,10,3000.0,5.382095625802194
isophon,134,10,4000.0,0.05510533950922536
isophon,134,10,6000.0,2.446483303685355
isophon,134,10,8000.0,-0.291279244049349
isophon,135,1,250.0,8.224479906503618
isophon,135,1,500.0,-9.712927146902551
isophon,135,1,750.0,11.525343802727122
isophon,135,1,1000.0,1.1836110002518012
isophon,135,1,1500.0,10.73414205614909
isophon,135,1,2000.0,8.268165423653137
isophon,135,1,3000.0,24.67290426984902
isophon,135,1,4000.0,5.979309477396612
isophon,135,1,6000.0,-1.365825680291067
isophon,135,1,8000.0,29.421406737759412
isophon,135,2,250.0,-5.5086073897818295
isophon,135,2,500.0,-2.619313373834899
isophon,135,2,750.0,5.910828300352108
isophon,135,2,1000.0,-7.8156721015742505
isophon,135,2,1500.0,0.7967471976025919
isophon,135,2,2000.0,2.568225714752323
isophon,135,2,3000.0,1.1663608935516336
isophon,135,2,4000.0,5.0844956293340715
isophon,135,2,6000.0,4.185510464854303
isophon,135,2,8000.0,15.95574247958021
isophon,135,3,250.0,0.958586007429318
isophon,135,3,500.0,-4.294319299155433
isophon,135,3,750.0,8.042067758857485
isophon,135,3,1000.0,-0.719287476241476
isophon,135,3,1500.0,3.666790951238994
isophon,135,3,2000.0,-0.06470021471830023
isophon,135,3,3000.0,-3.0623444355749285
isophon,135,3,4000.0,0.5111484365290693
isophon,135,3,6000.0,-3.4500216396150734
isophon,135,3,8000.0,7.169469505158446
isophon,135,4,250.0,8.753563995206846
isophon,135,4,500.0,1.2537338940630747
isophon,135,4,750.0,8.989933250678092
isophon,135,4,1000.0,1.2089187265795545
isophon,135,4,1500.0,-2.1481249230619284
isophon,135,4,2000.0,-10.448421729558191
isophon,135,4,3000.0,4.197674332735616
isophon,135,4,4000.0,7.19046307620718
isophon,135,4,6000.0,1.8186469542064145
isophon,135,4,8000.0,3.697487947712844
isophon,135,5,250.0,-1.6853857934558505
isophon,135,5,500.0,-0.5083433557571624
isophon,135,5,750.0,8.304880611417161
isophon,135,5,1000.0,2.6937831712630214
isophon,135,5,1500.0,1.5929068116246867
isophon,135,5,2000.0,-6.277719880405613
isophon,135,5,3000.0,4.864795305841383
isophon,135,5,4000.0,11.403532238275858
isophon,135,5,6000.0,5.232457009163269
isophon,135,5,8000.0,6.35589479670675
isophon,135,6,250.0,-1.0852895188508143
isophon,135,6,500.0,-2.838268770891986
isophon,135,6,750.0,4.367235300984532
isophon,135,6,1000.0,-1.2948937407190897
isophon,135,6,1500.0,-0.8994596989354875
isophon,135,6,2000.0,-3.631418715639313
isophon,135,6,3000.0,2.4385325854478452
isophon,135,6,4000.0,2.160616621303916
isophon,135,6,6000.0,-1.1551918182964016
isophon,135,6,8000.0,2.0640710639800517
isophon,135,7,250.0,-2.2226438153391257
isophon,135,7,500.0,-0.6655758206664899
isophon,135,7,750.0,1.359665966533342
isophon,135,7,1000.0,-2.792899263871206
isophon,135,7,1500.0,-1.6572646587927693
isophon,135,7,2000.0,-3.1031474742772502
isophon,135,7,3000.0,2.119583598312488
isophon,135,7,4000.0,-2.1730360674761755
isophon,135,7,6000.0,-5.7361003237405015
isophon,135,7,8000.0,3.047663710851083
isophon,135,8,250.0,0.04966979893721657
isophon,135,8,500.0,0.26834967308816715
isophon,135,8,750.0,-0.2494908466925807
isophon,135,8,1000.0,-1.856510008871922
isophon,135,8,1500.0,1.4372776785230457
isophon,135,8,2000.0,-4.578550319817012
isophon,135,8,3000.0,0.6511739077097047
isophon,135,8,4000.0,-1.694023808082278
isophon,135,8,6000.0,-4.548721620300839
isophon,135,8,8000.0,2.3056292347897056
isophon,135,9,250.0,1.0365819540856194
isophon,135,9,500.0,-2.4627289952127853
isophon,135,9,750.0,-1.4632986268031942
isophon,135,9,1000.0,-4.00900634958343
isophon,135,9,1500.0,-4.735536076894078
isophon,135,9,2000.0,-3.9587349859750844
isophon,135,9,3000.0,-1.7412948957492205
isophon,135,9,4000.0,0.3562071004627967
isophon,135,9,6000.0,-3.0525548282261212
isophon,135,9,8000.0,2.977104004063989
isophon,135,10,250.0,2.823162660636811
isophon,135,10,500.0,0.33076209362162956
isophon,135,10,750.0,0.13572324021120608
isophon,135,10,1000.0,-3.035593313365993
isophon,135,10,1500.0,-2.980421062047
isophon,135,10,2000.0,-6.723867088579354
isophon,135,10,3000.0,-5.756158447265548
isophon,135,10,4000.0,1.7653668690380897
isophon,135,10,6000.0,-1.7067527930038437
isophon,135,10,8000.0,2.849965612229582
isophon,136,1,250.0,-12.189866851794235
isophon,136,1,500.0,0.06014611937303016
isophon,136,1,750.0,6.127204679162844
isophon,136,1,1000.0,-5.960950038797215
isophon,136,1,1500.0,3.493829685903533
isophon,136,1,2000.0,-4.812430020877738
isophon,136,1,3000.0,9.194653601856473
isophon,136,1,4000.0,1.3002051091269209
isophon,136,1,6000.0,-3.5978108223565783
isophon,136,1,8000.0,-3.3903756233403897
isophon,136,2,250.0,-3.4577877910629127
isophon,136,2,500.0,-4.572496075097057
isophon,136,2,750.0,2.053909670639179
isophon,136,2,1000.0,0.8736409239953531
isophon,136,2,1500.0,0.4321719702002724
isophon,136,2,2000.0,7.464481430637086
isophon,136,2,3000.0,12.723986792362119
isophon,136,2,4000.0,9.729344415836309
isophon,136,2,6000.0,-7.484437801815318
isophon,136,2,8000.0,-12.512524869428134
isophon,136,3,250.0,-0.7050118114377568
isophon,136,3,500.0,0.4204679847078481
isophon,136,3,750.0,1.9930233672613582
isophon,136,3,1000.0,2.6646397663021233
isophon,136,3,1500.0,-4.509163075165816
isophon,136,3,2000.0,-6.52939497867191
isophon,136,3,3000.0,0.994829968270551
isophon,136,3,4000.0,3.4129705772285845
isophon,136,3,6000.0,-10.491064502960995
isophon,136,3,8000.0,-5.151547396956545
isophon,136,4,250.0,-3.255066075749653
isophon,136,4,500.0,2.331742773784896
isophon,136,4,750.0,5.733610004646202
isophon,136,4,1000.0,2.526955632190834
isophon,136,4,1500.0,-3.1937342723555275
isophon,136,4,2000.0,-11.112427017535637
isophon,136,4,3000.0,2.9293230006850592
isophon,136,4,4000.0,1.6906975233997343
isophon,136,4,6000.0,-6.576736718120316
isophon,136,4,8000.0,-2.849869494522295
isophon,136,5,250.0,2.1766118232332587
isophon,136,5,500.0,1.4609540905208007
isophon,136,5,750.0,4.998460487104282
isophon,136,5,1000.0,3.3788042438043107
isophon,136,5,1500.0,2.0175371486793523
isophon,136,5,2000.0,-4.4083890942125095
isophon,136,5,3000.0,7.54050709952493
isophon,136,5,4000.0,1.3917632799322917
isophon,136,5,6000.0,-0.5131061893643363
isophon,136,5,8000.0,0.17370882653477793
isophon,136,6,250.0,4.015738094465121
isophon,136,6,500.0,-0.4700656621773618
isophon,136,6,750.0,4.918521417784902
isophon,136,6,1000.0,2.581858824560072
isophon,136,6,1500.0,-0.520877394050828
isophon,136,6,2000.0,-3.51690057540128
isophon,136,6,3000.0,6.86475809394193
isophon,136,6,4000.0,-0.7530375136579295
isophon,136,6,6000.0,-3.469569559675975
isophon,136,6,8000.0,-7.899629477873546
isophon,136,7,250.0,-2.9029394257205183
isophon,136,7,500.0,-5.3189890699117655
isophon,136,7,750.0,-2.587633801862964
isophon,136,7,1000.0,2.0302254170430842
isophon,136,7,1500.0,-1.1583939632548095
isophon,136,7,2000.0,-2.069957843550725
isophon,136,7,3000.0,5.739731578099068
isophon,136,7,4000.0,-1.2278668382256797
isophon,136,7,6000.0,-3.8793583504591425
isophon,136,7,8000.0,-4.24771069474636
isophon,136,8,250.0,-2.015694712782647
isophon,136,8,500.0,-4.571970566109584
isophon,136,8,750.0,-3.247267487918606
isophon,136,8,1000.0,4.11888646645086
isophon,136,8,1500.0,-3.667938191632274
isophon,136,8,2000.0,-2.169998533031034
isophon,136,8,3000.0,3.8614575098000756
isophon,136,8,4000.0,-0.6822919215634471
isophon,136,8,6000.0,-3.537552787446444
isophon,136,8,8000.0,-5.506681011428952
isophon,136,9,250.0,-0.8615321781236815
isophon,136,9,500.0,-6.036765959102041
isophon,136,9,750.0,-3.171961099408449
isophon,136,9,1000.0,2.6437006396227503
isophon,136,9,1500.0,-5.193387872758038
isophon,136,9,2000.0,-5.042232119477859
isophon,136,9,3000.0,1.5228197555203877
isophon,136,9,4000.0,2.317284004479305
isophon,136,9,6000.0,-4.26853342750033
isophon,136,9,8000.0,-8.386246744602346
isophon,136,10,250.0,-3.493224947233898
isophon,136,10,500.0,-3.481131117829875
isophon,136,10,750.0,-2.7971167762008804
isophon,136,10,1000.0,2.787395149488006
isophon,136,10,1500.0,-5.370880494845423
isophon,136,10,2000.0,-9.557097098894658
isophon,136,10,3000.0,-4.963549310761138
isophon,136,10,4000.0,4.457034924802585
isophon,136,10,6000.0,-1.871244395004453
isophon,136,10,8000.0,-6.558842517318581
isophon,137,1,250.0,-17.941178957154705
isophon,137,1,500.0,33.246356000331346
isophon,137,1,750.0,34.55300185778279
isophon,137,1,1000.0,31.671030641701293
isophon,137,1,1500.0,25.882814574299438
isophon,137,1,2000.0,16.877399318823507
isophon,137,1,3000.0,-8.456458190643929
isophon,137,1,4000.0,20.47864761794299
isophon,137,1,6000.0,13.78694719197015
isophon,137,1,8000.0,35.78978842428519
isophon,137,2,250.0,-10.672400221613145
isophon,137,2,500.0,10.859674362657401
isophon,137,2,750.0,24.439654359388413
isophon,137,2,1000.0,13.338676133521105
isophon,137,2,1500.0,5.674020216880635
isophon,137,2,2000.0,16.34109201972518
isophon,137,2,3000.0,-2.407553875900888
isophon,137,2,4000.0,1.8793415293621933
isophon,137,2,6000.0,-3.634878617802528
isophon,137,2,8000.0,17.306477078668948
isophon,137,3,250.0,-7.241709249457543
isophon,137,3,500.0,3.834685104439302
isophon,137,3,750.0,14.176780090981346
isophon,137,3,1000.0,3.0348854991753313
isophon,137,3,1500.0,1.6950251425183183
isophon,137,3,2000.0,6.235746664199098
isophon,137,3,3000.0,-4.9106416852370245
isophon,137,3,4000.0,1.0665586553173512
isophon,137,3,6000.0,0.4718395304433045
isophon,137,3,8000.0,20.15790604224813
isophon,137,4,250.0,-4.51289923967029
isophon,137,4,500.0,-1.0950681913055007
isophon,137,4,750.0,8.4575833399238
isophon,137,4,1000.0,-6.746873916639089
isophon,137,4,1500.0,-4.1952060616373785
isophon,137,4,2000.0,6.111533731245544
isophon,137,4,3000.0,-4.703681598375354
isophon,137,4,4000.0,-4.263018869198788
isophon,137,4,6000.0,-0.7328553088961485
isophon,137,4,8000.0,20.07839422787005
isophon,137,5,250.0,0.007677635054193388
isophon,137,5,500.0,0.6735801689277707
isophon,137,5,750.0,3.3559041759798447
isophon,137,5,1000.0,-3.004739008566631
isophon,137,5,1500.0,-2.137282325065115
isophon,137,5,2000.0,8.5452594763657
isophon,137,5,3000.0,-2.081121693223949
isophon,137,5,4000.0,-1.704784711775929
isophon,137,5,6000.0,2.392622901553068
isophon,137,5,8000.0,20.035982003179342
isophon,137,6,250.0,-4.507667987584227
isophon,137,6,500.0,-1.753039713391047
isophon,137,6,750.0,-1.1677123594171803
isophon,137,6,1000.0,-1.3416194269852326
isophon,137,6,1500.0,-3.809021159364974
isophon,137,6,2000.0,1.7387629533581759
isophon,137,6,3000.0,-5.188803769795356
isophon,137,6,4000.0,-7.04023699855685
isophon,137,6,6000.0,-6.4362838003224425
isophon,137,6,8000.0,12.37923597062337
isophon,137,7,250.0,-1.8008487838058187
isophon,137,7,500.0,2.20750116465463
isophon,137,7,750.0,-2.7588622733018724
isophon,137,7,1000.0,-6.036263445371063
isophon,137,7,1500.0,-4.9546638449301525
isophon,137,7,2000.0,6.71485110249759
isophon,137,7,3000.0,-6.2646976572754625
isophon,137,7,4000.0,-3.603999446832958
isophon,137,7,6000.0,-6.269272766700951
isophon,137,7,8000.0,12.136589525350772
isophon,137,8,250.0,-2.7296509128676973
isophon,137,8,500.0,3.2821721023729395
isophon,137,8,750.0,-4.284181665254579
isophon,137,8,1000.0,-8.025278672853574
isophon,137,8,1500.0,-10.101298832443192
isophon,137,8,2000.0,2.777127221281077
isophon,137,8,3000.0,-5.827407071133308
isophon,137,8,4000.0,-5.106309742553691
isophon,137,8,6000.0,-7.634301935305615
isophon,137,8,8000.0,7.187737370997553
isophon,137,9,250.0,-1.3379947763968545
isophon,137,9,500.0,4.412279988603501
isophon,137,9,750.0,-5.740788340489331
isophon,137,9,1000.0,-7.740423777956735
isophon,137,9,1500.0,-9.28785232543946
isophon,137,9,2000.0,-2.0206061297161853
isophon,137,9,3000.0,-4.494469302337308
isophon,137,9,4000.0,-5.236605682373053
isophon,137,9,6000.0,-6.141512908935553
isophon,137,9,8000.0,4.013521588344176
isophon,137,10,250.0,0.5080940768541922
isophon,137,10,500.0,7.171304556755743
isophon,137,10,750.0,-5.000047302246088
isophon,137,10,1000.0,-4.014238030614592
isophon,137,10,1500.0,-6.19051895141601
isophon,137,10,2000.0,-2.983739367326706
isophon,137,10,3000.0,-4.0459675407243765
isophon,137,10,4000.0,-3.941342926025385
isophon,137,10,6000.0,-4.394780731201166
isophon,137,10,8000.0,4.471638454511364
isophon,138,1,250.0,13.866716844784591
isophon,138,1,500.0,17.403742932943643
isophon,138,1,750.0,9.637567254360974
isophon,138,1,1000.0,-2.5272393307093353
isophon,138,1,1500.0,10.327523853539162
isophon,138,1,2000.0,-14.13337997884259
isophon,138,1,3000.0,-4.948534352999914
isophon,138,1,4000.0,-21.258357222437354
isophon,138,1,6000.0,-29.57884248519931
isophon,138,1,8000.0,-29.69956428576755
isophon,138,2,250.0,4.850956783441831
isophon,138,2,500.0,4.111448897797871
isophon,138,2,750.0,7.0151399937281695
isophon,138,2,1000.0,-1.010611625388428
isophon,138,2,1500.0,-3.4432430399398797
isophon,138,2,2000.0,-22.859133597215155
isophon,138,2,3000.0,-2.7813874870695727
isophon,138,2,4000.0,-13.899102777097838
isophon,138,2,6000.0,-9.11602841936768
isophon,138,2,8000.0,-22.41677231132512
isophon,138,3,250.0,4.4290566203602
isophon,138,3,500.0,5.9703986210209194
isophon,138,3,750.0,2.4035389200056017
isophon,138,3,1000.0,-5.5931977086418385
isophon,138,3,1500.0,-9.333199698838499
isophon,138,3,2000.0,-13.66666869834593
isophon,138,3,3000.0,0.6312999037649121
isophon,138,3,4000.0,-10.559542520638388
isophon,138,3,6000.0,2.831229234729193
isophon,138,3,8000.0,-11.034748304227392
isophon,138,4,250.0,9.988695274128162
isophon,138,4,500.0,-0.7881977729823149
isophon,138,4,750.0,-2.404232965114602
isophon,138,4,1000.0,-1.105479400574609
isophon,138,4,1500.0,-7.327659824921099
isophon,138,4,2000.0,-8.261971436312606
isophon,138,4,3000.0,8.532629156357814
isophon,138,4,4000.0,2.1596410217076425
isophon,138,4,6000.0,12.233983018736694
isophon,138,4,8000.0,-1.2460922009623516
isophon,138,5,250.0,13.134555708466962
isophon,138,5,500.0,1.5152705246083542
isophon,138,5,750.0,-3.8176565895323904
isophon,138,5,1000.0,0.8736068775897365
isophon,138,5,1500.0,-4.294895364758929
isophon,138,5,2000.0,-7.205660050793995
isophon,138,5,3000.0,4.059298589062948
isophon,138,5,4000.0,0.6247065778873235
isophon,138,5,6000.0,5.5125055243594545
isophon,138,5,8000.0,0.5020914377351602
isophon,138,6,250.0,8.01705824478185
isophon,138,6,500.0,4.191233136200054
isophon,138,6,750.0,-0.7498367548811729
isophon,138,6,1000.0,-0.9296468726614933
isophon,138,6,1500.0,0.051380657675395014
isophon,138,6,2000.0,-1.5024060863026705
isophon,138,6,3000.0,1.2263932078591324
isophon,138,6,4000.0,1.19813145885648
isophon,138,6,6000.0,1.7333484792053042
isophon,138,6,8000.0,-3.8499797172453185
isophon,138,7,250.0,8.914301120363902
isophon,138,7,500.0,7.300320003884366
isophon,138,7,750.0,1.9640255390330736
isophon,138,7,1000.0,0.9754379658898813
isophon,138,7,1500.0,-0.21987285912362609
isophon,138,7,2000.0,-1.5926716124147475
isophon,138,7,3000.0,2.1137924850035716
isophon,138,7,4000.0,-2.444637153093211
isophon,138,7,6000.0,4.460791671758599
isophon,138,7,8000.0,-2.1689184839722913
isophon,138,8,250.0,9.078279087204606
isophon,138,8,500.0,5.7169790920784465
isophon,138,8,750.0,3.6788786681723877
isophon,138,8,1000.0,-0.4617767725414268
isophon,138,8,1500.0,0.5346487362223513
isophon,138,8,2000.0,-3.0950135208452565
isophon,138,8,3000.0,-1.0854668638325364
isophon,138,8,4000.0,-3.166376033917004
isophon,138,8,6000.0,3.9931832180483298
isophon,138,8,8000.0,0.5256452278766659
isophon,138,9,250.0,8.614475683385166
isophon,138,9,500.0,4.66757448824815
isophon,138,9,750.0,4.316728899542625
isophon,138,9,1000.0,-1.3200598144531313
isophon,138,9,1500.0,2.527727580361372
isophon,138,9,2000.0,-4.206757390329599
isophon,138,9,3000.0,-6.704673347869047
isophon,138,9,4000.0,0.3840270311588938
isophon,138,9,6000.0,1.7389739180383117
isophon,138,9,8000.0,2.281014391920735
isophon,138,10,250.0,4.915433308111105
isophon,138,10,500.0,6.448642356736087
isophon,138,10,750.0,4.821981974664311
isophon,138,10,1000.0,0.3070930480957088
isophon,138,10,1500.0,4.50229071778422
isophon,138,10,2000.0,-1.4648296432763175
isophon,138,10,3000.0,-4.885756948275429
isophon,138,10,4000.0,1.637831571538058
isophon,138,10,6000.0,2.7525546407810566
isophon,138,10,8000.0,2.3765414887750893
isophon,139,1,250.0,12.929947373759184
isophon,139,1,500.0,-0.6075647193049747
isophon,139,1,750.0,6.947589677366707
isophon,139,1,1000.0,-0.4315297662447506
isophon,139,1,1500.0,-1.3130766069968516
isophon,139,1,2000.0,21.751563291218897
isophon,139,1,3000.0,23.820659773760955
isophon,139,1,4000.0,5.007177137552638
isophon,139,1,6000.0,-6.101044407805361
isophon,139,1,8000.0,1.9565205367973135
isophon,139,2,250.0,-3.4562903730923225
isophon,139,2,500.0,4.390715590636503
isophon,139,2,750.0,3.141505313814392
isophon,139,2,1000.0,6.2759902309986515
isophon,139,2,1500.0,2.8678289247234474
isophon,139,2,2000.0,21.195416228361665
isophon,139,2,3000.0,4.154832005153835
isophon,139,2,4000.0,-4.651088870613357
isophon,139,2,6000.0,-12.60553799942167
isophon,139,2,8000.0,-2.2938200184013056
isophon,139,3,250.0,-1.969171431642465
isophon,139,3,500.0,-5.20033373019362
isophon,139,3,750.0,-2.570032194450704
isophon,139,3,1000.0,3.5394808411607244
isophon,139,3,1500.0,13.06222455061642
isophon,139,3,2000.0,11.146669836138038
isophon,139,3,3000.0,-3.2082589898136575
isophon,139,3,4000.0,-4.68110845490601
isophon,139,3,6000.0,-1.5348681374278215
isophon,139,3,8000.0,-3.581472863615801
isophon,139,4,250.0,4.168987854935153
isophon,139,4,500.0,2.934243147145267
isophon,139,4,750.0,-2.8956563786278195
isophon,139,4,1000.0,-0.9417733952142271
isophon,139,4,1500.0,5.68985964232769
isophon,139,4,2000.0,2.60577606355713
isophon,139,4,3000.0,-4.431779527672873
isophon,139,4,4000.0,-5.08418810962803
isophon,139,4,6000.0,2.406828149612423
isophon,139,4,8000.0,-2.9342853067095405
isophon,139,5,250.0,4.142064422165305
isophon,139,5,500.0,1.1246756967857579
isophon,139,5,750.0,1.9091229602730664
isophon,139,5,1000.0,2.883804687616305
isophon,139,5,1500.0,10.040443906389342
isophon,139,5,2000.0,6.581109629292413
isophon,139,5,3000.0,-0.00390679472560862
isophon,139,5,4000.0,0.3340539837575136
isophon,139,5,6000.0,5.336778321183516
isophon,139,5,8000.0,-4.482431981322165
isophon,139,6,250.0,0.48534828804010033
isophon,139,6,500.0,-2.897933717486069
isophon,139,6,750.0,-3.164291971951158
isophon,139,6,1000.0,-2.0874524947625446
isophon,139,6,1500.0,6.238702228145797
isophon,139,6,2000.0,-9.208856391309382
isophon,139,6,3000.0,-4.82761395971535
isophon,139,6,4000.0,4.4580905152754156
isophon,139,6,6000.0,4.141640872138211
isophon,139,6,8000.0,1.5871629042032538
isophon,139,7,250.0,1.6549678386772086
isophon,139,7,500.0,-0.39136156302964764
isophon,139,7,750.0,-3.165977563136366
isophon,139,7,1000.0,0.6440725553774058
isophon,139,7,1500.0,6.072185881682543
isophon,139,7,2000.0,-9.621579773907087
isophon,139,7,3000.0,-3.6309192751218973
isophon,139,7,4000.0,6.54761803963595
isophon,139,7,6000.0,2.6972914528218865
isophon,139,7,8000.0,-4.381557989249245
isophon,139,8,250.0,3.4242090135214767
isophon,139,8,500.0,0.1447186557533655
isophon,139,8,750.0,-1.4910873599779961
isophon,139,8,1000.0,1.2265250919093518
isophon,139,8,1500.0,5.34225578460557
isophon,139,8,2000.0,-7.423722238115275
isophon,139,8,3000.0,-1.5693369611811647
isophon,139,8,4000.0,2.3683950568269125
isophon,139,8,6000.0,2.685536067363074
isophon,139,8,8000.0,-3.2320346983774613
isophon,139,9,250.0,5.648442686387696
isophon,139,9,500.0,0.17630439665919084
isophon,139,9,750.0,0.49599895359574475
isophon,139,9,1000.0,2.5562012622399806
isophon,139,9,1500.0,5.622659569279804
isophon,139,9,2000.0,-5.423958369682282
isophon,139,9,3000.0,0.3816507095482251
isophon,139,9,4000.0,-0.6795541225663726
isophon,139,9,6000.0,1.1092310971053507
isophon,139,9,8000.0,-2.174987276456264
isophon,139,10,250.0,7.245819541199339
isophon,139,10,500.0,3.9014087031696363
isophon,139,10,750.0,2.010443323340496
isophon,139,10,1000.0,4.482792291304094
isophon,139,10,1500.0,7.885343971045202
isophon,139,10,2000.0,-4.116859968998668
isophon,139,10,3000.0,2.67411082135294
isophon,139,10,4000.0,0.7063942864500774
isophon,139,10,6000.0,2.810816340109426
isophon,139,10,8000.0,-0.2259718720992936
isophon,140,1,250.0,22.78497917175293
isophon,140,1,500.0,4.947733153361565
isophon,140,1,750.0,0.5400021743774417
isophon,140,1,1000.0,4.047713584899903
isophon,140,1,1500.0,6.198258455535425
isophon,140,1,2000.0,14.456993885040283
isophon,140,1,3000.0,10.878372497558594
isophon,140,1,4000.0,-2.9642889109783326
isophon,140,1,6000.0,16.336278706770685
isophon,140,1,8000.0,-32.687943461056435
isophon,140,2,250.0,6.878775688384067
isophon,140,2,500.0,2.1444068098598024
isophon,140,2,750.0,-1.148547884194862
isophon,140,2,1000.0,-8.240539423109205
isophon,140,2,1500.0,-2.274314325449481
isophon,140,2,2000.0,-2.263104705810548
isophon,140,2,3000.0,2.358549804687499
isophon,140,2,4000.0,-12.975966202113739
isophon,140,2,6000.0,7.26425650619656
isophon,140,2,8000.0,-23.92300826673622
isophon,140,3,250.0,2.770892567803706
isophon,140,3,500.0,4.1958410174533185
isophon,140,3,750.0,4.307527078862115
isophon,140,3,1000.0,-3.1111908363916
isophon,140,3,1500.0,-2.56137093285092
isophon,140,3,2000.0,-1.1081983818829855
isophon,140,3,3000.0,3.299363902850544
isophon,140,3,4000.0,-10.413090018276506
isophon,140,3,6000.0,6.502842645841511
isophon,140,3,8000.0,-15.34244991009264
isophon,140,4,250.0,-1.7153832153430812
isophon,140,4,500.0,7.207210351386507
isophon,140,4,750.0,5.407261324609564
isophon,140,4,1000.0,-0.6930431158478854
isophon,140,4,1500.0,-6.063320901482953
isophon,140,4,2000.0,0.4680616965653428
isophon,140,4,3000.0,5.960993664389164
isophon,140,4,4000.0,-3.7762543189816142
isophon,140,4,6000.0,5.9943833480879505
isophon,140,4,8000.0,-14.252925750648515
isophon,140,5,250.0,-2.594207068180438
isophon,140,5,500.0,2.357998797563937
isophon,140,5,750.0,5.006449258649312
isophon,140,5,1000.0,-0.24575133222613488
isophon,140,5,1500.0,-5.070180286688242
isophon,140,5,2000.0,-2.999607340767483
isophon,140,5,3000.0,3.184841143596458
isophon,140,5,4000.0,-2.8550859875423527
isophon,140,5,6000.0,3.1352086560744397
isophon,140,5,8000.0,-7.0477992801302065
isophon,140,6,250.0,-2.7361493841217026
isophon,140,6,500.0,-5.062490071480653
isophon,140,6,750.0,1.2147698941907379
isophon,140,6,1000.0,6.602133665263295
isophon,140,6,1500.0,5.433823180275638
isophon,140,6,2000.0,9.705567524955171
isophon,140,6,3000.0,12.934029986369893
isophon,140,6,4000.0,7.125584978575091
isophon,140,6,6000.0,11.475019402068469
isophon,140,6,8000.0,-3.625168164417346
isophon,140,7,250.0,-1.7425574198155687
isophon,140,7,500.0,-1.5356063999690264
isophon,140,7,750.0,-3.19808112034778
isophon,140,7,1000.0,0.6269666304174422
isophon,140,7,1500.0,9.623668202947641
isophon,140,7,2000.0,3.7426036209288895
isophon,140,7,3000.0,7.719105461853488
isophon,140,7,4000.0,4.793268842228869
isophon,140,7,6000.0,13.357756021080178
isophon,140,7,8000.0,-1.5560169347314172
isophon,140,8,250.0,-2.5635539069466233
isophon,140,8,500.0,2.3737081419676684
isophon,140,8,750.0,-0.7646669802192889
isophon,140,8,1000.0,2.6999437196280525
isophon,140,8,1500.0,12.659449879430454
isophon,140,8,2000.0,5.165403150958184
isophon,140,8,3000.0,11.144019846977727
isophon,140,8,4000.0,3.336581613067935
isophon,140,8,6000.0,12.600116659949435
isophon,140,8,8000.0,0.7453352653977987
isophon,140,9,250.0,-2.4425764465331667
isophon,140,9,500.0,5.001038708718454
isophon,140,9,750.0,1.5391816711429556
isophon,140,9,1000.0,4.31227266860266
isophon,140,9,1500.0,13.915148062111854
isophon,140,9,2000.0,7.107714857501151
isophon,140,9,3000.0,13.660415555251745
isophon,140,9,4000.0,3.537507079300468
isophon,140,9,6000.0,10.575363661980404
isophon,140,9,8000.0,2.9423919564312513
isophon,140,10,250.0,-0.5412574768066065
isophon,140,10,500.0,6.0042479246395715
isophon,140,10,750.0,2.1867317199710783
isophon,140,10,1000.0,6.8539034672858605
isophon,140,10,1500.0,14.438112412987849
isophon,140,10,2000.0,0.3228820800781307
isophon,140,10,3000.0,7.616372201151577
isophon,140,10,4000.0,3.5372845468959753
isophon,140,10,6000.0,3.606489562988287
isophon,140,10,8000.0,5.118148913821557
isophon,141,1,250.0,-15.533051562793062
isophon,141,1,500.0,-19.003254133661713
isophon,141,1,750.0,-15.936977324164175
isophon,141,1,1000.0,-14.79273509601704
isophon,141,1,1500.0,-19.79601260505746
isophon,141,1,2000.0,7.557555308612297
isophon,141,1,3000.0,-19.826833829811775
isophon,141,1,4000.0,-12.545533581198242
isophon,141,1,6000.0,-15.688953280888768
isophon,141,1,8000.0,-44.39914167657727
isophon,141,2,250.0,-3.136669861491143
isophon,141,2,500.0,3.1868953918066367
isophon,141,2,750.0,-1.7829485985502203
isophon,141,2,1000.0,2.5151992216874532
isophon,141,2,1500.0,-3.1229631642759372
isophon,141,2,2000.0,-4.630414366651692
isophon,141,2,3000.0,1.197380069784458
isophon,141,2,4000.0,3.838275818598291
isophon,141,2,6000.0,2.704250373670803
isophon,141,2,8000.0,-19.477108986846744
isophon,141,3,250.0,1.8351836414736624
isophon,141,3,500.0,5.07921775883203
isophon,141,3,750.0,-0.4845508998512855
isophon,141,3,1000.0,0.2255001580279412
isophon,141,3,1500.0,6.8655474674005035
isophon,141,3,2000.0,2.571548755324507
isophon,141,3,3000.0,1.225604427277048
isophon,141,3,4000.0,6.1609500486496245
isophon,141,3,6000.0,-3.533936392099406
isophon,141,3,8000.0,-12.963568623352245
isophon,141,4,250.0,-0.09191097073436083
isophon,141,4,500.0,7.046352782437822
isophon,141,4,750.0,6.421468651410407
isophon,141,4,1000.0,3.3518314654396306
isophon,141,4,1500.0,9.211776978860286
isophon,141,4,2000.0,10.923916166449473
isophon,141,4,3000.0,4.871617347001376
isophon,141,4,4000.0,7.772966389252531
isophon,141,4,6000.0,-5.0454372811543635
isophon,141,4,8000.0,-20.007999990996723
isophon,141,5,250.0,0.0075494295855662585
isophon,141,5,500.0,12.967058487039822
isophon,141,5,750.0,9.143808234521288
isophon,141,5,1000.0,5.323401774734151
isophon,141,5,1500.0,10.332022721854827
isophon,141,5,2000.0,11.699838837635241
isophon,141,5,3000.0,1.3849255372867333
isophon,141,5,4000.0,4.99727426521541
isophon,141,5,6000.0,-4.0924090448454535
isophon,141,5,8000.0,-11.707073652893953
isophon,141,6,250.0,5.737390166886286
isophon,141,6,500.0,11.802487480041606
isophon,141,6,750.0,3.2954981750485643
isophon,141,6,1000.0,0.8281561479315087
isophon,141,6,1500.0,4.136853256322908
isophon,141,6,2000.0,4.1958308779205
isophon,141,6,3000.0,-0.08372110221958451
isophon,141,6,4000.0,1.325935559966183
isophon,141,6,6000.0,1.1254504642276117
isophon,141,6,8000.0,-8.800126175568565
isophon,141,7,250.0,10.932259824784168
isophon,141,7,500.0,12.480501324425063
isophon,141,7,750.0,5.7702613138110905
isophon,141,7,1000.0,-3.9200392267089086
isophon,141,7,1500.0,3.784512848269074
isophon,141,7,2000.0,7.4100650858018895
isophon,141,7,3000.0,3.87145679514542
isophon,141,7,4000.0,3.366214006849688
isophon,141,7,6000.0,1.9339851420917284
isophon,141,7,8000.0,-7.616417643619016
isophon,141,8,250.0,11.534195917719359
isophon,141,8,500.0,15.920774268803811
isophon,141,8,750.0,6.935584746086931
isophon,141,8,1000.0,-1.4035605639167699
isophon,141,8,1500.0,2.3396403485871815
isophon,141,8,2000.0,6.223232963044111
isophon,141,8,3000.0,0.6423813388059472
isophon,141,8,4000.0,3.72165866111375
isophon,141,8,6000.0,1.7620350202977448
isophon,141,8,8000.0,-4.966016642873797
isophon,141,9,250.0,12.159360131499298
isophon,141,9,500.0,17.781539153237418
isophon,141,9,750.0,7.5999857406472415
isophon,141,9,1000.0,-0.17676896836185563
isophon,141,9,1500.0,1.4201917941807523
isophon,141,9,2000.0,3.619168079107638
isophon,141,9,3000.0,0.18926140974218697
isophon,141,9,4000.0,4.887330290572578
isophon,141,9,6000.0,0.4332130457921721
isophon,141,9,8000.0,-2.3012700559127097
isophon,141,10,250.0,6.206234161842829
isophon,141,10,500.0,13.730578844206704
isophon,141,10,750.0,7.764011763349998
isophon,141,10,1000.0,1.3141120922084895
isophon,141,10,1500.0,2.236495678768364
isophon,141,10,2000.0,2.59832916618484
isophon,141,10,3000.0,0.7085811651898695
isophon,141,10,4000.0,4.981322383195092
isophon,141,10,6000.0,1.81828701643731
isophon,141,10,8000.0,-1.5916689758579992
isophon,142,1,250.0,25.047613462129952
isophon,142,1,500.0,3.9476878683856533
isophon,142,1,750.0,0.5319737264058944
isophon,142,1,1000.0,2.133009879555104
isophon,142,1,1500.0,10.856891885690715
isophon,142,1,2000.0,21.966650714022926
isophon,142,1,3000.0,-6.069043917926599
isophon,142,1,4000.0,-9.33735740065481
isophon,142,1,6000.0,-4.501659346858304
isophon,142,1,8000.0,4.799953230923329
isophon,142,2,250.0,5.812977372293254
isophon,142,2,500.0,-2.530854579010388
isophon,142,2,750.0,-4.14283225404256
isophon,142,2,1000.0,-4.894289051286208
isophon,142,2,1500.0,-3.4896170617534352
isophon,142,2,2000.0,3.292234499146609
isophon,142,2,3000.0,0.03140298219940263
isophon,142,2,4000.0,-3.6908347175832006
isophon,142,2,6000.0,-4.338669158096238
isophon,142,2,8000.0,-1.6845483017066698
isophon,142,3,250.0,10.00113203666315
isophon,142,3,500.0,-1.8540031411309315
isophon,142,3,750.0,-1.560612774443726
isophon,142,3,1000.0,1.777651257802546
isophon,142,3,1500.0,-1.0958814494284326
isophon,142,3,2000.0,-2.9553306292748047
isophon,142,3,3000.0,0.6764702188288894
isophon,142,3,4000.0,-6.6236920249904045
isophon,142,3,6000.0,-4.339579513111133
isophon,142,3,8000.0,-6.727054959410381
isophon,142,4,250.0,5.193529824504665
isophon,142,4,500.0,2.3361836043706603
isophon,142,4,750.0,-2.212251080230658
isophon,142,4,1000.0,-0.6098154013556183
isophon,142,4,1500.0,-0.38674124463391024
isophon,142,4,2000.0,0.2674825702750496
isophon,142,4,3000.0,7.775420500761669
isophon,142,4,4000.0,-1.7799439168800575
isophon,142,4,6000.0,-0.443162783877213
isophon,142,4,8000.0,-8.042336631688443
isophon,142,5,250.0,5.751054726873434
isophon,142,5,500.0,2.1297596114495576
isophon,142,5,750.0,-1.8542600710441377
isophon,142,5,1000.0,4.188610775388085
isophon,142,5,1500.0,-0.3203505361606176
isophon,142,5,2000.0,-3.9398281544458484
isophon,142,5,3000.0,0.04554370742373237
isophon,142,5,4000.0,-0.8073378910213052
isophon,142,5,6000.0,3.230515308806531
isophon,142,5,8000.0,-5.977946983250945
isophon,142,6,250.0,0.5872469354784755
isophon,142,6,500.0,-0.46441447482764886
isophon,142,6,750.0,0.5325579311962088
isophon,142,6,1000.0,4.371369674775437
isophon,142,6,1500.0,0.4538552705370478
isophon,142,6,2000.0,-0.8554784707003762
isophon,142,6,3000.0,0.7294489685484962
isophon,142,6,4000.0,-1.7071836018700424
isophon,142,6,6000.0,0.021811864693802363
isophon,142,6,8000.0,-11.987244428771447
isophon,142,7,250.0,2.1231735322396332
isophon,142,7,500.0,-1.7362380810643572
isophon,142,7,750.0,-3.5699944983788185
isophon,142,7,1000.0,0.24857086802806805
isophon,142,7,1500.0,-2.553302895785194
isophon,142,7,2000.0,3.3814784121500168
isophon,142,7,3000.0,-0.1763665542930113
isophon,142,7,4000.0,-1.6797961146872495
isophon,142,7,6000.0,2.1247172403363663
isophon,142,7,8000.0,-11.123903636318445
isophon,142,8,250.0,1.6574976082471693
isophon,142,8,500.0,-0.972932451373353
isophon,142,8,750.0,-3.4729907074643904
isophon,142,8,1000.0,-1.395531486371027
isophon,142,8,1500.0,-2.651330324998426
isophon,142,8,2000.0,2.9358798680810736
isophon,142,8,3000.0,1.2906191238612195
isophon,142,8,4000.0,1.326626783019691
isophon,142,8,6000.0,2.86303010014457
isophon,142,8,8000.0,-11.58778427124021
isophon,142,9,250.0,0.49260214759169685
isophon,142,9,500.0,-1.7430177369677153
isophon,142,9,750.0,-3.884424014592213
isophon,142,9,1000.0,-2.185805327359006
isophon,142,9,1500.0,-5.097622012084571
isophon,142,9,2000.0,1.7974830851065917
isophon,142,9,3000.0,0.8069782850687517
isophon,142,9,4000.0,3.7074272796704406
isophon,142,9,6000.0,3.657531364262539
isophon,142,9,8000.0,-10.554049530029275
isophon,142,10,250.0,-3.1696855203566088
isophon,142,10,500.0,3.583696236289029
isophon,142,10,750.0,-0.23386615218377926
isophon,142,10,1000.0,2.1593430212506775
isophon,142,10,1500.0,-1.6725867039753837
isophon,142,10,2000.0,2.109572420431121
isophon,142,10,3000.0,3.3655815605205532
isophon,142,10,4000.0,-1.640766544130912
isophon,142,10,6000.0,2.120783386264236
isophon,142,10,8000.0,-9.432527160644511
isophon,143,1,250.0,-6.465441792746535
isophon,143,1,500.0,18.19436738408793
isophon,143,1,750.0,16.41540876543701
isophon,143,1,1000.0,5.6282514495831375
isophon,143,1,1500.0,11.809206315696137
isophon,143,1,2000.0,14.919485677551974
isophon,143,1,3000.0,13.946617420117178
isophon,143,1,4000.0,4.901033124838316
isophon,143,1,6000.0,-19.051704323426144
isophon,143,1,8000.0,-12.40014356514186
isophon,143,2,250.0,3.6883388329252327
isophon,143,2,500.0,-3.4774436089882244
isophon,143,2,750.0,-7.348455370304947
isophon,143,2,1000.0,-10.09231294014159
isophon,143,2,1500.0,1.2940438715279257
isophon,143,2,2000.0,6.104815925184763
isophon,143,2,3000.0,-2.4118634942502695
isophon,143,2,4000.0,4.474010841700249
isophon,143,2,6000.0,1.3073802759807762
isophon,143,2,8000.0,-13.724335928740004
isophon,143,3,250.0,5.277396821824318
isophon,143,3,500.0,0.6937460028436533
isophon,143,3,750.0,-7.0869017734906095
isophon,143,3,1000.0,-4.677250663638709
isophon,143,3,1500.0,-6.151327625971447
isophon,143,3,2000.0,8.436797444768764
isophon,143,3,3000.0,-5.948639390568928
isophon,143,3,4000.0,3.5824517573141037
isophon,143,3,6000.0,11.377998582140158
isophon,143,3,8000.0,-10.102906667442525
isophon,143,4,250.0,7.7215593019226105
isophon,143,4,500.0,8.246287842242396
isophon,143,4,750.0,2.1874160182818514
isophon,143,4,1000.0,-0.22163032926710002
isophon,143,4,1500.0,-6.122234348104982
isophon,143,4,2000.0,8.149874363545884
isophon,143,4,3000.0,-0.8111821273362523
isophon,143,4,4000.0,1.6117414194933133
isophon,143,4,6000.0,18.162828330108624
isophon,143,4,8000.0,-8.0284880989457
isophon,143,5,250.0,-0.5576300528687455
isophon,143,5,500.0,-2.9405230348447446
isophon,143,5,750.0,-5.767215861569596
isophon,143,5,1000.0,-5.664812565902594
isophon,143,5,1500.0,-11.254853474681624
isophon,143,5,2000.0,4.638785151943566
isophon,143,5,3000.0,-1.5080753434504572
isophon,143,5,4000.0,-5.147311780587685
isophon,143,5,6000.0,-2.1807743604102825
isophon,143,5,8000.0,-5.6394133829750785
isophon,143,6,250.0,1.325635031239159
isophon,143,6,500.0,-1.2116379696371098
isophon,143,6,750.0,0.251267823637491
isophon,143,6,1000.0,3.8201471556508295
isophon,143,6,1500.0,-4.088296571278079
isophon,143,6,2000.0,6.832772812730383
isophon,143,6,3000.0,-3.3447823803682724
isophon,143,6,4000.0,-3.829557978036192
isophon,143,6,6000.0,0.42805053492133993
isophon,143,6,8000.0,-11.014996094384742
isophon,143,7,250.0,2.189205490560582
isophon,143,7,500.0,-0.998330064003099
isophon,143,7,750.0,-0.5710318407773798
isophon,143,7,1000.0,1.7569031797572308
isophon,143,7,1500.0,-4.193746978047059
isophon,143,7,2000.0,2.9680807332315737
isophon,143,7,3000.0,-1.7903250208265717
isophon,143,7,4000.0,-3.896670409608575
isophon,143,7,6000.0,-0.6121051835181675
isophon,143,7,8000.0,-7.271929704646553
isophon,143,8,250.0,1.8840223924997304
isophon,143,8,500.0,0.3691505044286316
isophon,143,8,750.0,-1.9745448571281372
isophon,143,8,1000.0,2.5047369584953856
isophon,143,8,1500.0,-3.9074171434603358
isophon,143,8,2000.0,0.3766119258359737
isophon,143,8,3000.0,-6.0613626430483265
isophon,143,8,4000.0,-6.238018901548401
isophon,143,8,6000.0,-1.052892384807663
isophon,143,8,8000.0,-8.292110585140563
isophon,143,9,250.0,0.893311348670565
isophon,143,9,500.0,2.3317837579265444
isophon,143,9,750.0,-5.104171356470729
isophon,143,9,1000.0,4.478975095746051
isophon,143,9,1500.0,-2.636296472050759
isophon,143,9,2000.0,3.6250767124621888
isophon,143,9,3000.0,-5.549105598879379
isophon,143,9,4000.0,-6.583182877346687
isophon,143,9,6000.0,0.5647649319849393
isophon,143,9,8000.0,-9.557848261129323
isophon,143,10,250.0,2.9275249951303834
isophon,143,10,500.0,0.8949035000270982
isophon,143,10,750.0,-2.882246155054716
isophon,143,10,1000.0,8.679903912067417
isophon,143,10,1500.0,0.023836023114043314
isophon,143,10,2000.0,7.312000761286058
isophon,143,10,3000.0,-3.167829067552546
isophon,143,10,4000.0,-6.551549530029291
isophon,143,10,6000.0,-2.8816330354131594
isophon,143,10,8000.0,-8.971913163399009
isophon,144,1,250.0,32.784424617591036
isophon,144,1,500.0,35.11651753123361
isophon,144,1,750.0,3.7789720431887446
isophon,144,1,1000.0,1.5800724179877648
isophon,144,1,1500.0,22.128765516619794
isophon,144,1,2000.0,25.596573394308418
isophon,144,1,3000.0,-6.922116375561018
isophon,144,1,4000.0,19.871126281378398
isophon,144,1,6000.0,0.7226594219147415
isophon,144,1,8000.0,-6.507496911048797
isophon,144,2,250.0,19.064048037057113
isophon,144,2,500.0,9.979160898721048
isophon,144,2,750.0,11.079937560308284
isophon,144,2,1000.0,2.4756177410477207
isophon,144,2,1500.0,-7.588239184266463
isophon,144,2,2000.0,-5.425278816964109
isophon,144,2,3000.0,0.5556448664661957
isophon,144,2,4000.0,-2.877898357421749
isophon,144,2,6000.0,4.665422056152593
isophon,144,2,8000.0,6.816313996283213
isophon,144,3,250.0,3.0916705025875473
isophon,144,3,500.0,9.050300147915635
isophon,144,3,750.0,18.059677668016985
isophon,144,3,1000.0,3.2408513111213466
isophon,144,3,1500.0,-2.7827045020058563
isophon,144,3,2000.0,1.3298704678691564
isophon,144,3,3000.0,4.979651457503557
isophon,144,3,4000.0,-3.994942546005369
isophon,144,3,6000.0,-0.5485122162965865
isophon,144,3,8000.0,-4.695428151090681
isophon,144,4,250.0,11.889150841368362
isophon,144,4,500.0,5.588334925411658
isophon,144,4,750.0,8.319487030772322
isophon,144,4,1000.0,5.986816238776861
isophon,144,4,1500.0,0.6854865556419654
isophon,144,4,2000.0,4.779504841638818
isophon,144,4,3000.0,11.907513312346495
isophon,144,4,4000.0,6.863305289178236
isophon,144,4,6000.0,9.283326171626058
isophon,144,4,8000.0,1.676351710359512
isophon,144,5,250.0,1.5782529543291162
isophon,144,5,500.0,7.467500929867356
isophon,144,5,750.0,-1.610300697130242
isophon,144,5,1000.0,-0.3090441697790993
isophon,144,5,1500.0,-0.8919557043779633
isophon,144,5,2000.0,3.7869124993204366
isophon,144,5,3000.0,6.500323893990185
isophon,144,5,4000.0,0.540928361188719
isophon,144,5,6000.0,1.1726642411405521
isophon,144,5,8000.0,-11.994942151185967
isophon,144,6,250.0,-10.557940170249466
isophon,144,6,500.0,4.977694030324471
isophon,144,6,750.0,-4.845107400977355
isophon,144,6,1000.0,-3.4988966171647746
isophon,144,6,1500.0,-0.0910287462065753
isophon,144,6,2000.0,5.433251037838829
isophon,144,6,3000.0,6.094201227181841
isophon,144,6,4000.0,2.1962405600299064
isophon,144,6,6000.0,-2.919998745491654
isophon,144,6,8000.0,-9.17441555539655
isophon,144,7,250.0,-4.613787400935266
isophon,144,7,500.0,-11.066260382209038
isophon,144,7,750.0,-9.910968308845938
isophon,144,7,1000.0,-12.473742793575866
isophon,144,7,1500.0,-9.32416332304814
isophon,144,7,2000.0,8.166588811711478
isophon,144,7,3000.0,-1.4435580733424445
isophon,144,7,4000.0,-8.241792008230462
isophon,144,7,6000.0,-6.313865272396512
isophon,144,7,8000.0,-5.570626657676854
isophon,144,8,250.0,-1.9682934739333149
isophon,144,8,500.0,-6.033043003497056
isophon,144,8,750.0,-4.09754833851575
isophon,144,8,1000.0,-9.27511604790486
isophon,144,8,1500.0,-6.4511784693059155
isophon,144,8,2000.0,2.8315716136959566
isophon,144,8,3000.0,-1.4118777760738936
isophon,144,8,4000.0,-3.4584744769172744
isophon,144,8,6000.0,-6.853542557342394
isophon,144,8,8000.0,-8.824987935999204
isophon,144,9,250.0,-0.32598863384542653
isophon,144,9,500.0,-3.392026292525358
isophon,144,9,750.0,1.1070620624983434
isophon,144,9,1000.0,-8.12894887857702
isophon,144,9,1500.0,-6.653014859036006
isophon,144,9,2000.0,-2.784468814577167
isophon,144,9,3000.0,0.492687313052258
isophon,144,9,4000.0,-0.6166639728019021
isophon,144,9,6000.0,-6.178885911109106
isophon,144,9,8000.0,-11.388187637410908
isophon,144,10,250.0,0.6590705702561195
isophon,144,10,500.0,-0.4277319945589255
isophon,144,10,750.0,3.9474468298078733
isophon,144,10,1000.0,-2.2346015754879005
isophon,144,10,1500.0,-2.5813087687638188
isophon,144,10,2000.0,-2.370891386239265
isophon,144,10,3000.0,-3.152139282226557
isophon,144,10,4000.0,-2.0127299905303175
isophon,144,10,6000.0,-6.2935305716657695
isophon,144,10,8000.0,-10.57574615478515
isophon,145,1,250.0,20.795952651346852
isophon,145,1,500.0,-0.913459635385756
isophon,145,1,750.0,25.269239443014396
isophon,145,1,1000.0,17.812639698520915
isophon,145,1,1500.0,6.936273086017938
isophon,145,1,2000.0,-22.720362207241322
isophon,145,1,3000.0,7.041335625810731
isophon,145,1,4000.0,-13.087031383710723
isophon,145,1,6000.0,5.633473601252675
isophon,145,1,8000.0,-20.937185556769663
isophon,145,2,250.0,14.33365121227446
isophon,145,2,500.0,3.4182023658869767
isophon,145,2,750.0,-0.8386029412739333
isophon,145,2,1000.0,-5.667746139350875
isophon,145,2,1500.0,9.584366426392787
isophon,145,2,2000.0,-7.79520526054916
isophon,145,2,3000.0,0.24375669355816854
isophon,145,2,4000.0,-4.84420236419367
isophon,145,2,6000.0,-7.57340189021545
isophon,145,2,8000.0,-15.838894517405436
isophon,145,3,250.0,17.646862530198568
isophon,145,3,500.0,6.866167747933503
isophon,145,3,750.0,5.112092248489425
isophon,145,3,1000.0,0.507397671360529
isophon,145,3,1500.0,3.3960661625622564
isophon,145,3,2000.0,-4.831298445221833
isophon,145,3,3000.0,-0.5135776871320346
isophon,145,3,4000.0,-4.211260585102991
isophon,145,3,6000.0,-4.870491583521655
isophon,145,3,8000.0,-17.51121703699252
isophon,145,4,250.0,18.887943712242745
isophon,145,4,500.0,10.423294243162111
isophon,145,4,750.0,9.115207748800678
isophon,145,4,1000.0,6.582997676417293
isophon,145,4,1500.0,10.121608754785917
isophon,145,4,2000.0,1.3211728049721572
isophon,145,4,3000.0,4.189716022591718
isophon,145,4,4000.0,-1.157026862675437
isophon,145,4,6000.0,-3.2819774647879427
isophon,145,4,8000.0,-18.535554174464593
isophon,145,5,250.0,3.8393417444135594
isophon,145,5,500.0,-4.745141939004171
isophon,145,5,750.0,-0.28172998275056926
isophon,145,5,1000.0,-1.470139921511354
isophon,145,5,1500.0,7.419428609470707
isophon,145,5,2000.0,0.1518147835896002
isophon,145,5,3000.0,6.96097464473516
isophon,145,5,4000.0,1.4440298112335768
isophon,145,5,6000.0,-2.628465263267657
isophon,145,5,8000.0,-18.223769170010698
isophon,145,6,250.0,10.302971742010499
isophon,145,6,500.0,-3.989760364407175
isophon,145,6,750.0,0.5607036858745431
isophon,145,6,1000.0,-1.071819020528963
isophon,145,6,1500.0,5.695973886973647
isophon,145,6,2000.0,-3.7239819033693493
isophon,145,6,3000.0,6.760032870018236
isophon,145,6,4000.0,7.720704191712471
isophon,145,6,6000.0,1.5678712123085035
isophon,145,6,8000.0,-10.61155847665134
isophon,145,7,250.0,4.952402072414401
isophon,145,7,500.0,-4.259847271257314
isophon,145,7,750.0,-8.325267716296224
isophon,145,7,1000.0,-6.208576212818073
isophon,145,7,1500.0,6.45364868272047
isophon,145,7,2000.0,-8.203248921870838
isophon,145,7,3000.0,1.9182091320572567
isophon,145,7,4000.0,0.7152449626381951
isophon,145,7,6000.0,-3.3327937147604842
isophon,145,7,8000.0,-12.515097951130102
isophon,145,8,250.0,1.3855154243174894
isophon,145,8,500.0,-7.469986195161368
isophon,145,8,750.0,-9.825197409451562
isophon,145,8,1000.0,-7.75202524707629
isophon,145,8,1500.0,3.802614237372481
isophon,145,8,2000.0,-6.9121124124486215
isophon,145,8,3000.0,0.33295562390718203
isophon,145,8,4000.0,-2.9977563747355305
isophon,145,8,6000.0,-3.451762842316228
isophon,145,8,8000.0,-12.765524860440962
isophon,145,9,250.0,-2.9163830036484626
isophon,145,9,500.0,-12.959558674254367
isophon,145,9,750.0,-13.183921493732768
isophon,145,9,1000.0,-9.228049845076825
isophon,145,9,1500.0,0.998629137994314
isophon,145,9,2000.0,-7.038259251997346
isophon,145,9,3000.0,-1.2882848992073974
isophon,145,9,4000.0,0.47192840394289703
isophon,145,9,6000.0,-2.134895054635308
isophon,145,9,8000.0,-10.444716491698742
isophon,145,10,250.0,-2.377068751984112
isophon,145,10,500.0,-12.211618631465228
isophon,145,10,750.0,-10.688356237507875
isophon,145,10,1000.0,-9.65198539321554
isophon,145,10,1500.0,-3.038476470788453
isophon,145,10,2000.0,-10.41768852789545
isophon,145,10,3000.0,-4.260832782978568
isophon,145,10,4000.0,4.1709406689827375
isophon,145,10,6000.0,-0.9400885015217
isophon,145,10,8000.0,-8.317609405517103
isophon,146,1,250.0,-22.022340952333764
isophon,146,1,500.0,29.747979918953284
isophon,146,1,750.0,30.825558977200373
isophon,146,1,1000.0,26.371861823697998
isophon,146,1,1500.0,10.404152783418354
isophon,146,1,2000.0,10.455389598367901
isophon,146,1,3000.0,-14.859646547434181
isophon,146,1,4000.0,5.036963924703954
isophon,146,1,6000.0,1.7714097644105067
isophon,146,1,8000.0,16.887943412709404
isophon,146,2,250.0,-12.286682702598057
isophon,146,2,500.0,3.728702811402229
isophon,146,2,750.0,22.24036819238215
isophon,146,2,1000.0,8.770619734029907
isophon,146,2,1500.0,-8.219082301068255
isophon,146,2,2000.0,4.356889141384443
isophon,146,2,3000.0,-6.379688274803456
isophon,146,2,4000.0,-3.966828517132697
isophon,146,2,6000.0,-7.844732360921753
isophon,146,2,8000.0,9.802179082748623
isophon,146,3,250.0,-7.2907006603085165
isophon,146,3,500.0,-2.876722053294259
isophon,146,3,750.0,12.907753052812147
isophon,146,3,1000.0,-1.0476461966087527
isophon,146,3,1500.0,-10.740036904321443
isophon,146,3,2000.0,1.389739386139226
isophon,146,3,3000.0,-4.393999878553885
isophon,146,3,4000.0,-1.646855539131522
isophon,146,3,6000.0,-0.5843555288295619
isophon,146,3,8000.0,17.284865619266256
isophon,146,4,250.0,-4.439542451239305
isophon,146,4,500.0,-5.960363315959171
isophon,146,4,750.0,8.411767376978872
isophon,146,4,1000.0,-8.694355873794052
isophon,146,4,1500.0,-5.959752715770449
isophon,146,4,2000.0,5.092744323960176
isophon,146,4,3000.0,-0.4177746876893025
isophon,146,4,4000.0,-3.6736680445223584
isophon,146,4,6000.0,0.7814523412263128
isophon,146,4,8000.0,20.872479682979076
isophon,146,5,250.0,2.261605440958917
isophon,146,5,500.0,-2.425169210821224
isophon,146,5,750.0,4.941606149640592
isophon,146,5,1000.0,-3.4166457231419116
isophon,146,5,1500.0,-2.206220883344301
isophon,146,5,2000.0,8.784731112857699
isophon,146,5,3000.0,3.802464416574523
isophon,146,5,4000.0,0.8150042367684875
isophon,146,5,6000.0,5.7042273357759115
isophon,146,5,8000.0,22.485952214864795
isophon,146,6,250.0,1.1819567135389377
isophon,146,6,500.0,-3.959104966811637
isophon,146,6,750.0,1.530223508100022
isophon,146,6,1000.0,-0.727154034494319
isophon,146,6,1500.0,-0.6854515605239158
isophon,146,6,2000.0,3.0966789960978076
isophon,146,6,3000.0,-1.2531209199725595
isophon,146,6,4000.0,-2.126695990217442
isophon,146,6,6000.0,-1.689271717791982
isophon,146,6,8000.0,13.206292747596464
isophon,146,7,250.0,3.1705071987830706
isophon,146,7,500.0,-0.4715127598341837
isophon,146,7,750.0,-0.6118624629986158
isophon,146,7,1000.0,-5.305768352043117
isophon,146,7,1500.0,-1.1660253363407094
isophon,146,7,2000.0,8.773424471915732
isophon,146,7,3000.0,-2.64008266622632
isophon,146,7,4000.0,2.1982107049886395
isophon,146,7,6000.0,-1.2396090506375543
isophon,146,7,8000.0,13.702710626917238
isophon,146,8,250.0,1.746794687282332
isophon,146,8,500.0,-0.6038888697573128
isophon,146,8,750.0,-2.904635362640363
isophon,146,8,1000.0,-7.846269339915565
isophon,146,8,1500.0,-5.268906632834344
isophon,146,8,2000.0,4.180272765050944
isophon,146,8,3000.0,-1.5135181610622936
isophon,146,8,4000.0,1.5099214432494819
isophon,146,8,6000.0,-2.420802298757252
isophon,146,8,8000.0,9.569762515565031
isophon,146,9,250.0,2.8123223138643
isophon,146,9,500.0,-0.26178883984641743
isophon,146,9,750.0,-5.078561567437788
isophon,146,9,1000.0,-7.584488750671923
isophon,146,9,1500.0,-5.5228466324108325
isophon,146,9,2000.0,-0.44297281127253996
isophon,146,9,3000.0,-1.099002611112411
isophon,146,9,4000.0,2.0583814309311776
isophon,146,9,6000.0,-0.6482630687088715
isophon,146,9,8000.0,6.53833715975631
isophon,146,10,250.0,3.9479811462643397
isophon,146,10,500.0,2.6738729115216415
isophon,146,10,750.0,-4.476667485228205
isophon,146,10,1000.0,-4.42627013022549
isophon,146,10,1500.0,-2.552143326819433
isophon,146,10,2000.0,-2.3686343925282785
isophon,146,10,3000.0,-0.14655690304125812
isophon,146,10,4000.0,3.718817759905818
isophon,146,10,6000.0,1.0437606315849166
isophon,146,10,8000.0,6.971374448836826
isophon,147,1,250.0,-2.4242845560659845
isophon,147,1,500.0,13.352292130888856
isophon,147,1,750.0,6.1269151472330705
isophon,147,1,1000.0,1.9938609183624294
isophon,147,1,1500.0,9.752440846267362
isophon,147,1,2000.0,19.9731616388828
isophon,147,1,3000.0,14.854599775723123
isophon,147,1,4000.0,0.42892375389290294
isophon,147,1,6000.0,6.327630765413446
isophon,147,1,8000.0,6.903158474502504
isophon,147,2,250.0,-7.602928053520216
isophon,147,2,500.0,-8.443510525591819
isophon,147,2,750.0,-6.74432598462765
isophon,147,2,1000.0,-6.040756908526355
isophon,147,2,1500.0,5.937977245509316
isophon,147,2,2000.0,0.3421176772081225
isophon,147,2,3000.0,2.665909942965932
isophon,147,2,4000.0,-8.605539362965246
isophon,147,2,6000.0,-3.9808278606094945
isophon,147,2,8000.0,2.164214837895912
isophon,147,3,250.0,-5.794661862541389
isophon,147,3,500.0,-3.1300864271133833
isophon,147,3,750.0,-3.522949277712442
isophon,147,3,1000.0,0.9656865766849023
isophon,147,3,1500.0,1.4309725093843895
isophon,147,3,2000.0,1.859512644447804
isophon,147,3,3000.0,4.163676297632705
isophon,147,3,4000.0,-6.304135888280953
isophon,147,3,6000.0,-8.494197250319928
isophon,147,3,8000.0,-3.734416095627793
isophon,147,4,250.0,-5.718633660593724
isophon,147,4,500.0,-4.752628951045153
isophon,147,4,750.0,-9.247342029829213
isophon,147,4,1000.0,0.5539835206874102
isophon,147,4,1500.0,-0.9971641867160912
isophon,147,4,2000.0,4.956287994436366
isophon,147,4,3000.0,4.789395815866882
isophon,147,4,4000.0,-2.624980723341409
isophon,147,4,6000.0,-2.2353541501211396
isophon,147,4,8000.0,0.18459923936357825
isophon,147,5,250.0,-0.17900902680466402
isophon,147,5,500.0,0.7131340356436056
isophon,147,5,750.0,-7.717599787087238
isophon,147,5,1000.0,1.3688126877347173
isophon,147,5,1500.0,-4.222872253571467
isophon,147,5,2000.0,-0.045696550147596326
isophon,147,5,3000.0,-6.183797036628491
isophon,147,5,4000.0,-9.245114967012313
isophon,147,5,6000.0,0.7308229292976023
isophon,147,5,8000.0,-6.359903301359807
isophon,147,6,250.0,1.6093194422462034
isophon,147,6,500.0,3.7323030597979567
isophon,147,6,750.0,-7.210002954813547
isophon,147,6,1000.0,-1.873770619031717
isophon,147,6,1500.0,0.07302829792227783
isophon,147,6,2000.0,0.6722594563644293
isophon,147,6,3000.0,-2.35821166096477
isophon,147,6,4000.0,-3.4226736917576943
isophon,147,6,6000.0,2.3038748444472503
isophon,147,6,8000.0,-14.564880766248734
isophon,147,7,250.0,-0.8477024795056707
isophon,147,7,500.0,-4.749638676476792
isophon,147,7,750.0,-9.059522552490236
isophon,147,7,1000.0,-3.433495961189479
isophon,147,7,1500.0,1.5566250800042525
isophon,147,7,2000.0,2.049767740430525
isophon,147,7,3000.0,-0.9317516991903148
isophon,147,7,4000.0,-1.5191060136551755
isophon,147,7,6000.0,1.0481550907980903
isophon,147,7,8000.0,-12.636023496961627
isophon,147,8,250.0,-3.3813141550547954
isophon,147,8,500.0,-1.5444393260335545
isophon,147,8,750.0,-5.960285644531254
isophon,147,8,1000.0,-0.0771072152630552
isophon,147,8,1500.0,3.693552264355958
isophon,147,8,2000.0,3.360046174400523
isophon,147,8,3000.0,1.4658654722021396
isophon,147,8,4000.0,-0.5123856890264165
isophon,147,8,6000.0,2.567433242100961
isophon,147,8,8000.0,-13.584091644287113
isophon,147,9,250.0,-4.821191832200725
isophon,147,9,500.0,0.4746726696144492
isophon,147,9,750.0,-3.4132147216796938
isophon,147,9,1000.0,0.9251777199705913
isophon,147,9,1500.0,4.8784736538279105
isophon,147,9,2000.0,4.415889572758161
isophon,147,9,3000.0,3.169003685129084
isophon,147,9,4000.0,0.09243581333798545
isophon,147,9,6000.0,2.0266049278633176
isophon,147,9,8000.0,-11.343409576416022
isophon,147,10,250.0,-4.325780487060541
isophon,147,10,500.0,0.02586125472359413
isophon,147,10,750.0,-2.4119506835937443
isophon,147,10,1000.0,1.6586076989205054
isophon,147,10,1500.0,6.094965706448903
isophon,147,10,2000.0,6.092752870625617
isophon,147,10,3000.0,-0.4477583353532566
isophon,147,10,4000.0,0.06939413461168442
isophon,147,10,6000.0,3.3334911644341645
isophon,147,10,8000.0,-7.747056579589838
isophon,148,1,250.0,-6.416735759474562
isophon,148,1,500.0,-5.624586577602319
isophon,148,1,750.0,-0.36587523375438025
isophon,148,1,1000.0,0.11580349621549857
isophon,148,1,1500.0,6.166086560733124
isophon,148,1,2000.0,-11.545167545249974
isophon,148,1,3000.0,8.494677486725632
isophon,148,1,4000.0,-6.18675398986387
isophon,148,1,6000.0,-7.632355787826441
isophon,148,1,8000.0,-9.47378835295936
isophon,148,2,250.0,-7.564646304483404
isophon,148,2,500.0,-10.543166855433881
isophon,148,2,750.0,9.922157802822817
isophon,148,2,1000.0,-4.839695194056425
isophon,148,2,1500.0,1.8184656573572227
isophon,148,2,2000.0,-5.4195740971956425
isophon,148,2,3000.0,3.511201836731246
isophon,148,2,4000.0,-6.406104295393028
isophon,148,2,6000.0,-2.9262878680010047
isophon,148,2,8000.0,7.372548633970631
isophon,148,3,250.0,-5.073355981019631
isophon,148,3,500.0,-6.474400443020883
isophon,148,3,750.0,10.214947863629895
isophon,148,3,1000.0,-2.6487983001867974
isophon,148,3,1500.0,5.0888348168004995
isophon,148,3,2000.0,2.1264096465176436
isophon,148,3,3000.0,4.981923958353299
isophon,148,3,4000.0,-2.7398502548789025
isophon,148,3,6000.0,5.42405646556589
isophon,148,3,8000.0,16.118025636674922
isophon,148,4,250.0,-0.213943386502919
isophon,148,4,500.0,-6.304605357152084
isophon,148,4,750.0,7.051258746915913
isophon,148,4,1000.0,-5.300648210902182
isophon,148,4,1500.0,0.0985757741040274
isophon,148,4,2000.0,10.018746357405249
isophon,148,4,3000.0,3.100137817259963
isophon,148,4,4000.0,-0.40678308894854354
isophon,148,4,6000.0,4.342144658841917
isophon,148,4,8000.0,15.662600685817978
isophon,148,5,250.0,5.1673769259356135
isophon,148,5,500.0,-3.9965886000113215
isophon,148,5,750.0,8.550157163140256
isophon,148,5,1000.0,-1.9626035868458729
isophon,148,5,1500.0,1.412762546734001
isophon,148,5,2000.0,7.84604207235094
isophon,148,5,3000.0,6.945118065142779
isophon,148,5,4000.0,-1.826025818242286
isophon,148,5,6000.0,2.7801158452855788
isophon,148,5,8000.0,10.129664263085218
isophon,148,6,250.0,-3.2045726810154918
isophon,148,6,500.0,4.051428939049899
isophon,148,6,750.0,13.167727599960742
isophon,148,6,1000.0,-1.0600244249355342
isophon,148,6,1500.0,-6.635463584028443
isophon,148,6,2000.0,-5.711307588738052
isophon,148,6,3000.0,7.577227222669876
isophon,148,6,4000.0,-6.286792018947125
isophon,148,6,6000.0,2.418835742606646
isophon,148,6,8000.0,13.790799031323132
isophon,148,7,250.0,-2.875544155822837
isophon,148,7,500.0,6.095967816261009
isophon,148,7,750.0,17.00083701235151
isophon,148,7,1000.0,-1.5223975525946258
isophon,148,7,1500.0,-5.316594898215882
isophon,148,7,2000.0,-6.210300290752102
isophon,148,7,3000.0,9.990223119746688
isophon,148,7,4000.0,-1.5045008886575744
isophon,148,7,6000.0,4.951598828750818
isophon,148,7,8000.0,15.998454205182085
isophon,148,8,250.0,-1.4224611411684123
isophon,148,8,500.0,4.5614745413995905
isophon,148,8,750.0,14.91172011842859
isophon,148,8,1000.0,-3.1185942441508985
isophon,148,8,1500.0,-3.6204416982201906
isophon,148,8,2000.0,-7.056160692871998
isophon,148,8,3000.0,9.459708943098036
isophon,148,8,4000.0,-3.41531024476231
isophon,148,8,6000.0,4.913068745865104
isophon,148,8,8000.0,18.11213737168599
isophon,148,9,250.0,-1.124600014997398
isophon,148,9,500.0,5.598778425705092
isophon,148,9,750.0,12.475612727819723
isophon,148,9,1000.0,-2.9146645774313384
isophon,148,9,1500.0,-1.2650292797351455
isophon,148,9,2000.0,-6.627370697141217
isophon,148,9,3000.0,-3.355178266914777
isophon,148,9,4000.0,-5.628344117193421
isophon,148,9,6000.0,3.357086136870464
isophon,148,9,8000.0,19.848150250103956
isophon,148,10,250.0,-1.452519551488237
isophon,148,10,500.0,-1.6963886793638494
isophon,148,10,750.0,10.832512766969629
isophon,148,10,1000.0,-5.404693048568333
isophon,148,10,1500.0,-6.380770803371206
isophon,148,10,2000.0,-7.354494983322809
isophon,148,10,3000.0,0.37570258861367734
isophon,148,10,4000.0,-9.193266284373635
isophon,148,10,6000.0,-2.1702530931128052
isophon,148,10,8000.0,16.12685147982009
